epoch,step,train_loss,val_CRPS,val_CRPS-Sum,val_MASE,val_MSE,val_MSE-Sum,val_ND,val_ND-Sum,val_NRMSE,val_NRMSE-Sum,val_norm_CRPS,val_norm_CRPS-Sum,val_norm_MASE,val_norm_MSE,val_norm_MSE-Sum,val_norm_ND,val_norm_ND-Sum,val_norm_NRMSE,val_norm_NRMSE-Sum,val_norm_weighted_ND,val_norm_weighted_ND-Sum,val_weighted_ND,val_weighted_ND-Sum
0,0,3.901398181915283,,,,,,,,,,,,,,,,,,,,,,
0,1,2.878671884536743,,,,,,,,,,,,,,,,,,,,,,
0,2,3.9165191650390625,,,,,,,,,,,,,,,,,,,,,,
0,3,2.7962567806243896,,,,,,,,,,,,,,,,,,,,,,
0,4,2.4530029296875,,,,,,,,,,,,,,,,,,,,,,
0,5,2.719693899154663,,,,,,,,,,,,,,,,,,,,,,
0,6,2.3693599700927734,,,,,,,,,,,,,,,,,,,,,,
0,7,2.511251211166382,,,,,,,,,,,,,,,,,,,,,,
0,8,2.3936073780059814,,,,,,,,,,,,,,,,,,,,,,
0,9,2.4628214836120605,,,,,,,,,,,,,,,,,,,,,,
0,10,2.7760279178619385,,,,,,,,,,,,,,,,,,,,,,
0,11,2.2837655544281006,,,,,,,,,,,,,,,,,,,,,,
0,12,2.3199708461761475,,,,,,,,,,,,,,,,,,,,,,
0,13,2.348705530166626,,,,,,,,,,,,,,,,,,,,,,
0,14,2.3285276889801025,,,,,,,,,,,,,,,,,,,,,,
0,15,2.311762571334839,,,,,,,,,,,,,,,,,,,,,,
0,16,2.4290006160736084,,,,,,,,,,,,,,,,,,,,,,
0,17,2.343010663986206,,,,,,,,,,,,,,,,,,,,,,
0,18,2.3232781887054443,,,,,,,,,,,,,,,,,,,,,,
0,19,2.309943914413452,,,,,,,,,,,,,,,,,,,,,,
0,20,2.1966190338134766,,,,,,,,,,,,,,,,,,,,,,
0,21,2.2454147338867188,,,,,,,,,,,,,,,,,,,,,,
0,22,2.3385229110717773,,,,,,,,,,,,,,,,,,,,,,
0,23,2.381319999694824,,,,,,,,,,,,,,,,,,,,,,
0,24,2.3123364448547363,,,,,,,,,,,,,,,,,,,,,,
0,25,2.298365354537964,,,,,,,,,,,,,,,,,,,,,,
0,26,2.3950881958007812,,,,,,,,,,,,,,,,,,,,,,
0,27,2.3883254528045654,,,,,,,,,,,,,,,,,,,,,,
0,28,2.0923912525177,,,,,,,,,,,,,,,,,,,,,,
0,29,2.267928123474121,,,,,,,,,,,,,,,,,,,,,,
0,30,2.121307611465454,,,,,,,,,,,,,,,,,,,,,,
0,31,2.098100185394287,,,,,,,,,,,,,,,,,,,,,,
0,32,2.0663812160491943,,,,,,,,,,,,,,,,,,,,,,
0,33,2.033586025238037,,,,,,,,,,,,,,,,,,,,,,
0,34,1.9998416900634766,,,,,,,,,,,,,,,,,,,,,,
0,35,2.0693142414093018,,,,,,,,,,,,,,,,,,,,,,
0,36,2.171956777572632,,,,,,,,,,,,,,,,,,,,,,
0,37,2.022820472717285,,,,,,,,,,,,,,,,,,,,,,
0,38,2.0520615577697754,,,,,,,,,,,,,,,,,,,,,,
0,39,2.2522244453430176,,,,,,,,,,,,,,,,,,,,,,
0,40,1.9637123346328735,,,,,,,,,,,,,,,,,,,,,,
0,41,1.991918921470642,,,,,,,,,,,,,,,,,,,,,,
0,42,2.134451389312744,,,,,,,,,,,,,,,,,,,,,,
0,43,2.1262459754943848,,,,,,,,,,,,,,,,,,,,,,
0,44,2.04486083984375,,,,,,,,,,,,,,,,,,,,,,
0,45,2.129932403564453,,,,,,,,,,,,,,,,,,,,,,
0,46,2.1187312602996826,,,,,,,,,,,,,,,,,,,,,,
0,47,1.9928663969039917,,,,,,,,,,,,,,,,,,,,,,
0,48,2.055079460144043,,,,,,,,,,,,,,,,,,,,,,
0,49,2.026864528656006,,,,,,,,,,,,,,,,,,,,,,
0,50,1.9930472373962402,,,,,,,,,,,,,,,,,,,,,,
0,51,1.968724250793457,,,,,,,,,,,,,,,,,,,,,,
0,52,1.8476027250289917,,,,,,,,,,,,,,,,,,,,,,
0,53,1.955942988395691,,,,,,,,,,,,,,,,,,,,,,
0,54,1.8735859394073486,,,,,,,,,,,,,,,,,,,,,,
0,55,2.028782606124878,,,,,,,,,,,,,,,,,,,,,,
0,56,1.994385838508606,,,,,,,,,,,,,,,,,,,,,,
0,57,2.0172598361968994,,,,,,,,,,,,,,,,,,,,,,
0,58,1.9044914245605469,,,,,,,,,,,,,,,,,,,,,,
0,59,1.8492273092269897,,,,,,,,,,,,,,,,,,,,,,
0,60,2.0007081031799316,,,,,,,,,,,,,,,,,,,,,,
0,61,2.0288407802581787,,,,,,,,,,,,,,,,,,,,,,
0,62,1.8795714378356934,,,,,,,,,,,,,,,,,,,,,,
0,63,1.967513084411621,,,,,,,,,,,,,,,,,,,,,,
0,64,1.9023840427398682,,,,,,,,,,,,,,,,,,,,,,
0,65,1.8657817840576172,,,,,,,,,,,,,,,,,,,,,,
0,66,1.906714916229248,,,,,,,,,,,,,,,,,,,,,,
0,67,1.9012848138809204,,,,,,,,,,,,,,,,,,,,,,
0,68,1.9641634225845337,,,,,,,,,,,,,,,,,,,,,,
0,69,1.9110217094421387,,,,,,,,,,,,,,,,,,,,,,
0,70,1.8219578266143799,,,,,,,,,,,,,,,,,,,,,,
0,71,1.857956051826477,,,,,,,,,,,,,,,,,,,,,,
0,72,1.7155370712280273,,,,,,,,,,,,,,,,,,,,,,
0,73,2.0739693641662598,,,,,,,,,,,,,,,,,,,,,,
0,74,1.8646631240844727,,,,,,,,,,,,,,,,,,,,,,
0,75,1.9821559190750122,,,,,,,,,,,,,,,,,,,,,,
0,76,1.8147764205932617,,,,,,,,,,,,,,,,,,,,,,
0,77,1.9049235582351685,,,,,,,,,,,,,,,,,,,,,,
0,78,1.8273266553878784,,,,,,,,,,,,,,,,,,,,,,
0,79,1.815988302230835,,,,,,,,,,,,,,,,,,,,,,
0,80,1.9239223003387451,,,,,,,,,,,,,,,,,,,,,,
0,81,1.7659401893615723,,,,,,,,,,,,,,,,,,,,,,
0,82,1.8416959047317505,,,,,,,,,,,,,,,,,,,,,,
0,83,1.754257321357727,,,,,,,,,,,,,,,,,,,,,,
0,84,1.7650529146194458,,,,,,,,,,,,,,,,,,,,,,
0,85,1.7898467779159546,,,,,,,,,,,,,,,,,,,,,,
0,86,1.8297929763793945,,,,,,,,,,,,,,,,,,,,,,
0,87,1.938197374343872,,,,,,,,,,,,,,,,,,,,,,
0,88,1.898811936378479,,,,,,,,,,,,,,,,,,,,,,
0,89,1.7730622291564941,,,,,,,,,,,,,,,,,,,,,,
0,90,1.8328399658203125,,,,,,,,,,,,,,,,,,,,,,
0,91,1.8142759799957275,,,,,,,,,,,,,,,,,,,,,,
0,92,1.7968840599060059,,,,,,,,,,,,,,,,,,,,,,
0,93,1.8747682571411133,,,,,,,,,,,,,,,,,,,,,,
0,94,1.712980031967163,,,,,,,,,,,,,,,,,,,,,,
0,95,1.8705756664276123,,,,,,,,,,,,,,,,,,,,,,
0,96,1.7817314863204956,,,,,,,,,,,,,,,,,,,,,,
0,97,1.8812217712402344,,,,,,,,,,,,,,,,,,,,,,
0,98,1.7058216333389282,,,,,,,,,,,,,,,,,,,,,,
0,99,1.684762716293335,,,,,,,,,,,,,,,,,,,,,,
0,99,,0.2842280864715576,0.2129596769809723,1.4939115047454834,9.763762474060059,118.12855529785156,0.3651217222213745,0.28252410888671875,0.5620197057723999,0.3441951274871826,0.5891327857971191,0.6073771715164185,1.4939113855361938,0.8934226036071777,11.91763687133789,0.7414395809173584,0.8101658821105957,1.0078177452087402,0.9534717202186584,0.7414395809173584,0.8101658821105957,0.3651217222213745,0.28252410888671875
1,100,2.146611452102661,,,,,,,,,,,,,,,,,,,,,,
1,101,2.005585193634033,,,,,,,,,,,,,,,,,,,,,,
1,102,1.8596347570419312,,,,,,,,,,,,,,,,,,,,,,
1,103,1.8442704677581787,,,,,,,,,,,,,,,,,,,,,,
1,104,1.8940471410751343,,,,,,,,,,,,,,,,,,,,,,
1,105,1.776466965675354,,,,,,,,,,,,,,,,,,,,,,
1,106,1.7961947917938232,,,,,,,,,,,,,,,,,,,,,,
1,107,1.8074871301651,,,,,,,,,,,,,,,,,,,,,,
1,108,1.7881922721862793,,,,,,,,,,,,,,,,,,,,,,
1,109,1.8016371726989746,,,,,,,,,,,,,,,,,,,,,,
1,110,1.6801010370254517,,,,,,,,,,,,,,,,,,,,,,
1,111,1.7546279430389404,,,,,,,,,,,,,,,,,,,,,,
1,112,1.7499048709869385,,,,,,,,,,,,,,,,,,,,,,
1,113,1.7300320863723755,,,,,,,,,,,,,,,,,,,,,,
1,114,1.8540830612182617,,,,,,,,,,,,,,,,,,,,,,
1,115,1.7911587953567505,,,,,,,,,,,,,,,,,,,,,,
1,116,1.5816248655319214,,,,,,,,,,,,,,,,,,,,,,
1,117,1.7517212629318237,,,,,,,,,,,,,,,,,,,,,,
1,118,1.6930280923843384,,,,,,,,,,,,,,,,,,,,,,
1,119,1.7867623567581177,,,,,,,,,,,,,,,,,,,,,,
1,120,1.7945072650909424,,,,,,,,,,,,,,,,,,,,,,
1,121,1.7314151525497437,,,,,,,,,,,,,,,,,,,,,,
1,122,1.789552927017212,,,,,,,,,,,,,,,,,,,,,,
1,123,1.7779335975646973,,,,,,,,,,,,,,,,,,,,,,
1,124,1.7999591827392578,,,,,,,,,,,,,,,,,,,,,,
1,125,1.725804328918457,,,,,,,,,,,,,,,,,,,,,,
1,126,1.6625800132751465,,,,,,,,,,,,,,,,,,,,,,
1,127,1.840234637260437,,,,,,,,,,,,,,,,,,,,,,
1,128,1.6854671239852905,,,,,,,,,,,,,,,,,,,,,,
1,129,1.8227131366729736,,,,,,,,,,,,,,,,,,,,,,
1,130,1.716523289680481,,,,,,,,,,,,,,,,,,,,,,
1,131,1.6689164638519287,,,,,,,,,,,,,,,,,,,,,,
1,132,1.8179666996002197,,,,,,,,,,,,,,,,,,,,,,
1,133,1.701299786567688,,,,,,,,,,,,,,,,,,,,,,
1,134,1.690373420715332,,,,,,,,,,,,,,,,,,,,,,
1,135,1.7277302742004395,,,,,,,,,,,,,,,,,,,,,,
1,136,1.815993070602417,,,,,,,,,,,,,,,,,,,,,,
1,137,1.789920687675476,,,,,,,,,,,,,,,,,,,,,,
1,138,1.7051620483398438,,,,,,,,,,,,,,,,,,,,,,
1,139,1.9051228761672974,,,,,,,,,,,,,,,,,,,,,,
1,140,1.8088006973266602,,,,,,,,,,,,,,,,,,,,,,
1,141,1.7981642484664917,,,,,,,,,,,,,,,,,,,,,,
1,142,1.7691495418548584,,,,,,,,,,,,,,,,,,,,,,
1,143,1.5866100788116455,,,,,,,,,,,,,,,,,,,,,,
1,144,1.67759108543396,,,,,,,,,,,,,,,,,,,,,,
1,145,1.6220437288284302,,,,,,,,,,,,,,,,,,,,,,
1,146,1.767738938331604,,,,,,,,,,,,,,,,,,,,,,
1,147,1.6904406547546387,,,,,,,,,,,,,,,,,,,,,,
1,148,1.6015808582305908,,,,,,,,,,,,,,,,,,,,,,
1,149,1.7413979768753052,,,,,,,,,,,,,,,,,,,,,,
1,150,1.8703677654266357,,,,,,,,,,,,,,,,,,,,,,
1,151,1.787577509880066,,,,,,,,,,,,,,,,,,,,,,
1,152,1.814939260482788,,,,,,,,,,,,,,,,,,,,,,
1,153,1.7084779739379883,,,,,,,,,,,,,,,,,,,,,,
1,154,1.6905707120895386,,,,,,,,,,,,,,,,,,,,,,
1,155,1.7862964868545532,,,,,,,,,,,,,,,,,,,,,,
1,156,1.6294794082641602,,,,,,,,,,,,,,,,,,,,,,
1,157,1.6504364013671875,,,,,,,,,,,,,,,,,,,,,,
1,158,1.56539785861969,,,,,,,,,,,,,,,,,,,,,,
1,159,1.631532907485962,,,,,,,,,,,,,,,,,,,,,,
1,160,1.730237603187561,,,,,,,,,,,,,,,,,,,,,,
1,161,1.7528936862945557,,,,,,,,,,,,,,,,,,,,,,
1,162,1.6344729661941528,,,,,,,,,,,,,,,,,,,,,,
1,163,1.7747557163238525,,,,,,,,,,,,,,,,,,,,,,
1,164,1.6617757081985474,,,,,,,,,,,,,,,,,,,,,,
1,165,1.6336294412612915,,,,,,,,,,,,,,,,,,,,,,
1,166,1.6896355152130127,,,,,,,,,,,,,,,,,,,,,,
1,167,1.6503267288208008,,,,,,,,,,,,,,,,,,,,,,
1,168,1.7260644435882568,,,,,,,,,,,,,,,,,,,,,,
1,169,1.7320996522903442,,,,,,,,,,,,,,,,,,,,,,
1,170,1.623555302619934,,,,,,,,,,,,,,,,,,,,,,
1,171,1.7444437742233276,,,,,,,,,,,,,,,,,,,,,,
1,172,1.5817023515701294,,,,,,,,,,,,,,,,,,,,,,
1,173,1.6107265949249268,,,,,,,,,,,,,,,,,,,,,,
1,174,1.730675458908081,,,,,,,,,,,,,,,,,,,,,,
1,175,1.6988067626953125,,,,,,,,,,,,,,,,,,,,,,
1,176,1.5959757566452026,,,,,,,,,,,,,,,,,,,,,,
1,177,1.5602213144302368,,,,,,,,,,,,,,,,,,,,,,
1,178,1.7360960245132446,,,,,,,,,,,,,,,,,,,,,,
1,179,1.7591664791107178,,,,,,,,,,,,,,,,,,,,,,
1,180,1.615410327911377,,,,,,,,,,,,,,,,,,,,,,
1,181,1.704323410987854,,,,,,,,,,,,,,,,,,,,,,
1,182,1.783937692642212,,,,,,,,,,,,,,,,,,,,,,
1,183,1.7509379386901855,,,,,,,,,,,,,,,,,,,,,,
1,184,1.64524507522583,,,,,,,,,,,,,,,,,,,,,,
1,185,1.6699696779251099,,,,,,,,,,,,,,,,,,,,,,
1,186,1.8736611604690552,,,,,,,,,,,,,,,,,,,,,,
1,187,1.5993465185165405,,,,,,,,,,,,,,,,,,,,,,
1,188,1.594821572303772,,,,,,,,,,,,,,,,,,,,,,
1,189,1.6541543006896973,,,,,,,,,,,,,,,,,,,,,,
1,190,1.7695752382278442,,,,,,,,,,,,,,,,,,,,,,
1,191,1.5878888368606567,,,,,,,,,,,,,,,,,,,,,,
1,192,1.6242481470108032,,,,,,,,,,,,,,,,,,,,,,
1,193,1.6452454328536987,,,,,,,,,,,,,,,,,,,,,,
1,194,1.64152991771698,,,,,,,,,,,,,,,,,,,,,,
1,195,1.6225597858428955,,,,,,,,,,,,,,,,,,,,,,
1,196,1.5388723611831665,,,,,,,,,,,,,,,,,,,,,,
1,197,1.626206398010254,,,,,,,,,,,,,,,,,,,,,,
1,198,1.5646986961364746,,,,,,,,,,,,,,,,,,,,,,
1,199,1.587250828742981,,,,,,,,,,,,,,,,,,,,,,
1,199,,0.27601683139801025,0.2122335582971573,1.4471430778503418,9.359386444091797,117.9171142578125,0.3552061915397644,0.27798616886138916,0.5490944981575012,0.3397950530052185,0.5670994520187378,0.6218199133872986,1.4471429586410522,0.8724961876869202,12.321671485900879,0.7202224731445312,0.8099912405014038,0.9914657473564148,0.9582681655883789,0.7202224731445312,0.8099912405014038,0.3552061915397644,0.27798616886138916
2,200,1.5660886764526367,,,,,,,,,,,,,,,,,,,,,,
2,201,1.4303367137908936,,,,,,,,,,,,,,,,,,,,,,
2,202,1.582680106163025,,,,,,,,,,,,,,,,,,,,,,
2,203,1.6404098272323608,,,,,,,,,,,,,,,,,,,,,,
2,204,1.744596242904663,,,,,,,,,,,,,,,,,,,,,,
2,205,1.5974236726760864,,,,,,,,,,,,,,,,,,,,,,
2,206,1.597928524017334,,,,,,,,,,,,,,,,,,,,,,
2,207,1.6876614093780518,,,,,,,,,,,,,,,,,,,,,,
2,208,1.639125108718872,,,,,,,,,,,,,,,,,,,,,,
2,209,1.6835068464279175,,,,,,,,,,,,,,,,,,,,,,
2,210,1.6233566999435425,,,,,,,,,,,,,,,,,,,,,,
2,211,1.701343297958374,,,,,,,,,,,,,,,,,,,,,,
2,212,1.6057753562927246,,,,,,,,,,,,,,,,,,,,,,
2,213,1.6450538635253906,,,,,,,,,,,,,,,,,,,,,,
2,214,1.619988203048706,,,,,,,,,,,,,,,,,,,,,,
2,215,1.5375170707702637,,,,,,,,,,,,,,,,,,,,,,
2,216,1.6524734497070312,,,,,,,,,,,,,,,,,,,,,,
2,217,1.5748034715652466,,,,,,,,,,,,,,,,,,,,,,
2,218,1.5300761461257935,,,,,,,,,,,,,,,,,,,,,,
2,219,1.5651798248291016,,,,,,,,,,,,,,,,,,,,,,
2,220,1.56100594997406,,,,,,,,,,,,,,,,,,,,,,
2,221,1.5729788541793823,,,,,,,,,,,,,,,,,,,,,,
2,222,1.5442496538162231,,,,,,,,,,,,,,,,,,,,,,
2,223,1.6160451173782349,,,,,,,,,,,,,,,,,,,,,,
2,224,1.6600732803344727,,,,,,,,,,,,,,,,,,,,,,
2,225,1.63144052028656,,,,,,,,,,,,,,,,,,,,,,
2,226,1.6383532285690308,,,,,,,,,,,,,,,,,,,,,,
2,227,1.58116614818573,,,,,,,,,,,,,,,,,,,,,,
2,228,1.5943506956100464,,,,,,,,,,,,,,,,,,,,,,
2,229,1.5740543603897095,,,,,,,,,,,,,,,,,,,,,,
2,230,1.5460164546966553,,,,,,,,,,,,,,,,,,,,,,
2,231,1.6112401485443115,,,,,,,,,,,,,,,,,,,,,,
2,232,1.535170316696167,,,,,,,,,,,,,,,,,,,,,,
2,233,1.5425851345062256,,,,,,,,,,,,,,,,,,,,,,
2,234,1.5552469491958618,,,,,,,,,,,,,,,,,,,,,,
2,235,1.5224261283874512,,,,,,,,,,,,,,,,,,,,,,
2,236,1.538390040397644,,,,,,,,,,,,,,,,,,,,,,
2,237,1.4815473556518555,,,,,,,,,,,,,,,,,,,,,,
2,238,1.4486854076385498,,,,,,,,,,,,,,,,,,,,,,
2,239,1.4479807615280151,,,,,,,,,,,,,,,,,,,,,,
2,240,1.6915504932403564,,,,,,,,,,,,,,,,,,,,,,
2,241,1.6996502876281738,,,,,,,,,,,,,,,,,,,,,,
2,242,1.5017608404159546,,,,,,,,,,,,,,,,,,,,,,
2,243,1.4823492765426636,,,,,,,,,,,,,,,,,,,,,,
2,244,1.5440802574157715,,,,,,,,,,,,,,,,,,,,,,
2,245,1.5177547931671143,,,,,,,,,,,,,,,,,,,,,,
2,246,1.5833097696304321,,,,,,,,,,,,,,,,,,,,,,
2,247,1.5959709882736206,,,,,,,,,,,,,,,,,,,,,,
2,248,1.4499199390411377,,,,,,,,,,,,,,,,,,,,,,
2,249,1.5540691614151,,,,,,,,,,,,,,,,,,,,,,
2,250,1.549773097038269,,,,,,,,,,,,,,,,,,,,,,
2,251,1.474750280380249,,,,,,,,,,,,,,,,,,,,,,
2,252,1.4706133604049683,,,,,,,,,,,,,,,,,,,,,,
2,253,1.5241361856460571,,,,,,,,,,,,,,,,,,,,,,
2,254,1.5323946475982666,,,,,,,,,,,,,,,,,,,,,,
2,255,1.5376962423324585,,,,,,,,,,,,,,,,,,,,,,
2,256,1.5788205862045288,,,,,,,,,,,,,,,,,,,,,,
2,257,1.510387659072876,,,,,,,,,,,,,,,,,,,,,,
2,258,1.540881872177124,,,,,,,,,,,,,,,,,,,,,,
2,259,1.4613912105560303,,,,,,,,,,,,,,,,,,,,,,
2,260,1.5406450033187866,,,,,,,,,,,,,,,,,,,,,,
2,261,1.6551380157470703,,,,,,,,,,,,,,,,,,,,,,
2,262,1.5773673057556152,,,,,,,,,,,,,,,,,,,,,,
2,263,1.6221421957015991,,,,,,,,,,,,,,,,,,,,,,
2,264,1.5214654207229614,,,,,,,,,,,,,,,,,,,,,,
2,265,1.5297578573226929,,,,,,,,,,,,,,,,,,,,,,
2,266,1.5537450313568115,,,,,,,,,,,,,,,,,,,,,,
2,267,1.4686205387115479,,,,,,,,,,,,,,,,,,,,,,
2,268,1.5167375802993774,,,,,,,,,,,,,,,,,,,,,,
2,269,1.5729025602340698,,,,,,,,,,,,,,,,,,,,,,
2,270,1.556169033050537,,,,,,,,,,,,,,,,,,,,,,
2,271,1.4644739627838135,,,,,,,,,,,,,,,,,,,,,,
2,272,1.5481258630752563,,,,,,,,,,,,,,,,,,,,,,
2,273,1.482211709022522,,,,,,,,,,,,,,,,,,,,,,
2,274,1.4492253065109253,,,,,,,,,,,,,,,,,,,,,,
2,275,1.5615578889846802,,,,,,,,,,,,,,,,,,,,,,
2,276,1.6162923574447632,,,,,,,,,,,,,,,,,,,,,,
2,277,1.5594056844711304,,,,,,,,,,,,,,,,,,,,,,
2,278,1.4882090091705322,,,,,,,,,,,,,,,,,,,,,,
2,279,1.4906527996063232,,,,,,,,,,,,,,,,,,,,,,
2,280,1.5002998113632202,,,,,,,,,,,,,,,,,,,,,,
2,281,1.4321686029434204,,,,,,,,,,,,,,,,,,,,,,
2,282,1.5655184984207153,,,,,,,,,,,,,,,,,,,,,,
2,283,1.514447569847107,,,,,,,,,,,,,,,,,,,,,,
2,284,1.5498104095458984,,,,,,,,,,,,,,,,,,,,,,
2,285,1.492295503616333,,,,,,,,,,,,,,,,,,,,,,
2,286,1.4688782691955566,,,,,,,,,,,,,,,,,,,,,,
2,287,1.514135718345642,,,,,,,,,,,,,,,,,,,,,,
2,288,1.4278875589370728,,,,,,,,,,,,,,,,,,,,,,
2,289,1.478837490081787,,,,,,,,,,,,,,,,,,,,,,
2,290,1.476343035697937,,,,,,,,,,,,,,,,,,,,,,
2,291,1.4302750825881958,,,,,,,,,,,,,,,,,,,,,,
2,292,1.5012867450714111,,,,,,,,,,,,,,,,,,,,,,
2,293,1.5386192798614502,,,,,,,,,,,,,,,,,,,,,,
2,294,1.4791021347045898,,,,,,,,,,,,,,,,,,,,,,
2,295,1.5479178428649902,,,,,,,,,,,,,,,,,,,,,,
2,296,1.461606740951538,,,,,,,,,,,,,,,,,,,,,,
2,297,1.5823451280593872,,,,,,,,,,,,,,,,,,,,,,
2,298,1.4669030904769897,,,,,,,,,,,,,,,,,,,,,,
2,299,1.6187851428985596,,,,,,,,,,,,,,,,,,,,,,
2,299,,0.2720813751220703,0.20775489509105682,1.422865867614746,9.164196014404297,113.74715423583984,0.35122451186180115,0.27707093954086304,0.5438380837440491,0.3365568518638611,0.555026650428772,0.5968993306159973,1.4228657484054565,0.8375504016876221,11.494845390319824,0.7053897380828857,0.7822306156158447,0.9674277901649475,0.9241927266120911,0.7053897380828857,0.7822306156158447,0.35122451186180115,0.27707093954086304
3,300,1.4867160320281982,,,,,,,,,,,,,,,,,,,,,,
3,301,1.4442789554595947,,,,,,,,,,,,,,,,,,,,,,
3,302,1.4140613079071045,,,,,,,,,,,,,,,,,,,,,,
3,303,1.4796578884124756,,,,,,,,,,,,,,,,,,,,,,
3,304,1.548902153968811,,,,,,,,,,,,,,,,,,,,,,
3,305,1.4925309419631958,,,,,,,,,,,,,,,,,,,,,,
3,306,1.4225842952728271,,,,,,,,,,,,,,,,,,,,,,
3,307,1.4578399658203125,,,,,,,,,,,,,,,,,,,,,,
3,308,1.510295033454895,,,,,,,,,,,,,,,,,,,,,,
3,309,1.4765914678573608,,,,,,,,,,,,,,,,,,,,,,
3,310,1.5107181072235107,,,,,,,,,,,,,,,,,,,,,,
3,311,1.4276354312896729,,,,,,,,,,,,,,,,,,,,,,
3,312,1.5753099918365479,,,,,,,,,,,,,,,,,,,,,,
3,313,1.4308816194534302,,,,,,,,,,,,,,,,,,,,,,
3,314,1.5939462184906006,,,,,,,,,,,,,,,,,,,,,,
3,315,1.4791343212127686,,,,,,,,,,,,,,,,,,,,,,
3,316,1.4139059782028198,,,,,,,,,,,,,,,,,,,,,,
3,317,1.4826403856277466,,,,,,,,,,,,,,,,,,,,,,
3,318,1.3391430377960205,,,,,,,,,,,,,,,,,,,,,,
3,319,1.4739845991134644,,,,,,,,,,,,,,,,,,,,,,
3,320,1.4612998962402344,,,,,,,,,,,,,,,,,,,,,,
3,321,1.420101523399353,,,,,,,,,,,,,,,,,,,,,,
3,322,1.3273770809173584,,,,,,,,,,,,,,,,,,,,,,
3,323,1.4275906085968018,,,,,,,,,,,,,,,,,,,,,,
3,324,1.457427978515625,,,,,,,,,,,,,,,,,,,,,,
3,325,1.4854483604431152,,,,,,,,,,,,,,,,,,,,,,
3,326,1.5124820470809937,,,,,,,,,,,,,,,,,,,,,,
3,327,1.46990966796875,,,,,,,,,,,,,,,,,,,,,,
3,328,1.518450140953064,,,,,,,,,,,,,,,,,,,,,,
3,329,1.3879085779190063,,,,,,,,,,,,,,,,,,,,,,
3,330,1.4496264457702637,,,,,,,,,,,,,,,,,,,,,,
3,331,1.4676991701126099,,,,,,,,,,,,,,,,,,,,,,
3,332,1.3968976736068726,,,,,,,,,,,,,,,,,,,,,,
3,333,1.4016540050506592,,,,,,,,,,,,,,,,,,,,,,
3,334,1.3911232948303223,,,,,,,,,,,,,,,,,,,,,,
3,335,1.4479491710662842,,,,,,,,,,,,,,,,,,,,,,
3,336,1.4629442691802979,,,,,,,,,,,,,,,,,,,,,,
3,337,1.4946433305740356,,,,,,,,,,,,,,,,,,,,,,
3,338,1.5198599100112915,,,,,,,,,,,,,,,,,,,,,,
3,339,1.4118772745132446,,,,,,,,,,,,,,,,,,,,,,
3,340,1.4816491603851318,,,,,,,,,,,,,,,,,,,,,,
3,341,1.4734878540039062,,,,,,,,,,,,,,,,,,,,,,
3,342,1.3873425722122192,,,,,,,,,,,,,,,,,,,,,,
3,343,1.4318561553955078,,,,,,,,,,,,,,,,,,,,,,
3,344,1.402712106704712,,,,,,,,,,,,,,,,,,,,,,
3,345,1.3854246139526367,,,,,,,,,,,,,,,,,,,,,,
3,346,1.4715889692306519,,,,,,,,,,,,,,,,,,,,,,
3,347,1.3678808212280273,,,,,,,,,,,,,,,,,,,,,,
3,348,1.5803594589233398,,,,,,,,,,,,,,,,,,,,,,
3,349,1.4517099857330322,,,,,,,,,,,,,,,,,,,,,,
3,350,1.5947867631912231,,,,,,,,,,,,,,,,,,,,,,
3,351,1.5429236888885498,,,,,,,,,,,,,,,,,,,,,,
3,352,1.3274860382080078,,,,,,,,,,,,,,,,,,,,,,
3,353,1.5073591470718384,,,,,,,,,,,,,,,,,,,,,,
3,354,1.322536587715149,,,,,,,,,,,,,,,,,,,,,,
3,355,1.3310202360153198,,,,,,,,,,,,,,,,,,,,,,
3,356,1.360113263130188,,,,,,,,,,,,,,,,,,,,,,
3,357,1.3779187202453613,,,,,,,,,,,,,,,,,,,,,,
3,358,1.4681378602981567,,,,,,,,,,,,,,,,,,,,,,
3,359,1.4221700429916382,,,,,,,,,,,,,,,,,,,,,,
3,360,1.5540566444396973,,,,,,,,,,,,,,,,,,,,,,
3,361,1.4003902673721313,,,,,,,,,,,,,,,,,,,,,,
3,362,1.580502986907959,,,,,,,,,,,,,,,,,,,,,,
3,363,1.3784054517745972,,,,,,,,,,,,,,,,,,,,,,
3,364,1.4832651615142822,,,,,,,,,,,,,,,,,,,,,,
3,365,1.5008351802825928,,,,,,,,,,,,,,,,,,,,,,
3,366,1.399843692779541,,,,,,,,,,,,,,,,,,,,,,
3,367,1.3244550228118896,,,,,,,,,,,,,,,,,,,,,,
3,368,1.4108096361160278,,,,,,,,,,,,,,,,,,,,,,
3,369,1.3737889528274536,,,,,,,,,,,,,,,,,,,,,,
3,370,1.2529199123382568,,,,,,,,,,,,,,,,,,,,,,
3,371,1.3584694862365723,,,,,,,,,,,,,,,,,,,,,,
3,372,1.4884393215179443,,,,,,,,,,,,,,,,,,,,,,
3,373,1.373030185699463,,,,,,,,,,,,,,,,,,,,,,
3,374,1.4866305589675903,,,,,,,,,,,,,,,,,,,,,,
3,375,1.44422447681427,,,,,,,,,,,,,,,,,,,,,,
3,376,1.3746992349624634,,,,,,,,,,,,,,,,,,,,,,
3,377,1.4628483057022095,,,,,,,,,,,,,,,,,,,,,,
3,378,1.4539309740066528,,,,,,,,,,,,,,,,,,,,,,
3,379,1.3819338083267212,,,,,,,,,,,,,,,,,,,,,,
3,380,1.4591323137283325,,,,,,,,,,,,,,,,,,,,,,
3,381,1.4069099426269531,,,,,,,,,,,,,,,,,,,,,,
3,382,1.3825715780258179,,,,,,,,,,,,,,,,,,,,,,
3,383,1.372157335281372,,,,,,,,,,,,,,,,,,,,,,
3,384,1.3738667964935303,,,,,,,,,,,,,,,,,,,,,,
3,385,1.3586292266845703,,,,,,,,,,,,,,,,,,,,,,
3,386,1.510059118270874,,,,,,,,,,,,,,,,,,,,,,
3,387,1.413886308670044,,,,,,,,,,,,,,,,,,,,,,
3,388,1.2818807363510132,,,,,,,,,,,,,,,,,,,,,,
3,389,1.376575231552124,,,,,,,,,,,,,,,,,,,,,,
3,390,1.3150007724761963,,,,,,,,,,,,,,,,,,,,,,
3,391,1.313325047492981,,,,,,,,,,,,,,,,,,,,,,
3,392,1.4570679664611816,,,,,,,,,,,,,,,,,,,,,,
3,393,1.505570888519287,,,,,,,,,,,,,,,,,,,,,,
3,394,1.48525869846344,,,,,,,,,,,,,,,,,,,,,,
3,395,1.35667884349823,,,,,,,,,,,,,,,,,,,,,,
3,396,1.4446262121200562,,,,,,,,,,,,,,,,,,,,,,
3,397,1.3629332780838013,,,,,,,,,,,,,,,,,,,,,,
3,398,1.441110372543335,,,,,,,,,,,,,,,,,,,,,,
3,399,1.3304243087768555,,,,,,,,,,,,,,,,,,,,,,
3,399,,0.2668897807598114,0.20788952708244324,1.4035872220993042,8.838719367980957,112.2714614868164,0.345564067363739,0.2731736898422241,0.5352203845977783,0.3342685401439667,0.5504934787750244,0.6108410954475403,1.4035871028900146,0.8228263854980469,11.45234489440918,0.7021315693855286,0.7939257025718689,0.9618110060691833,0.9337834715843201,0.7021315693855286,0.7939257025718689,0.345564067363739,0.2731736898422241
4,400,1.3511736392974854,,,,,,,,,,,,,,,,,,,,,,
4,401,1.4059696197509766,,,,,,,,,,,,,,,,,,,,,,
4,402,1.319658637046814,,,,,,,,,,,,,,,,,,,,,,
4,403,1.4142593145370483,,,,,,,,,,,,,,,,,,,,,,
4,404,1.4359099864959717,,,,,,,,,,,,,,,,,,,,,,
4,405,1.3107877969741821,,,,,,,,,,,,,,,,,,,,,,
4,406,1.2881479263305664,,,,,,,,,,,,,,,,,,,,,,
4,407,1.294356346130371,,,,,,,,,,,,,,,,,,,,,,
4,408,1.525772213935852,,,,,,,,,,,,,,,,,,,,,,
4,409,1.3767472505569458,,,,,,,,,,,,,,,,,,,,,,
4,410,1.3069912195205688,,,,,,,,,,,,,,,,,,,,,,
4,411,1.4133342504501343,,,,,,,,,,,,,,,,,,,,,,
4,412,1.3427543640136719,,,,,,,,,,,,,,,,,,,,,,
4,413,1.2661049365997314,,,,,,,,,,,,,,,,,,,,,,
4,414,1.3276174068450928,,,,,,,,,,,,,,,,,,,,,,
4,415,1.3178905248641968,,,,,,,,,,,,,,,,,,,,,,
4,416,1.3903011083602905,,,,,,,,,,,,,,,,,,,,,,
4,417,1.3668915033340454,,,,,,,,,,,,,,,,,,,,,,
4,418,1.3441739082336426,,,,,,,,,,,,,,,,,,,,,,
4,419,1.320933222770691,,,,,,,,,,,,,,,,,,,,,,
4,420,1.3041460514068604,,,,,,,,,,,,,,,,,,,,,,
4,421,1.3747048377990723,,,,,,,,,,,,,,,,,,,,,,
4,422,1.3477673530578613,,,,,,,,,,,,,,,,,,,,,,
4,423,1.4003551006317139,,,,,,,,,,,,,,,,,,,,,,
4,424,1.392714023590088,,,,,,,,,,,,,,,,,,,,,,
4,425,1.3721867799758911,,,,,,,,,,,,,,,,,,,,,,
4,426,1.3427008390426636,,,,,,,,,,,,,,,,,,,,,,
4,427,1.300957202911377,,,,,,,,,,,,,,,,,,,,,,
4,428,1.2388559579849243,,,,,,,,,,,,,,,,,,,,,,
4,429,1.4387493133544922,,,,,,,,,,,,,,,,,,,,,,
4,430,1.2927181720733643,,,,,,,,,,,,,,,,,,,,,,
4,431,1.2975882291793823,,,,,,,,,,,,,,,,,,,,,,
4,432,1.2801296710968018,,,,,,,,,,,,,,,,,,,,,,
4,433,1.3954564332962036,,,,,,,,,,,,,,,,,,,,,,
4,434,1.2979741096496582,,,,,,,,,,,,,,,,,,,,,,
4,435,1.3682397603988647,,,,,,,,,,,,,,,,,,,,,,
4,436,1.2901395559310913,,,,,,,,,,,,,,,,,,,,,,
4,437,1.3708345890045166,,,,,,,,,,,,,,,,,,,,,,
4,438,1.3381493091583252,,,,,,,,,,,,,,,,,,,,,,
4,439,1.4079176187515259,,,,,,,,,,,,,,,,,,,,,,
4,440,1.2667112350463867,,,,,,,,,,,,,,,,,,,,,,
4,441,1.3618395328521729,,,,,,,,,,,,,,,,,,,,,,
4,442,1.3302950859069824,,,,,,,,,,,,,,,,,,,,,,
4,443,1.3839634656906128,,,,,,,,,,,,,,,,,,,,,,
4,444,1.3051807880401611,,,,,,,,,,,,,,,,,,,,,,
4,445,1.2829909324645996,,,,,,,,,,,,,,,,,,,,,,
4,446,1.278489589691162,,,,,,,,,,,,,,,,,,,,,,
4,447,1.32646906375885,,,,,,,,,,,,,,,,,,,,,,
4,448,1.4618134498596191,,,,,,,,,,,,,,,,,,,,,,
4,449,1.3745137453079224,,,,,,,,,,,,,,,,,,,,,,
4,450,1.2854300737380981,,,,,,,,,,,,,,,,,,,,,,
4,451,1.383737325668335,,,,,,,,,,,,,,,,,,,,,,
4,452,1.334703803062439,,,,,,,,,,,,,,,,,,,,,,
4,453,1.5255534648895264,,,,,,,,,,,,,,,,,,,,,,
4,454,1.2552810907363892,,,,,,,,,,,,,,,,,,,,,,
4,455,1.3033418655395508,,,,,,,,,,,,,,,,,,,,,,
4,456,1.350456953048706,,,,,,,,,,,,,,,,,,,,,,
4,457,1.2718548774719238,,,,,,,,,,,,,,,,,,,,,,
4,458,1.3310505151748657,,,,,,,,,,,,,,,,,,,,,,
4,459,1.242354154586792,,,,,,,,,,,,,,,,,,,,,,
4,460,1.3859527111053467,,,,,,,,,,,,,,,,,,,,,,
4,461,1.3598943948745728,,,,,,,,,,,,,,,,,,,,,,
4,462,1.3028780221939087,,,,,,,,,,,,,,,,,,,,,,
4,463,1.251047134399414,,,,,,,,,,,,,,,,,,,,,,
4,464,1.443222165107727,,,,,,,,,,,,,,,,,,,,,,
4,465,1.3056573867797852,,,,,,,,,,,,,,,,,,,,,,
4,466,1.2719758749008179,,,,,,,,,,,,,,,,,,,,,,
4,467,1.2508598566055298,,,,,,,,,,,,,,,,,,,,,,
4,468,1.2579920291900635,,,,,,,,,,,,,,,,,,,,,,
4,469,1.2328028678894043,,,,,,,,,,,,,,,,,,,,,,
4,470,1.3530031442642212,,,,,,,,,,,,,,,,,,,,,,
4,471,1.3304688930511475,,,,,,,,,,,,,,,,,,,,,,
4,472,1.2095246315002441,,,,,,,,,,,,,,,,,,,,,,
4,473,1.3662210702896118,,,,,,,,,,,,,,,,,,,,,,
4,474,1.3501501083374023,,,,,,,,,,,,,,,,,,,,,,
4,475,1.2946438789367676,,,,,,,,,,,,,,,,,,,,,,
4,476,1.2760170698165894,,,,,,,,,,,,,,,,,,,,,,
4,477,1.3275471925735474,,,,,,,,,,,,,,,,,,,,,,
4,478,1.2486833333969116,,,,,,,,,,,,,,,,,,,,,,
4,479,1.3030325174331665,,,,,,,,,,,,,,,,,,,,,,
4,480,1.254148244857788,,,,,,,,,,,,,,,,,,,,,,
4,481,1.257116675376892,,,,,,,,,,,,,,,,,,,,,,
4,482,1.298115849494934,,,,,,,,,,,,,,,,,,,,,,
4,483,1.353628158569336,,,,,,,,,,,,,,,,,,,,,,
4,484,1.3670765161514282,,,,,,,,,,,,,,,,,,,,,,
4,485,1.4106389284133911,,,,,,,,,,,,,,,,,,,,,,
4,486,1.319606900215149,,,,,,,,,,,,,,,,,,,,,,
4,487,1.3166512250900269,,,,,,,,,,,,,,,,,,,,,,
4,488,1.2603917121887207,,,,,,,,,,,,,,,,,,,,,,
4,489,1.2352150678634644,,,,,,,,,,,,,,,,,,,,,,
4,490,1.2424482107162476,,,,,,,,,,,,,,,,,,,,,,
4,491,1.255022644996643,,,,,,,,,,,,,,,,,,,,,,
4,492,1.2443064451217651,,,,,,,,,,,,,,,,,,,,,,
4,493,1.2325350046157837,,,,,,,,,,,,,,,,,,,,,,
4,494,1.322153925895691,,,,,,,,,,,,,,,,,,,,,,
4,495,1.2689892053604126,,,,,,,,,,,,,,,,,,,,,,
4,496,1.2615469694137573,,,,,,,,,,,,,,,,,,,,,,
4,497,1.2440295219421387,,,,,,,,,,,,,,,,,,,,,,
4,498,1.250157356262207,,,,,,,,,,,,,,,,,,,,,,
4,499,1.3764946460723877,,,,,,,,,,,,,,,,,,,,,,
4,499,,0.28082695603370667,0.2132824808359146,1.4414361715316772,10.361032485961914,119.50557708740234,0.36668142676353455,0.2831476032733917,0.5791041254997253,0.3471270203590393,0.559442937374115,0.596255898475647,1.4414360523223877,0.8561933040618896,11.136211395263672,0.7205334901809692,0.778377890586853,0.9863694310188293,0.9235284328460693,0.7205334901809692,0.778377890586853,0.36668142676353455,0.2831476032733917
5,500,1.2546634674072266,,,,,,,,,,,,,,,,,,,,,,
5,501,1.1925586462020874,,,,,,,,,,,,,,,,,,,,,,
5,502,1.1620018482208252,,,,,,,,,,,,,,,,,,,,,,
5,503,1.243568778038025,,,,,,,,,,,,,,,,,,,,,,
5,504,1.2811747789382935,,,,,,,,,,,,,,,,,,,,,,
5,505,1.171617865562439,,,,,,,,,,,,,,,,,,,,,,
5,506,1.2665884494781494,,,,,,,,,,,,,,,,,,,,,,
5,507,1.2890183925628662,,,,,,,,,,,,,,,,,,,,,,
5,508,1.20603609085083,,,,,,,,,,,,,,,,,,,,,,
5,509,1.3468561172485352,,,,,,,,,,,,,,,,,,,,,,
5,510,1.3295477628707886,,,,,,,,,,,,,,,,,,,,,,
5,511,1.2830429077148438,,,,,,,,,,,,,,,,,,,,,,
5,512,1.1641629934310913,,,,,,,,,,,,,,,,,,,,,,
5,513,1.1893891096115112,,,,,,,,,,,,,,,,,,,,,,
5,514,1.180888295173645,,,,,,,,,,,,,,,,,,,,,,
5,515,1.2690507173538208,,,,,,,,,,,,,,,,,,,,,,
5,516,1.3221895694732666,,,,,,,,,,,,,,,,,,,,,,
5,517,1.222535490989685,,,,,,,,,,,,,,,,,,,,,,
5,518,1.282324194908142,,,,,,,,,,,,,,,,,,,,,,
5,519,1.179987907409668,,,,,,,,,,,,,,,,,,,,,,
5,520,1.2286405563354492,,,,,,,,,,,,,,,,,,,,,,
5,521,1.3210183382034302,,,,,,,,,,,,,,,,,,,,,,
5,522,1.2521164417266846,,,,,,,,,,,,,,,,,,,,,,
5,523,1.2761462926864624,,,,,,,,,,,,,,,,,,,,,,
5,524,1.3212714195251465,,,,,,,,,,,,,,,,,,,,,,
5,525,4.369151592254639,,,,,,,,,,,,,,,,,,,,,,
5,526,1.3839099407196045,,,,,,,,,,,,,,,,,,,,,,
5,527,1.1967113018035889,,,,,,,,,,,,,,,,,,,,,,
5,528,1.3886746168136597,,,,,,,,,,,,,,,,,,,,,,
5,529,1.2913492918014526,,,,,,,,,,,,,,,,,,,,,,
5,530,1.2515968084335327,,,,,,,,,,,,,,,,,,,,,,
5,531,1.2242580652236938,,,,,,,,,,,,,,,,,,,,,,
5,532,1.1815390586853027,,,,,,,,,,,,,,,,,,,,,,
5,533,1.2396279573440552,,,,,,,,,,,,,,,,,,,,,,
5,534,1.1905466318130493,,,,,,,,,,,,,,,,,,,,,,
5,535,1.2776708602905273,,,,,,,,,,,,,,,,,,,,,,
5,536,1.2347830533981323,,,,,,,,,,,,,,,,,,,,,,
5,537,1.254511833190918,,,,,,,,,,,,,,,,,,,,,,
5,538,1.2255724668502808,,,,,,,,,,,,,,,,,,,,,,
5,539,1.198121428489685,,,,,,,,,,,,,,,,,,,,,,
5,540,1.2950679063796997,,,,,,,,,,,,,,,,,,,,,,
5,541,1.2827707529067993,,,,,,,,,,,,,,,,,,,,,,
5,542,1.183387041091919,,,,,,,,,,,,,,,,,,,,,,
5,543,1.226667046546936,,,,,,,,,,,,,,,,,,,,,,
5,544,1.3214526176452637,,,,,,,,,,,,,,,,,,,,,,
5,545,1.2292234897613525,,,,,,,,,,,,,,,,,,,,,,
5,546,1.2335548400878906,,,,,,,,,,,,,,,,,,,,,,
5,547,1.1822071075439453,,,,,,,,,,,,,,,,,,,,,,
5,548,1.2670025825500488,,,,,,,,,,,,,,,,,,,,,,
5,549,1.2285784482955933,,,,,,,,,,,,,,,,,,,,,,
5,550,1.3065781593322754,,,,,,,,,,,,,,,,,,,,,,
5,551,1.2000237703323364,,,,,,,,,,,,,,,,,,,,,,
5,552,1.2139270305633545,,,,,,,,,,,,,,,,,,,,,,
5,553,1.2679556608200073,,,,,,,,,,,,,,,,,,,,,,
5,554,1.201393485069275,,,,,,,,,,,,,,,,,,,,,,
5,555,1.1601803302764893,,,,,,,,,,,,,,,,,,,,,,
5,556,1.2632665634155273,,,,,,,,,,,,,,,,,,,,,,
5,557,1.2185508012771606,,,,,,,,,,,,,,,,,,,,,,
5,558,1.2973132133483887,,,,,,,,,,,,,,,,,,,,,,
5,559,1.2559382915496826,,,,,,,,,,,,,,,,,,,,,,
5,560,1.2480865716934204,,,,,,,,,,,,,,,,,,,,,,
5,561,1.3031433820724487,,,,,,,,,,,,,,,,,,,,,,
5,562,1.2583481073379517,,,,,,,,,,,,,,,,,,,,,,
5,563,1.2016021013259888,,,,,,,,,,,,,,,,,,,,,,
5,564,1.2463812828063965,,,,,,,,,,,,,,,,,,,,,,
5,565,1.2442337274551392,,,,,,,,,,,,,,,,,,,,,,
5,566,1.2441096305847168,,,,,,,,,,,,,,,,,,,,,,
5,567,1.2316190004348755,,,,,,,,,,,,,,,,,,,,,,
5,568,1.1936078071594238,,,,,,,,,,,,,,,,,,,,,,
5,569,1.1625077724456787,,,,,,,,,,,,,,,,,,,,,,
5,570,1.2039293050765991,,,,,,,,,,,,,,,,,,,,,,
5,571,1.2259907722473145,,,,,,,,,,,,,,,,,,,,,,
5,572,1.2355953454971313,,,,,,,,,,,,,,,,,,,,,,
5,573,1.1615175008773804,,,,,,,,,,,,,,,,,,,,,,
5,574,1.2182261943817139,,,,,,,,,,,,,,,,,,,,,,
5,575,1.189561128616333,,,,,,,,,,,,,,,,,,,,,,
5,576,1.2086349725723267,,,,,,,,,,,,,,,,,,,,,,
5,577,1.174972414970398,,,,,,,,,,,,,,,,,,,,,,
5,578,1.1952427625656128,,,,,,,,,,,,,,,,,,,,,,
5,579,1.2537204027175903,,,,,,,,,,,,,,,,,,,,,,
5,580,1.299928069114685,,,,,,,,,,,,,,,,,,,,,,
5,581,1.3748582601547241,,,,,,,,,,,,,,,,,,,,,,
5,582,1.2202645540237427,,,,,,,,,,,,,,,,,,,,,,
5,583,1.2674663066864014,,,,,,,,,,,,,,,,,,,,,,
5,584,1.2766518592834473,,,,,,,,,,,,,,,,,,,,,,
5,585,1.213067650794983,,,,,,,,,,,,,,,,,,,,,,
5,586,1.3357585668563843,,,,,,,,,,,,,,,,,,,,,,
5,587,1.1514967679977417,,,,,,,,,,,,,,,,,,,,,,
5,588,1.2126739025115967,,,,,,,,,,,,,,,,,,,,,,
5,589,1.2274677753448486,,,,,,,,,,,,,,,,,,,,,,
5,590,1.2622147798538208,,,,,,,,,,,,,,,,,,,,,,
5,591,1.212476134300232,,,,,,,,,,,,,,,,,,,,,,
5,592,1.1148183345794678,,,,,,,,,,,,,,,,,,,,,,
5,593,1.3134491443634033,,,,,,,,,,,,,,,,,,,,,,
5,594,1.2765265703201294,,,,,,,,,,,,,,,,,,,,,,
5,595,1.2016377449035645,,,,,,,,,,,,,,,,,,,,,,
5,596,1.1629315614700317,,,,,,,,,,,,,,,,,,,,,,
5,597,1.214991807937622,,,,,,,,,,,,,,,,,,,,,,
5,598,1.1901973485946655,,,,,,,,,,,,,,,,,,,,,,
5,599,1.2188071012496948,,,,,,,,,,,,,,,,,,,,,,
5,599,,0.275280624628067,0.21212367713451385,1.4230144023895264,9.969503402709961,119.64180755615234,0.35608476400375366,0.2778274416923523,0.5617145895957947,0.34286558628082275,0.5556414127349854,0.6007815599441528,1.4230142831802368,0.8636072278022766,11.501703262329102,0.7091063261032104,0.786642849445343,0.9757007956504822,0.9232712388038635,0.7091063261032104,0.786642849445343,0.35608476400375366,0.2778274416923523
6,600,1.1833168268203735,,,,,,,,,,,,,,,,,,,,,,
6,601,1.2052596807479858,,,,,,,,,,,,,,,,,,,,,,
6,602,1.1527748107910156,,,,,,,,,,,,,,,,,,,,,,
6,603,1.1523423194885254,,,,,,,,,,,,,,,,,,,,,,
6,604,1.2094942331314087,,,,,,,,,,,,,,,,,,,,,,
6,605,1.198534369468689,,,,,,,,,,,,,,,,,,,,,,
6,606,1.2045998573303223,,,,,,,,,,,,,,,,,,,,,,
6,607,1.2233545780181885,,,,,,,,,,,,,,,,,,,,,,
6,608,1.1937456130981445,,,,,,,,,,,,,,,,,,,,,,
6,609,1.1204952001571655,,,,,,,,,,,,,,,,,,,,,,
6,610,1.1416341066360474,,,,,,,,,,,,,,,,,,,,,,
6,611,1.2075921297073364,,,,,,,,,,,,,,,,,,,,,,
6,612,1.1832646131515503,,,,,,,,,,,,,,,,,,,,,,
6,613,1.2426494359970093,,,,,,,,,,,,,,,,,,,,,,
6,614,1.1424866914749146,,,,,,,,,,,,,,,,,,,,,,
6,615,1.1551356315612793,,,,,,,,,,,,,,,,,,,,,,
6,616,1.1992093324661255,,,,,,,,,,,,,,,,,,,,,,
6,617,1.1585129499435425,,,,,,,,,,,,,,,,,,,,,,
6,618,1.240312099456787,,,,,,,,,,,,,,,,,,,,,,
6,619,1.2102607488632202,,,,,,,,,,,,,,,,,,,,,,
6,620,1.1269993782043457,,,,,,,,,,,,,,,,,,,,,,
6,621,1.2274491786956787,,,,,,,,,,,,,,,,,,,,,,
6,622,1.1357948780059814,,,,,,,,,,,,,,,,,,,,,,
6,623,1.1804509162902832,,,,,,,,,,,,,,,,,,,,,,
6,624,1.2447952032089233,,,,,,,,,,,,,,,,,,,,,,
6,625,1.2301961183547974,,,,,,,,,,,,,,,,,,,,,,
6,626,1.2450697422027588,,,,,,,,,,,,,,,,,,,,,,
6,627,1.2479592561721802,,,,,,,,,,,,,,,,,,,,,,
6,628,1.1536986827850342,,,,,,,,,,,,,,,,,,,,,,
6,629,1.1608268022537231,,,,,,,,,,,,,,,,,,,,,,
6,630,1.2040013074874878,,,,,,,,,,,,,,,,,,,,,,
6,631,1.205772876739502,,,,,,,,,,,,,,,,,,,,,,
6,632,1.1674537658691406,,,,,,,,,,,,,,,,,,,,,,
6,633,1.1634290218353271,,,,,,,,,,,,,,,,,,,,,,
6,634,1.1741564273834229,,,,,,,,,,,,,,,,,,,,,,
6,635,1.164832353591919,,,,,,,,,,,,,,,,,,,,,,
6,636,1.1617003679275513,,,,,,,,,,,,,,,,,,,,,,
6,637,1.1886212825775146,,,,,,,,,,,,,,,,,,,,,,
6,638,1.121611475944519,,,,,,,,,,,,,,,,,,,,,,
6,639,1.2334458827972412,,,,,,,,,,,,,,,,,,,,,,
6,640,1.1395245790481567,,,,,,,,,,,,,,,,,,,,,,
6,641,1.185596227645874,,,,,,,,,,,,,,,,,,,,,,
6,642,1.2183876037597656,,,,,,,,,,,,,,,,,,,,,,
6,643,1.0695929527282715,,,,,,,,,,,,,,,,,,,,,,
6,644,1.2105332612991333,,,,,,,,,,,,,,,,,,,,,,
6,645,1.2315720319747925,,,,,,,,,,,,,,,,,,,,,,
6,646,1.1707124710083008,,,,,,,,,,,,,,,,,,,,,,
6,647,1.165444254875183,,,,,,,,,,,,,,,,,,,,,,
6,648,1.0996609926223755,,,,,,,,,,,,,,,,,,,,,,
6,649,1.1636979579925537,,,,,,,,,,,,,,,,,,,,,,
6,650,1.133466124534607,,,,,,,,,,,,,,,,,,,,,,
6,651,1.1590715646743774,,,,,,,,,,,,,,,,,,,,,,
6,652,1.1719560623168945,,,,,,,,,,,,,,,,,,,,,,
6,653,1.1314092874526978,,,,,,,,,,,,,,,,,,,,,,
6,654,1.1371880769729614,,,,,,,,,,,,,,,,,,,,,,
6,655,1.0821807384490967,,,,,,,,,,,,,,,,,,,,,,
6,656,1.087932825088501,,,,,,,,,,,,,,,,,,,,,,
6,657,1.1537338495254517,,,,,,,,,,,,,,,,,,,,,,
6,658,1.1044827699661255,,,,,,,,,,,,,,,,,,,,,,
6,659,1.103996753692627,,,,,,,,,,,,,,,,,,,,,,
6,660,1.1739567518234253,,,,,,,,,,,,,,,,,,,,,,
6,661,1.1633973121643066,,,,,,,,,,,,,,,,,,,,,,
6,662,1.0596199035644531,,,,,,,,,,,,,,,,,,,,,,
6,663,1.2812962532043457,,,,,,,,,,,,,,,,,,,,,,
6,664,1.1902879476547241,,,,,,,,,,,,,,,,,,,,,,
6,665,1.182318925857544,,,,,,,,,,,,,,,,,,,,,,
6,666,1.191529631614685,,,,,,,,,,,,,,,,,,,,,,
6,667,1.1996606588363647,,,,,,,,,,,,,,,,,,,,,,
6,668,1.086807131767273,,,,,,,,,,,,,,,,,,,,,,
6,669,1.1443955898284912,,,,,,,,,,,,,,,,,,,,,,
6,670,1.0717427730560303,,,,,,,,,,,,,,,,,,,,,,
6,671,1.1844767332077026,,,,,,,,,,,,,,,,,,,,,,
6,672,1.1215883493423462,,,,,,,,,,,,,,,,,,,,,,
6,673,1.143073558807373,,,,,,,,,,,,,,,,,,,,,,
6,674,1.0835752487182617,,,,,,,,,,,,,,,,,,,,,,
6,675,1.1245430707931519,,,,,,,,,,,,,,,,,,,,,,
6,676,1.1575530767440796,,,,,,,,,,,,,,,,,,,,,,
6,677,1.0499573945999146,,,,,,,,,,,,,,,,,,,,,,
6,678,1.2164946794509888,,,,,,,,,,,,,,,,,,,,,,
6,679,1.2089256048202515,,,,,,,,,,,,,,,,,,,,,,
6,680,1.11476731300354,,,,,,,,,,,,,,,,,,,,,,
6,681,1.1196216344833374,,,,,,,,,,,,,,,,,,,,,,
6,682,1.1453970670700073,,,,,,,,,,,,,,,,,,,,,,
6,683,1.1780455112457275,,,,,,,,,,,,,,,,,,,,,,
6,684,1.0766725540161133,,,,,,,,,,,,,,,,,,,,,,
6,685,1.1687780618667603,,,,,,,,,,,,,,,,,,,,,,
6,686,1.078744649887085,,,,,,,,,,,,,,,,,,,,,,
6,687,1.1528215408325195,,,,,,,,,,,,,,,,,,,,,,
6,688,1.1569058895111084,,,,,,,,,,,,,,,,,,,,,,
6,689,1.0703078508377075,,,,,,,,,,,,,,,,,,,,,,
6,690,1.1239705085754395,,,,,,,,,,,,,,,,,,,,,,
6,691,1.1513230800628662,,,,,,,,,,,,,,,,,,,,,,
6,692,1.13771653175354,,,,,,,,,,,,,,,,,,,,,,
6,693,1.1595098972320557,,,,,,,,,,,,,,,,,,,,,,
6,694,1.106061339378357,,,,,,,,,,,,,,,,,,,,,,
6,695,1.1299028396606445,,,,,,,,,,,,,,,,,,,,,,
6,696,1.1680470705032349,,,,,,,,,,,,,,,,,,,,,,
6,697,1.1262049674987793,,,,,,,,,,,,,,,,,,,,,,
6,698,1.080143690109253,,,,,,,,,,,,,,,,,,,,,,
6,699,1.1358155012130737,,,,,,,,,,,,,,,,,,,,,,
6,699,,0.2852697968482971,0.21588581800460815,1.4505689144134521,10.461385726928711,121.36567687988281,0.36800944805145264,0.2816470265388489,0.5749585628509521,0.34558770060539246,0.5644386410713196,0.6280917525291443,1.4505687952041626,0.8746491074562073,11.987805366516113,0.7255163192749023,0.8174669742584229,0.988251268863678,0.9584166407585144,0.7255163192749023,0.8174669742584229,0.36800944805145264,0.2816470265388489
7,700,1.044224739074707,,,,,,,,,,,,,,,,,,,,,,
7,701,1.1219316720962524,,,,,,,,,,,,,,,,,,,,,,
7,702,1.071241021156311,,,,,,,,,,,,,,,,,,,,,,
7,703,1.1962206363677979,,,,,,,,,,,,,,,,,,,,,,
7,704,1.0661054849624634,,,,,,,,,,,,,,,,,,,,,,
7,705,1.1593056917190552,,,,,,,,,,,,,,,,,,,,,,
7,706,1.1438262462615967,,,,,,,,,,,,,,,,,,,,,,
7,707,1.0725470781326294,,,,,,,,,,,,,,,,,,,,,,
7,708,1.182260513305664,,,,,,,,,,,,,,,,,,,,,,
7,709,1.1414058208465576,,,,,,,,,,,,,,,,,,,,,,
7,710,1.1264523267745972,,,,,,,,,,,,,,,,,,,,,,
7,711,1.1868340969085693,,,,,,,,,,,,,,,,,,,,,,
7,712,1.1251758337020874,,,,,,,,,,,,,,,,,,,,,,
7,713,1.1102439165115356,,,,,,,,,,,,,,,,,,,,,,
7,714,1.0747560262680054,,,,,,,,,,,,,,,,,,,,,,
7,715,1.024224877357483,,,,,,,,,,,,,,,,,,,,,,
7,716,1.0677238702774048,,,,,,,,,,,,,,,,,,,,,,
7,717,1.1649127006530762,,,,,,,,,,,,,,,,,,,,,,
7,718,1.0985363721847534,,,,,,,,,,,,,,,,,,,,,,
7,719,1.1140003204345703,,,,,,,,,,,,,,,,,,,,,,
7,720,1.1098376512527466,,,,,,,,,,,,,,,,,,,,,,
7,721,1.0943231582641602,,,,,,,,,,,,,,,,,,,,,,
7,722,1.1398459672927856,,,,,,,,,,,,,,,,,,,,,,
7,723,1.0663986206054688,,,,,,,,,,,,,,,,,,,,,,
7,724,1.0562241077423096,,,,,,,,,,,,,,,,,,,,,,
7,725,1.1731469631195068,,,,,,,,,,,,,,,,,,,,,,
7,726,1.107869029045105,,,,,,,,,,,,,,,,,,,,,,
7,727,0.9903045296669006,,,,,,,,,,,,,,,,,,,,,,
7,728,1.0655345916748047,,,,,,,,,,,,,,,,,,,,,,
7,729,1.0775678157806396,,,,,,,,,,,,,,,,,,,,,,
7,730,1.1617411375045776,,,,,,,,,,,,,,,,,,,,,,
7,731,1.1198140382766724,,,,,,,,,,,,,,,,,,,,,,
7,732,1.0956553220748901,,,,,,,,,,,,,,,,,,,,,,
7,733,1.07902193069458,,,,,,,,,,,,,,,,,,,,,,
7,734,1.0798314809799194,,,,,,,,,,,,,,,,,,,,,,
7,735,1.0802236795425415,,,,,,,,,,,,,,,,,,,,,,
7,736,1.0434614419937134,,,,,,,,,,,,,,,,,,,,,,
7,737,1.034990906715393,,,,,,,,,,,,,,,,,,,,,,
7,738,1.0324063301086426,,,,,,,,,,,,,,,,,,,,,,
7,739,1.106033205986023,,,,,,,,,,,,,,,,,,,,,,
7,740,1.0057049989700317,,,,,,,,,,,,,,,,,,,,,,
7,741,1.0802233219146729,,,,,,,,,,,,,,,,,,,,,,
7,742,1.0414282083511353,,,,,,,,,,,,,,,,,,,,,,
7,743,1.0926815271377563,,,,,,,,,,,,,,,,,,,,,,
7,744,1.0426136255264282,,,,,,,,,,,,,,,,,,,,,,
7,745,1.125888466835022,,,,,,,,,,,,,,,,,,,,,,
7,746,1.0672303438186646,,,,,,,,,,,,,,,,,,,,,,
7,747,1.0489155054092407,,,,,,,,,,,,,,,,,,,,,,
7,748,1.0659029483795166,,,,,,,,,,,,,,,,,,,,,,
7,749,1.0214335918426514,,,,,,,,,,,,,,,,,,,,,,
7,750,1.065494179725647,,,,,,,,,,,,,,,,,,,,,,
7,751,1.0835734605789185,,,,,,,,,,,,,,,,,,,,,,
7,752,1.1553547382354736,,,,,,,,,,,,,,,,,,,,,,
7,753,1.1733503341674805,,,,,,,,,,,,,,,,,,,,,,
7,754,1.0750596523284912,,,,,,,,,,,,,,,,,,,,,,
7,755,1.0270501375198364,,,,,,,,,,,,,,,,,,,,,,
7,756,1.0627471208572388,,,,,,,,,,,,,,,,,,,,,,
7,757,1.0582444667816162,,,,,,,,,,,,,,,,,,,,,,
7,758,1.0521453619003296,,,,,,,,,,,,,,,,,,,,,,
7,759,1.0412145853042603,,,,,,,,,,,,,,,,,,,,,,
7,760,1.0424203872680664,,,,,,,,,,,,,,,,,,,,,,
7,761,0.9919174313545227,,,,,,,,,,,,,,,,,,,,,,
7,762,1.0596685409545898,,,,,,,,,,,,,,,,,,,,,,
7,763,1.0580494403839111,,,,,,,,,,,,,,,,,,,,,,
7,764,1.0218294858932495,,,,,,,,,,,,,,,,,,,,,,
7,765,1.086624026298523,,,,,,,,,,,,,,,,,,,,,,
7,766,1.0123326778411865,,,,,,,,,,,,,,,,,,,,,,
7,767,1.0047192573547363,,,,,,,,,,,,,,,,,,,,,,
7,768,1.1006643772125244,,,,,,,,,,,,,,,,,,,,,,
7,769,1.218347430229187,,,,,,,,,,,,,,,,,,,,,,
7,770,1.0300062894821167,,,,,,,,,,,,,,,,,,,,,,
7,771,1.1020721197128296,,,,,,,,,,,,,,,,,,,,,,
7,772,1.0245208740234375,,,,,,,,,,,,,,,,,,,,,,
7,773,1.053609848022461,,,,,,,,,,,,,,,,,,,,,,
7,774,1.0555528402328491,,,,,,,,,,,,,,,,,,,,,,
7,775,1.0323141813278198,,,,,,,,,,,,,,,,,,,,,,
7,776,1.0467103719711304,,,,,,,,,,,,,,,,,,,,,,
7,777,1.0939034223556519,,,,,,,,,,,,,,,,,,,,,,
7,778,1.1080189943313599,,,,,,,,,,,,,,,,,,,,,,
7,779,1.069063663482666,,,,,,,,,,,,,,,,,,,,,,
7,780,1.050984501838684,,,,,,,,,,,,,,,,,,,,,,
7,781,1.0599583387374878,,,,,,,,,,,,,,,,,,,,,,
7,782,1.0829757452011108,,,,,,,,,,,,,,,,,,,,,,
7,783,1.0675162076950073,,,,,,,,,,,,,,,,,,,,,,
7,784,1.0320899486541748,,,,,,,,,,,,,,,,,,,,,,
7,785,1.1146575212478638,,,,,,,,,,,,,,,,,,,,,,
7,786,1.1140227317810059,,,,,,,,,,,,,,,,,,,,,,
7,787,1.07035493850708,,,,,,,,,,,,,,,,,,,,,,
7,788,1.0748101472854614,,,,,,,,,,,,,,,,,,,,,,
7,789,1.0915203094482422,,,,,,,,,,,,,,,,,,,,,,
7,790,1.0978972911834717,,,,,,,,,,,,,,,,,,,,,,
7,791,1.0759212970733643,,,,,,,,,,,,,,,,,,,,,,
7,792,1.0593756437301636,,,,,,,,,,,,,,,,,,,,,,
7,793,1.0749905109405518,,,,,,,,,,,,,,,,,,,,,,
7,794,1.0430245399475098,,,,,,,,,,,,,,,,,,,,,,
7,795,0.9985494613647461,,,,,,,,,,,,,,,,,,,,,,
7,796,0.9800554513931274,,,,,,,,,,,,,,,,,,,,,,
7,797,1.0255342721939087,,,,,,,,,,,,,,,,,,,,,,
7,798,1.0277622938156128,,,,,,,,,,,,,,,,,,,,,,
7,799,1.0572017431259155,,,,,,,,,,,,,,,,,,,,,,
7,799,,0.2755463421344757,0.2146519124507904,1.4274616241455078,9.747623443603516,118.06080627441406,0.3573031425476074,0.28056424856185913,0.5610162615776062,0.34248998761177063,0.5588560104370117,0.6153529286384583,1.4274616241455078,0.8497041463851929,11.674748420715332,0.7135043144226074,0.7952178716659546,0.9877277612686157,0.9385470151901245,0.7135043144226074,0.7952178716659546,0.3573031425476074,0.28056424856185913
8,800,1.0223543643951416,,,,,,,,,,,,,,,,,,,,,,
8,801,1.05441415309906,,,,,,,,,,,,,,,,,,,,,,
8,802,1.1292881965637207,,,,,,,,,,,,,,,,,,,,,,
8,803,1.1037657260894775,,,,,,,,,,,,,,,,,,,,,,
8,804,1.0313913822174072,,,,,,,,,,,,,,,,,,,,,,
8,805,1.0060044527053833,,,,,,,,,,,,,,,,,,,,,,
8,806,1.0248353481292725,,,,,,,,,,,,,,,,,,,,,,
8,807,1.041155219078064,,,,,,,,,,,,,,,,,,,,,,
8,808,1.0135492086410522,,,,,,,,,,,,,,,,,,,,,,
8,809,1.0794446468353271,,,,,,,,,,,,,,,,,,,,,,
8,810,0.9889463186264038,,,,,,,,,,,,,,,,,,,,,,
8,811,1.0348994731903076,,,,,,,,,,,,,,,,,,,,,,
8,812,1.001593828201294,,,,,,,,,,,,,,,,,,,,,,
8,813,0.9811912178993225,,,,,,,,,,,,,,,,,,,,,,
8,814,1.0366413593292236,,,,,,,,,,,,,,,,,,,,,,
8,815,1.0088224411010742,,,,,,,,,,,,,,,,,,,,,,
8,816,0.9777376651763916,,,,,,,,,,,,,,,,,,,,,,
8,817,1.0057456493377686,,,,,,,,,,,,,,,,,,,,,,
8,818,1.0106772184371948,,,,,,,,,,,,,,,,,,,,,,
8,819,0.9921442866325378,,,,,,,,,,,,,,,,,,,,,,
8,820,1.0156503915786743,,,,,,,,,,,,,,,,,,,,,,
8,821,0.9986623525619507,,,,,,,,,,,,,,,,,,,,,,
8,822,1.0298242568969727,,,,,,,,,,,,,,,,,,,,,,
8,823,1.0612428188323975,,,,,,,,,,,,,,,,,,,,,,
8,824,1.0432208776474,,,,,,,,,,,,,,,,,,,,,,
8,825,1.019116997718811,,,,,,,,,,,,,,,,,,,,,,
8,826,1.0461392402648926,,,,,,,,,,,,,,,,,,,,,,
8,827,1.0180336236953735,,,,,,,,,,,,,,,,,,,,,,
8,828,1.0113438367843628,,,,,,,,,,,,,,,,,,,,,,
8,829,0.9513938426971436,,,,,,,,,,,,,,,,,,,,,,
8,830,1.1011712551116943,,,,,,,,,,,,,,,,,,,,,,
8,831,1.020824670791626,,,,,,,,,,,,,,,,,,,,,,
8,832,1.2133923768997192,,,,,,,,,,,,,,,,,,,,,,
8,833,1.1144413948059082,,,,,,,,,,,,,,,,,,,,,,
8,834,1.0522805452346802,,,,,,,,,,,,,,,,,,,,,,
8,835,1.0727897882461548,,,,,,,,,,,,,,,,,,,,,,
8,836,1.1241466999053955,,,,,,,,,,,,,,,,,,,,,,
8,837,1.049456000328064,,,,,,,,,,,,,,,,,,,,,,
8,838,1.0075123310089111,,,,,,,,,,,,,,,,,,,,,,
8,839,1.067678689956665,,,,,,,,,,,,,,,,,,,,,,
8,840,0.9848631620407104,,,,,,,,,,,,,,,,,,,,,,
8,841,1.0352609157562256,,,,,,,,,,,,,,,,,,,,,,
8,842,1.045074462890625,,,,,,,,,,,,,,,,,,,,,,
8,843,1.0984599590301514,,,,,,,,,,,,,,,,,,,,,,
8,844,1.0859359502792358,,,,,,,,,,,,,,,,,,,,,,
8,845,1.036928653717041,,,,,,,,,,,,,,,,,,,,,,
8,846,1.0231995582580566,,,,,,,,,,,,,,,,,,,,,,
8,847,1.0064802169799805,,,,,,,,,,,,,,,,,,,,,,
8,848,1.0388100147247314,,,,,,,,,,,,,,,,,,,,,,
8,849,1.001233696937561,,,,,,,,,,,,,,,,,,,,,,
8,850,0.9754189848899841,,,,,,,,,,,,,,,,,,,,,,
8,851,1.0519150495529175,,,,,,,,,,,,,,,,,,,,,,
8,852,1.0192259550094604,,,,,,,,,,,,,,,,,,,,,,
8,853,1.0488187074661255,,,,,,,,,,,,,,,,,,,,,,
8,854,1.017430305480957,,,,,,,,,,,,,,,,,,,,,,
8,855,1.642177700996399,,,,,,,,,,,,,,,,,,,,,,
8,856,0.9971491098403931,,,,,,,,,,,,,,,,,,,,,,
8,857,1.0711750984191895,,,,,,,,,,,,,,,,,,,,,,
8,858,1.0463258028030396,,,,,,,,,,,,,,,,,,,,,,
8,859,1.0301716327667236,,,,,,,,,,,,,,,,,,,,,,
8,860,1.0085318088531494,,,,,,,,,,,,,,,,,,,,,,
8,861,0.9908180236816406,,,,,,,,,,,,,,,,,,,,,,
8,862,1.0656057596206665,,,,,,,,,,,,,,,,,,,,,,
8,863,1.0605955123901367,,,,,,,,,,,,,,,,,,,,,,
8,864,1.0275336503982544,,,,,,,,,,,,,,,,,,,,,,
8,865,1.0546640157699585,,,,,,,,,,,,,,,,,,,,,,
8,866,0.9897108674049377,,,,,,,,,,,,,,,,,,,,,,
8,867,1.0090436935424805,,,,,,,,,,,,,,,,,,,,,,
8,868,1.0747005939483643,,,,,,,,,,,,,,,,,,,,,,
8,869,1.0501829385757446,,,,,,,,,,,,,,,,,,,,,,
8,870,1.1251112222671509,,,,,,,,,,,,,,,,,,,,,,
8,871,1.0370100736618042,,,,,,,,,,,,,,,,,,,,,,
8,872,1.0433025360107422,,,,,,,,,,,,,,,,,,,,,,
8,873,1.0751214027404785,,,,,,,,,,,,,,,,,,,,,,
8,874,1.1541645526885986,,,,,,,,,,,,,,,,,,,,,,
8,875,0.9830862283706665,,,,,,,,,,,,,,,,,,,,,,
8,876,1.0039783716201782,,,,,,,,,,,,,,,,,,,,,,
8,877,1.0022755861282349,,,,,,,,,,,,,,,,,,,,,,
8,878,1.0295311212539673,,,,,,,,,,,,,,,,,,,,,,
8,879,1.0115270614624023,,,,,,,,,,,,,,,,,,,,,,
8,880,1.061768651008606,,,,,,,,,,,,,,,,,,,,,,
8,881,1.0554015636444092,,,,,,,,,,,,,,,,,,,,,,
8,882,1.0913996696472168,,,,,,,,,,,,,,,,,,,,,,
8,883,1.0020729303359985,,,,,,,,,,,,,,,,,,,,,,
8,884,1.039474606513977,,,,,,,,,,,,,,,,,,,,,,
8,885,1.0187153816223145,,,,,,,,,,,,,,,,,,,,,,
8,886,1.0508630275726318,,,,,,,,,,,,,,,,,,,,,,
8,887,1.0159633159637451,,,,,,,,,,,,,,,,,,,,,,
8,888,0.9941954016685486,,,,,,,,,,,,,,,,,,,,,,
8,889,1.0492318868637085,,,,,,,,,,,,,,,,,,,,,,
8,890,0.9630852937698364,,,,,,,,,,,,,,,,,,,,,,
8,891,1.0152616500854492,,,,,,,,,,,,,,,,,,,,,,
8,892,1.0001142024993896,,,,,,,,,,,,,,,,,,,,,,
8,893,0.9860893487930298,,,,,,,,,,,,,,,,,,,,,,
8,894,1.0442826747894287,,,,,,,,,,,,,,,,,,,,,,
8,895,0.9557631015777588,,,,,,,,,,,,,,,,,,,,,,
8,896,1.0632272958755493,,,,,,,,,,,,,,,,,,,,,,
8,897,1.0664130449295044,,,,,,,,,,,,,,,,,,,,,,
8,898,0.9579372406005859,,,,,,,,,,,,,,,,,,,,,,
8,899,0.9764097332954407,,,,,,,,,,,,,,,,,,,,,,
8,899,,0.2771415412425995,0.2145439237356186,1.450454592704773,9.645125389099121,114.69549560546875,0.35863032937049866,0.2788298726081848,0.5553286671638489,0.3386281132698059,0.5720910429954529,0.6056164503097534,1.4504544734954834,0.8774970769882202,11.533317565917969,0.7267977595329285,0.7724555134773254,0.9932808876037598,0.9165481328964233,0.7267977595329285,0.7724555134773254,0.35863032937049866,0.2788298726081848
9,900,0.98997962474823,,,,,,,,,,,,,,,,,,,,,,
9,901,1.015883207321167,,,,,,,,,,,,,,,,,,,,,,
9,902,1.0134388208389282,,,,,,,,,,,,,,,,,,,,,,
9,903,1.0645891427993774,,,,,,,,,,,,,,,,,,,,,,
9,904,1.0471409559249878,,,,,,,,,,,,,,,,,,,,,,
9,905,0.9500399827957153,,,,,,,,,,,,,,,,,,,,,,
9,906,0.9906636476516724,,,,,,,,,,,,,,,,,,,,,,
9,907,0.9818753004074097,,,,,,,,,,,,,,,,,,,,,,
9,908,1.0214271545410156,,,,,,,,,,,,,,,,,,,,,,
9,909,0.9474751949310303,,,,,,,,,,,,,,,,,,,,,,
9,910,1.0048872232437134,,,,,,,,,,,,,,,,,,,,,,
9,911,0.9420750141143799,,,,,,,,,,,,,,,,,,,,,,
9,912,0.9738999605178833,,,,,,,,,,,,,,,,,,,,,,
9,913,1.023687481880188,,,,,,,,,,,,,,,,,,,,,,
9,914,0.9843998551368713,,,,,,,,,,,,,,,,,,,,,,
9,915,0.9751657247543335,,,,,,,,,,,,,,,,,,,,,,
9,916,1.0200592279434204,,,,,,,,,,,,,,,,,,,,,,
9,917,1.0307222604751587,,,,,,,,,,,,,,,,,,,,,,
9,918,0.9459054470062256,,,,,,,,,,,,,,,,,,,,,,
9,919,1.0279713869094849,,,,,,,,,,,,,,,,,,,,,,
9,920,0.9977967739105225,,,,,,,,,,,,,,,,,,,,,,
9,921,0.9596180319786072,,,,,,,,,,,,,,,,,,,,,,
9,922,1.005070686340332,,,,,,,,,,,,,,,,,,,,,,
9,923,0.9417062401771545,,,,,,,,,,,,,,,,,,,,,,
9,924,0.9252119660377502,,,,,,,,,,,,,,,,,,,,,,
9,925,0.914789080619812,,,,,,,,,,,,,,,,,,,,,,
9,926,1.026443362236023,,,,,,,,,,,,,,,,,,,,,,
9,927,0.9680966734886169,,,,,,,,,,,,,,,,,,,,,,
9,928,0.9732101559638977,,,,,,,,,,,,,,,,,,,,,,
9,929,0.9828693270683289,,,,,,,,,,,,,,,,,,,,,,
9,930,0.9666769504547119,,,,,,,,,,,,,,,,,,,,,,
9,931,1.0244208574295044,,,,,,,,,,,,,,,,,,,,,,
9,932,0.9726686477661133,,,,,,,,,,,,,,,,,,,,,,
9,933,0.9716629385948181,,,,,,,,,,,,,,,,,,,,,,
9,934,0.9650998115539551,,,,,,,,,,,,,,,,,,,,,,
9,935,0.9612630009651184,,,,,,,,,,,,,,,,,,,,,,
9,936,0.9085943102836609,,,,,,,,,,,,,,,,,,,,,,
9,937,0.9627602696418762,,,,,,,,,,,,,,,,,,,,,,
9,938,0.98471599817276,,,,,,,,,,,,,,,,,,,,,,
9,939,0.9109060764312744,,,,,,,,,,,,,,,,,,,,,,
9,940,0.9439577460289001,,,,,,,,,,,,,,,,,,,,,,
9,941,1.0663965940475464,,,,,,,,,,,,,,,,,,,,,,
9,942,1.0148805379867554,,,,,,,,,,,,,,,,,,,,,,
9,943,1.0072705745697021,,,,,,,,,,,,,,,,,,,,,,
9,944,1.0050301551818848,,,,,,,,,,,,,,,,,,,,,,
9,945,0.9665950536727905,,,,,,,,,,,,,,,,,,,,,,
9,946,0.9652727842330933,,,,,,,,,,,,,,,,,,,,,,
9,947,0.9341292977333069,,,,,,,,,,,,,,,,,,,,,,
9,948,0.95769202709198,,,,,,,,,,,,,,,,,,,,,,
9,949,0.9661034941673279,,,,,,,,,,,,,,,,,,,,,,
9,950,0.9672768712043762,,,,,,,,,,,,,,,,,,,,,,
9,951,0.9582403302192688,,,,,,,,,,,,,,,,,,,,,,
9,952,0.9645929932594299,,,,,,,,,,,,,,,,,,,,,,
9,953,1.0560771226882935,,,,,,,,,,,,,,,,,,,,,,
9,954,0.9832097291946411,,,,,,,,,,,,,,,,,,,,,,
9,955,0.938410222530365,,,,,,,,,,,,,,,,,,,,,,
9,956,0.952351987361908,,,,,,,,,,,,,,,,,,,,,,
9,957,0.9589425921440125,,,,,,,,,,,,,,,,,,,,,,
9,958,0.9785977005958557,,,,,,,,,,,,,,,,,,,,,,
9,959,0.9645974040031433,,,,,,,,,,,,,,,,,,,,,,
9,960,0.9537968635559082,,,,,,,,,,,,,,,,,,,,,,
9,961,0.919632077217102,,,,,,,,,,,,,,,,,,,,,,
9,962,0.9327720403671265,,,,,,,,,,,,,,,,,,,,,,
9,963,0.9007464647293091,,,,,,,,,,,,,,,,,,,,,,
9,964,0.9804880023002625,,,,,,,,,,,,,,,,,,,,,,
9,965,0.9994404911994934,,,,,,,,,,,,,,,,,,,,,,
9,966,0.9478375911712646,,,,,,,,,,,,,,,,,,,,,,
9,967,0.9609950184822083,,,,,,,,,,,,,,,,,,,,,,
9,968,0.964003324508667,,,,,,,,,,,,,,,,,,,,,,
9,969,1.0249826908111572,,,,,,,,,,,,,,,,,,,,,,
9,970,0.9430896639823914,,,,,,,,,,,,,,,,,,,,,,
9,971,0.9683263301849365,,,,,,,,,,,,,,,,,,,,,,
9,972,1.0085481405258179,,,,,,,,,,,,,,,,,,,,,,
9,973,0.9954647421836853,,,,,,,,,,,,,,,,,,,,,,
9,974,0.9481970071792603,,,,,,,,,,,,,,,,,,,,,,
9,975,0.9707800149917603,,,,,,,,,,,,,,,,,,,,,,
9,976,1.0061752796173096,,,,,,,,,,,,,,,,,,,,,,
9,977,0.8772026300430298,,,,,,,,,,,,,,,,,,,,,,
9,978,0.9207944869995117,,,,,,,,,,,,,,,,,,,,,,
9,979,0.9823706746101379,,,,,,,,,,,,,,,,,,,,,,
9,980,0.907855212688446,,,,,,,,,,,,,,,,,,,,,,
9,981,0.9401018619537354,,,,,,,,,,,,,,,,,,,,,,
9,982,0.9819105863571167,,,,,,,,,,,,,,,,,,,,,,
9,983,0.9953320622444153,,,,,,,,,,,,,,,,,,,,,,
9,984,0.9317088723182678,,,,,,,,,,,,,,,,,,,,,,
9,985,0.9156495928764343,,,,,,,,,,,,,,,,,,,,,,
9,986,0.9684023261070251,,,,,,,,,,,,,,,,,,,,,,
9,987,0.9294056296348572,,,,,,,,,,,,,,,,,,,,,,
9,988,0.9385784268379211,,,,,,,,,,,,,,,,,,,,,,
9,989,0.9218645095825195,,,,,,,,,,,,,,,,,,,,,,
9,990,0.9357748031616211,,,,,,,,,,,,,,,,,,,,,,
9,991,0.9304839372634888,,,,,,,,,,,,,,,,,,,,,,
9,992,0.8808379769325256,,,,,,,,,,,,,,,,,,,,,,
9,993,0.9055774807929993,,,,,,,,,,,,,,,,,,,,,,
9,994,0.9028940796852112,,,,,,,,,,,,,,,,,,,,,,
9,995,0.9691154956817627,,,,,,,,,,,,,,,,,,,,,,
9,996,1.0158897638320923,,,,,,,,,,,,,,,,,,,,,,
9,997,0.9512903094291687,,,,,,,,,,,,,,,,,,,,,,
9,998,0.8753311038017273,,,,,,,,,,,,,,,,,,,,,,
9,999,0.9192380309104919,,,,,,,,,,,,,,,,,,,,,,
9,999,,0.29558607935905457,0.2236008644104004,1.466130256652832,10.707100868225098,129.268798828125,0.37263041734695435,0.28855136036872864,0.5885494351387024,0.3557795584201813,0.5903105139732361,0.6524916887283325,1.466130256652832,0.9124172925949097,12.874719619750977,0.7429410815238953,0.8295491337776184,1.0315346717834473,0.9796146154403687,0.7429410815238953,0.8295491337776184,0.37263041734695435,0.28855136036872864
10,1000,0.909204363822937,,,,,,,,,,,,,,,,,,,,,,
10,1001,0.9011944532394409,,,,,,,,,,,,,,,,,,,,,,
10,1002,0.8817116618156433,,,,,,,,,,,,,,,,,,,,,,
10,1003,1.008405089378357,,,,,,,,,,,,,,,,,,,,,,
10,1004,0.9256380796432495,,,,,,,,,,,,,,,,,,,,,,
10,1005,0.9733589887619019,,,,,,,,,,,,,,,,,,,,,,
10,1006,0.9451673030853271,,,,,,,,,,,,,,,,,,,,,,
10,1007,0.9830754399299622,,,,,,,,,,,,,,,,,,,,,,
10,1008,0.9688801765441895,,,,,,,,,,,,,,,,,,,,,,
10,1009,0.902619481086731,,,,,,,,,,,,,,,,,,,,,,
10,1010,0.9877495765686035,,,,,,,,,,,,,,,,,,,,,,
10,1011,0.9648610949516296,,,,,,,,,,,,,,,,,,,,,,
10,1012,0.8731687068939209,,,,,,,,,,,,,,,,,,,,,,
10,1013,0.935795783996582,,,,,,,,,,,,,,,,,,,,,,
10,1014,0.9218932390213013,,,,,,,,,,,,,,,,,,,,,,
10,1015,0.9442355632781982,,,,,,,,,,,,,,,,,,,,,,
10,1016,0.8865323066711426,,,,,,,,,,,,,,,,,,,,,,
10,1017,0.9537799954414368,,,,,,,,,,,,,,,,,,,,,,
10,1018,0.885995626449585,,,,,,,,,,,,,,,,,,,,,,
10,1019,0.9182997941970825,,,,,,,,,,,,,,,,,,,,,,
10,1020,0.8950774669647217,,,,,,,,,,,,,,,,,,,,,,
10,1021,0.940493643283844,,,,,,,,,,,,,,,,,,,,,,
10,1022,0.9444925785064697,,,,,,,,,,,,,,,,,,,,,,
10,1023,0.9541629552841187,,,,,,,,,,,,,,,,,,,,,,
10,1024,0.9183328747749329,,,,,,,,,,,,,,,,,,,,,,
10,1025,0.8889651894569397,,,,,,,,,,,,,,,,,,,,,,
10,1026,0.9307482838630676,,,,,,,,,,,,,,,,,,,,,,
10,1027,0.918326735496521,,,,,,,,,,,,,,,,,,,,,,
10,1028,0.8763576745986938,,,,,,,,,,,,,,,,,,,,,,
10,1029,0.8563812971115112,,,,,,,,,,,,,,,,,,,,,,
10,1030,0.8564695715904236,,,,,,,,,,,,,,,,,,,,,,
10,1031,0.9198675751686096,,,,,,,,,,,,,,,,,,,,,,
10,1032,0.9019969701766968,,,,,,,,,,,,,,,,,,,,,,
10,1033,0.9278589487075806,,,,,,,,,,,,,,,,,,,,,,
10,1034,0.9227694869041443,,,,,,,,,,,,,,,,,,,,,,
10,1035,0.8749628067016602,,,,,,,,,,,,,,,,,,,,,,
10,1036,0.9021337628364563,,,,,,,,,,,,,,,,,,,,,,
10,1037,0.8851995468139648,,,,,,,,,,,,,,,,,,,,,,
10,1038,0.9977689385414124,,,,,,,,,,,,,,,,,,,,,,
10,1039,0.9185878038406372,,,,,,,,,,,,,,,,,,,,,,
10,1040,0.8905072212219238,,,,,,,,,,,,,,,,,,,,,,
10,1041,0.9099519848823547,,,,,,,,,,,,,,,,,,,,,,
10,1042,0.8662317395210266,,,,,,,,,,,,,,,,,,,,,,
10,1043,0.9383770823478699,,,,,,,,,,,,,,,,,,,,,,
10,1044,0.9319143295288086,,,,,,,,,,,,,,,,,,,,,,
10,1045,0.8742102980613708,,,,,,,,,,,,,,,,,,,,,,
10,1046,0.9665201306343079,,,,,,,,,,,,,,,,,,,,,,
10,1047,0.8743879795074463,,,,,,,,,,,,,,,,,,,,,,
10,1048,0.896160364151001,,,,,,,,,,,,,,,,,,,,,,
10,1049,0.9224410057067871,,,,,,,,,,,,,,,,,,,,,,
10,1050,0.9068789482116699,,,,,,,,,,,,,,,,,,,,,,
10,1051,0.9715714454650879,,,,,,,,,,,,,,,,,,,,,,
10,1052,0.9156841039657593,,,,,,,,,,,,,,,,,,,,,,
10,1053,0.9597182869911194,,,,,,,,,,,,,,,,,,,,,,
10,1054,0.9400111436843872,,,,,,,,,,,,,,,,,,,,,,
10,1055,0.9359177947044373,,,,,,,,,,,,,,,,,,,,,,
10,1056,0.9185889363288879,,,,,,,,,,,,,,,,,,,,,,
10,1057,0.8811041712760925,,,,,,,,,,,,,,,,,,,,,,
10,1058,0.90863037109375,,,,,,,,,,,,,,,,,,,,,,
10,1059,0.9100548028945923,,,,,,,,,,,,,,,,,,,,,,
10,1060,0.8424793481826782,,,,,,,,,,,,,,,,,,,,,,
10,1061,0.9707320332527161,,,,,,,,,,,,,,,,,,,,,,
10,1062,0.8846584558486938,,,,,,,,,,,,,,,,,,,,,,
10,1063,0.9448182582855225,,,,,,,,,,,,,,,,,,,,,,
10,1064,0.8669105768203735,,,,,,,,,,,,,,,,,,,,,,
10,1065,0.8893043994903564,,,,,,,,,,,,,,,,,,,,,,
10,1066,0.9059928059577942,,,,,,,,,,,,,,,,,,,,,,
10,1067,0.9780773520469666,,,,,,,,,,,,,,,,,,,,,,
10,1068,0.9198598861694336,,,,,,,,,,,,,,,,,,,,,,
10,1069,0.8867900967597961,,,,,,,,,,,,,,,,,,,,,,
10,1070,0.9119912981987,,,,,,,,,,,,,,,,,,,,,,
10,1071,0.8650162816047668,,,,,,,,,,,,,,,,,,,,,,
10,1072,0.8888532519340515,,,,,,,,,,,,,,,,,,,,,,
10,1073,0.902127206325531,,,,,,,,,,,,,,,,,,,,,,
10,1074,0.8929779529571533,,,,,,,,,,,,,,,,,,,,,,
10,1075,0.9237829446792603,,,,,,,,,,,,,,,,,,,,,,
10,1076,0.9415411353111267,,,,,,,,,,,,,,,,,,,,,,
10,1077,0.838533341884613,,,,,,,,,,,,,,,,,,,,,,
10,1078,0.8642834424972534,,,,,,,,,,,,,,,,,,,,,,
10,1079,0.9215960502624512,,,,,,,,,,,,,,,,,,,,,,
10,1080,0.9003125429153442,,,,,,,,,,,,,,,,,,,,,,
10,1081,0.85325026512146,,,,,,,,,,,,,,,,,,,,,,
10,1082,0.8772000670433044,,,,,,,,,,,,,,,,,,,,,,
10,1083,0.9407063722610474,,,,,,,,,,,,,,,,,,,,,,
10,1084,0.9066547155380249,,,,,,,,,,,,,,,,,,,,,,
10,1085,0.9067949056625366,,,,,,,,,,,,,,,,,,,,,,
10,1086,0.908614456653595,,,,,,,,,,,,,,,,,,,,,,
10,1087,0.8244615197181702,,,,,,,,,,,,,,,,,,,,,,
10,1088,0.8934137225151062,,,,,,,,,,,,,,,,,,,,,,
10,1089,0.8832094669342041,,,,,,,,,,,,,,,,,,,,,,
10,1090,0.8277620673179626,,,,,,,,,,,,,,,,,,,,,,
10,1091,0.8674787878990173,,,,,,,,,,,,,,,,,,,,,,
10,1092,0.8419592976570129,,,,,,,,,,,,,,,,,,,,,,
10,1093,0.8349465131759644,,,,,,,,,,,,,,,,,,,,,,
10,1094,0.8422729969024658,,,,,,,,,,,,,,,,,,,,,,
10,1095,0.9172083139419556,,,,,,,,,,,,,,,,,,,,,,
10,1096,0.8908711075782776,,,,,,,,,,,,,,,,,,,,,,
10,1097,0.9856753349304199,,,,,,,,,,,,,,,,,,,,,,
10,1098,0.8844028115272522,,,,,,,,,,,,,,,,,,,,,,
10,1099,0.8923234939575195,,,,,,,,,,,,,,,,,,,,,,
10,1099,,0.2867603302001953,0.22076767683029175,1.4619783163070679,10.355646133422852,121.80492401123047,0.36956116557121277,0.284172922372818,0.5777623653411865,0.34890496730804443,0.5901928544044495,0.6342260241508484,1.4619781970977783,0.9197002649307251,11.858452796936035,0.7494816184043884,0.804202675819397,1.0336816310882568,0.9536789059638977,0.7494816184043884,0.804202675819397,0.36956116557121277,0.284172922372818
11,1100,0.908172607421875,,,,,,,,,,,,,,,,,,,,,,
11,1101,0.881899356842041,,,,,,,,,,,,,,,,,,,,,,
11,1102,0.8608556985855103,,,,,,,,,,,,,,,,,,,,,,
11,1103,0.9418354630470276,,,,,,,,,,,,,,,,,,,,,,
11,1104,0.9128679037094116,,,,,,,,,,,,,,,,,,,,,,
11,1105,0.8490781188011169,,,,,,,,,,,,,,,,,,,,,,
11,1106,0.8864322304725647,,,,,,,,,,,,,,,,,,,,,,
11,1107,0.8955240249633789,,,,,,,,,,,,,,,,,,,,,,
11,1108,0.9281992316246033,,,,,,,,,,,,,,,,,,,,,,
11,1109,0.8083147406578064,,,,,,,,,,,,,,,,,,,,,,
11,1110,0.8812437653541565,,,,,,,,,,,,,,,,,,,,,,
11,1111,0.8769592046737671,,,,,,,,,,,,,,,,,,,,,,
11,1112,0.8189544081687927,,,,,,,,,,,,,,,,,,,,,,
11,1113,0.8773342370986938,,,,,,,,,,,,,,,,,,,,,,
11,1114,0.8858801126480103,,,,,,,,,,,,,,,,,,,,,,
11,1115,0.9173162579536438,,,,,,,,,,,,,,,,,,,,,,
11,1116,0.8764835000038147,,,,,,,,,,,,,,,,,,,,,,
11,1117,0.8625326156616211,,,,,,,,,,,,,,,,,,,,,,
11,1118,0.8756968379020691,,,,,,,,,,,,,,,,,,,,,,
11,1119,0.8819302320480347,,,,,,,,,,,,,,,,,,,,,,
11,1120,0.9379774332046509,,,,,,,,,,,,,,,,,,,,,,
11,1121,0.9145061373710632,,,,,,,,,,,,,,,,,,,,,,
11,1122,0.9017583727836609,,,,,,,,,,,,,,,,,,,,,,
11,1123,0.8421008586883545,,,,,,,,,,,,,,,,,,,,,,
11,1124,0.8054524660110474,,,,,,,,,,,,,,,,,,,,,,
11,1125,0.9099321961402893,,,,,,,,,,,,,,,,,,,,,,
11,1126,0.9198269844055176,,,,,,,,,,,,,,,,,,,,,,
11,1127,0.8319624066352844,,,,,,,,,,,,,,,,,,,,,,
11,1128,0.8833383321762085,,,,,,,,,,,,,,,,,,,,,,
11,1129,0.8775666356086731,,,,,,,,,,,,,,,,,,,,,,
11,1130,0.8434382081031799,,,,,,,,,,,,,,,,,,,,,,
11,1131,0.9159510731697083,,,,,,,,,,,,,,,,,,,,,,
11,1132,0.8589030504226685,,,,,,,,,,,,,,,,,,,,,,
11,1133,0.8891790509223938,,,,,,,,,,,,,,,,,,,,,,
11,1134,0.8595375418663025,,,,,,,,,,,,,,,,,,,,,,
11,1135,0.8524892926216125,,,,,,,,,,,,,,,,,,,,,,
11,1136,0.8450969457626343,,,,,,,,,,,,,,,,,,,,,,
11,1137,0.8538357019424438,,,,,,,,,,,,,,,,,,,,,,
11,1138,0.8909997344017029,,,,,,,,,,,,,,,,,,,,,,
11,1139,0.8555559515953064,,,,,,,,,,,,,,,,,,,,,,
11,1140,0.9439297914505005,,,,,,,,,,,,,,,,,,,,,,
11,1141,0.9166921377182007,,,,,,,,,,,,,,,,,,,,,,
11,1142,0.8583640456199646,,,,,,,,,,,,,,,,,,,,,,
11,1143,0.8768550157546997,,,,,,,,,,,,,,,,,,,,,,
11,1144,0.9020333290100098,,,,,,,,,,,,,,,,,,,,,,
11,1145,0.8632912039756775,,,,,,,,,,,,,,,,,,,,,,
11,1146,0.9025790691375732,,,,,,,,,,,,,,,,,,,,,,
11,1147,0.805779218673706,,,,,,,,,,,,,,,,,,,,,,
11,1148,0.9276606440544128,,,,,,,,,,,,,,,,,,,,,,
11,1149,0.8995110392570496,,,,,,,,,,,,,,,,,,,,,,
11,1150,0.7988564372062683,,,,,,,,,,,,,,,,,,,,,,
11,1151,0.9072938561439514,,,,,,,,,,,,,,,,,,,,,,
11,1152,0.8216424584388733,,,,,,,,,,,,,,,,,,,,,,
11,1153,0.8499699831008911,,,,,,,,,,,,,,,,,,,,,,
11,1154,0.83849036693573,,,,,,,,,,,,,,,,,,,,,,
11,1155,0.9069470763206482,,,,,,,,,,,,,,,,,,,,,,
11,1156,0.8828614354133606,,,,,,,,,,,,,,,,,,,,,,
11,1157,0.8538016676902771,,,,,,,,,,,,,,,,,,,,,,
11,1158,0.895108699798584,,,,,,,,,,,,,,,,,,,,,,
11,1159,0.8780789971351624,,,,,,,,,,,,,,,,,,,,,,
11,1160,0.89631187915802,,,,,,,,,,,,,,,,,,,,,,
11,1161,0.9101868271827698,,,,,,,,,,,,,,,,,,,,,,
11,1162,0.8692212104797363,,,,,,,,,,,,,,,,,,,,,,
11,1163,0.8151612281799316,,,,,,,,,,,,,,,,,,,,,,
11,1164,0.8183403611183167,,,,,,,,,,,,,,,,,,,,,,
11,1165,0.8270422220230103,,,,,,,,,,,,,,,,,,,,,,
11,1166,0.8469226360321045,,,,,,,,,,,,,,,,,,,,,,
11,1167,0.857276976108551,,,,,,,,,,,,,,,,,,,,,,
11,1168,0.8134405016899109,,,,,,,,,,,,,,,,,,,,,,
11,1169,0.855604350566864,,,,,,,,,,,,,,,,,,,,,,
11,1170,0.826791524887085,,,,,,,,,,,,,,,,,,,,,,
11,1171,0.8284459114074707,,,,,,,,,,,,,,,,,,,,,,
11,1172,0.9163297414779663,,,,,,,,,,,,,,,,,,,,,,
11,1173,0.8427585363388062,,,,,,,,,,,,,,,,,,,,,,
11,1174,0.9062814116477966,,,,,,,,,,,,,,,,,,,,,,
11,1175,0.8485318422317505,,,,,,,,,,,,,,,,,,,,,,
11,1176,0.8396843671798706,,,,,,,,,,,,,,,,,,,,,,
11,1177,0.8887960314750671,,,,,,,,,,,,,,,,,,,,,,
11,1178,0.8222580552101135,,,,,,,,,,,,,,,,,,,,,,
11,1179,0.8249883651733398,,,,,,,,,,,,,,,,,,,,,,
11,1180,0.8488287925720215,,,,,,,,,,,,,,,,,,,,,,
11,1181,0.820288360118866,,,,,,,,,,,,,,,,,,,,,,
11,1182,0.8631412386894226,,,,,,,,,,,,,,,,,,,,,,
11,1183,0.8147181868553162,,,,,,,,,,,,,,,,,,,,,,
11,1184,0.8360708355903625,,,,,,,,,,,,,,,,,,,,,,
11,1185,0.8435410857200623,,,,,,,,,,,,,,,,,,,,,,
11,1186,0.7606693506240845,,,,,,,,,,,,,,,,,,,,,,
11,1187,0.8936651945114136,,,,,,,,,,,,,,,,,,,,,,
11,1188,0.8304361701011658,,,,,,,,,,,,,,,,,,,,,,
11,1189,0.903451144695282,,,,,,,,,,,,,,,,,,,,,,
11,1190,0.877811849117279,,,,,,,,,,,,,,,,,,,,,,
11,1191,0.7968112230300903,,,,,,,,,,,,,,,,,,,,,,
11,1192,0.8081057071685791,,,,,,,,,,,,,,,,,,,,,,
11,1193,0.875346839427948,,,,,,,,,,,,,,,,,,,,,,
11,1194,0.8685156106948853,,,,,,,,,,,,,,,,,,,,,,
11,1195,0.8373470902442932,,,,,,,,,,,,,,,,,,,,,,
11,1196,0.8462729454040527,,,,,,,,,,,,,,,,,,,,,,
11,1197,0.8133783936500549,,,,,,,,,,,,,,,,,,,,,,
11,1198,0.8153508901596069,,,,,,,,,,,,,,,,,,,,,,
11,1199,0.8343324661254883,,,,,,,,,,,,,,,,,,,,,,
11,1199,,0.30881330370903015,0.23299118876457214,1.5018362998962402,12.312562942504883,136.1878662109375,0.39117103815078735,0.297738254070282,0.6292098760604858,0.3679918646812439,0.6059749722480774,0.6484003663063049,1.5018361806869507,0.9624502062797546,12.465664863586426,0.7651589512825012,0.8206648826599121,1.0617173910140991,0.9711135029792786,0.7651589512825012,0.8206648826599121,0.39117103815078735,0.297738254070282
12,1200,0.7840985059738159,,,,,,,,,,,,,,,,,,,,,,
12,1201,0.8488906025886536,,,,,,,,,,,,,,,,,,,,,,
12,1202,0.8218430280685425,,,,,,,,,,,,,,,,,,,,,,
12,1203,0.8612987995147705,,,,,,,,,,,,,,,,,,,,,,
12,1204,0.8279072642326355,,,,,,,,,,,,,,,,,,,,,,
12,1205,0.820857584476471,,,,,,,,,,,,,,,,,,,,,,
12,1206,0.8454247713088989,,,,,,,,,,,,,,,,,,,,,,
12,1207,0.8415938019752502,,,,,,,,,,,,,,,,,,,,,,
12,1208,0.7866437435150146,,,,,,,,,,,,,,,,,,,,,,
12,1209,0.82772296667099,,,,,,,,,,,,,,,,,,,,,,
12,1210,0.8480048775672913,,,,,,,,,,,,,,,,,,,,,,
12,1211,0.8776021003723145,,,,,,,,,,,,,,,,,,,,,,
12,1212,0.847620964050293,,,,,,,,,,,,,,,,,,,,,,
12,1213,0.8667428493499756,,,,,,,,,,,,,,,,,,,,,,
12,1214,0.7881343364715576,,,,,,,,,,,,,,,,,,,,,,
12,1215,0.8199589848518372,,,,,,,,,,,,,,,,,,,,,,
12,1216,0.8460012674331665,,,,,,,,,,,,,,,,,,,,,,
12,1217,0.7957108616828918,,,,,,,,,,,,,,,,,,,,,,
12,1218,0.8311861753463745,,,,,,,,,,,,,,,,,,,,,,
12,1219,0.8206827044487,,,,,,,,,,,,,,,,,,,,,,
12,1220,0.827515721321106,,,,,,,,,,,,,,,,,,,,,,
12,1221,0.8488703370094299,,,,,,,,,,,,,,,,,,,,,,
12,1222,0.788908839225769,,,,,,,,,,,,,,,,,,,,,,
12,1223,0.7972160577774048,,,,,,,,,,,,,,,,,,,,,,
12,1224,0.7932986617088318,,,,,,,,,,,,,,,,,,,,,,
12,1225,0.8084123134613037,,,,,,,,,,,,,,,,,,,,,,
12,1226,0.8560165166854858,,,,,,,,,,,,,,,,,,,,,,
12,1227,0.7671659588813782,,,,,,,,,,,,,,,,,,,,,,
12,1228,0.7839335799217224,,,,,,,,,,,,,,,,,,,,,,
12,1229,0.8599184155464172,,,,,,,,,,,,,,,,,,,,,,
12,1230,0.8041886687278748,,,,,,,,,,,,,,,,,,,,,,
12,1231,0.8626651763916016,,,,,,,,,,,,,,,,,,,,,,
12,1232,0.8044853210449219,,,,,,,,,,,,,,,,,,,,,,
12,1233,0.8386418223381042,,,,,,,,,,,,,,,,,,,,,,
12,1234,0.7715676426887512,,,,,,,,,,,,,,,,,,,,,,
12,1235,0.8351336717605591,,,,,,,,,,,,,,,,,,,,,,
12,1236,0.8550512790679932,,,,,,,,,,,,,,,,,,,,,,
12,1237,0.8515446186065674,,,,,,,,,,,,,,,,,,,,,,
12,1238,0.8704131841659546,,,,,,,,,,,,,,,,,,,,,,
12,1239,0.8400772213935852,,,,,,,,,,,,,,,,,,,,,,
12,1240,0.8699815273284912,,,,,,,,,,,,,,,,,,,,,,
12,1241,0.7629778385162354,,,,,,,,,,,,,,,,,,,,,,
12,1242,0.8466607928276062,,,,,,,,,,,,,,,,,,,,,,
12,1243,0.8325318694114685,,,,,,,,,,,,,,,,,,,,,,
12,1244,0.8432427644729614,,,,,,,,,,,,,,,,,,,,,,
12,1245,0.8186177015304565,,,,,,,,,,,,,,,,,,,,,,
12,1246,0.8428106904029846,,,,,,,,,,,,,,,,,,,,,,
12,1247,0.8490682244300842,,,,,,,,,,,,,,,,,,,,,,
12,1248,0.8482682108879089,,,,,,,,,,,,,,,,,,,,,,
12,1249,0.8017140030860901,,,,,,,,,,,,,,,,,,,,,,
12,1250,0.7691699862480164,,,,,,,,,,,,,,,,,,,,,,
12,1251,0.8074389696121216,,,,,,,,,,,,,,,,,,,,,,
12,1252,0.8373973369598389,,,,,,,,,,,,,,,,,,,,,,
12,1253,0.8415703773498535,,,,,,,,,,,,,,,,,,,,,,
12,1254,0.7944316864013672,,,,,,,,,,,,,,,,,,,,,,
12,1255,0.7448422312736511,,,,,,,,,,,,,,,,,,,,,,
12,1256,0.9108217358589172,,,,,,,,,,,,,,,,,,,,,,
12,1257,0.8055177330970764,,,,,,,,,,,,,,,,,,,,,,
12,1258,0.8327945470809937,,,,,,,,,,,,,,,,,,,,,,
12,1259,0.8325169682502747,,,,,,,,,,,,,,,,,,,,,,
12,1260,0.7837303280830383,,,,,,,,,,,,,,,,,,,,,,
12,1261,0.7786421179771423,,,,,,,,,,,,,,,,,,,,,,
12,1262,0.7903913259506226,,,,,,,,,,,,,,,,,,,,,,
12,1263,0.7721731066703796,,,,,,,,,,,,,,,,,,,,,,
12,1264,0.8102721571922302,,,,,,,,,,,,,,,,,,,,,,
12,1265,0.8052414655685425,,,,,,,,,,,,,,,,,,,,,,
12,1266,0.7770584225654602,,,,,,,,,,,,,,,,,,,,,,
12,1267,0.8372057676315308,,,,,,,,,,,,,,,,,,,,,,
12,1268,0.8493340611457825,,,,,,,,,,,,,,,,,,,,,,
12,1269,0.8102473020553589,,,,,,,,,,,,,,,,,,,,,,
12,1270,0.7845211625099182,,,,,,,,,,,,,,,,,,,,,,
12,1271,0.8111010193824768,,,,,,,,,,,,,,,,,,,,,,
12,1272,0.7592337131500244,,,,,,,,,,,,,,,,,,,,,,
12,1273,0.7912711501121521,,,,,,,,,,,,,,,,,,,,,,
12,1274,0.8384042382240295,,,,,,,,,,,,,,,,,,,,,,
12,1275,0.8527108430862427,,,,,,,,,,,,,,,,,,,,,,
12,1276,0.7905771732330322,,,,,,,,,,,,,,,,,,,,,,
12,1277,0.7614127397537231,,,,,,,,,,,,,,,,,,,,,,
12,1278,0.8157858848571777,,,,,,,,,,,,,,,,,,,,,,
12,1279,0.8065459132194519,,,,,,,,,,,,,,,,,,,,,,
12,1280,0.823391318321228,,,,,,,,,,,,,,,,,,,,,,
12,1281,0.7364663481712341,,,,,,,,,,,,,,,,,,,,,,
12,1282,0.7883061766624451,,,,,,,,,,,,,,,,,,,,,,
12,1283,0.8316898345947266,,,,,,,,,,,,,,,,,,,,,,
12,1284,0.8222959637641907,,,,,,,,,,,,,,,,,,,,,,
12,1285,0.8513156771659851,,,,,,,,,,,,,,,,,,,,,,
12,1286,0.7695353627204895,,,,,,,,,,,,,,,,,,,,,,
12,1287,0.864177942276001,,,,,,,,,,,,,,,,,,,,,,
12,1288,0.8206871151924133,,,,,,,,,,,,,,,,,,,,,,
12,1289,0.8095822334289551,,,,,,,,,,,,,,,,,,,,,,
12,1290,0.8561005592346191,,,,,,,,,,,,,,,,,,,,,,
12,1291,0.7828317880630493,,,,,,,,,,,,,,,,,,,,,,
12,1292,0.8085809350013733,,,,,,,,,,,,,,,,,,,,,,
12,1293,0.7933583855628967,,,,,,,,,,,,,,,,,,,,,,
12,1294,0.8627799153327942,,,,,,,,,,,,,,,,,,,,,,
12,1295,0.8578375577926636,,,,,,,,,,,,,,,,,,,,,,
12,1296,0.78267502784729,,,,,,,,,,,,,,,,,,,,,,
12,1297,0.7723429799079895,,,,,,,,,,,,,,,,,,,,,,
12,1298,0.7779372930526733,,,,,,,,,,,,,,,,,,,,,,
12,1299,0.7866694927215576,,,,,,,,,,,,,,,,,,,,,,
12,1299,,0.288023442029953,0.22283333539962769,1.459053874015808,10.284793853759766,122.64588165283203,0.3689556419849396,0.2877788841724396,0.5777092576026917,0.35248276591300964,0.5841637849807739,0.6551479697227478,1.4590537548065186,0.8968015313148499,12.025386810302734,0.7430926561355591,0.8352697491645813,1.0194011926651,0.9819875955581665,0.7430926561355591,0.8352697491645813,0.3689556419849396,0.2877788841724396
13,1300,0.7759751677513123,,,,,,,,,,,,,,,,,,,,,,
13,1301,0.820000946521759,,,,,,,,,,,,,,,,,,,,,,
13,1302,0.7943465709686279,,,,,,,,,,,,,,,,,,,,,,
13,1303,0.733598530292511,,,,,,,,,,,,,,,,,,,,,,
13,1304,0.7998142838478088,,,,,,,,,,,,,,,,,,,,,,
13,1305,0.7901133894920349,,,,,,,,,,,,,,,,,,,,,,
13,1306,0.8005577921867371,,,,,,,,,,,,,,,,,,,,,,
13,1307,0.7512360215187073,,,,,,,,,,,,,,,,,,,,,,
13,1308,0.8072392344474792,,,,,,,,,,,,,,,,,,,,,,
13,1309,0.8141952753067017,,,,,,,,,,,,,,,,,,,,,,
13,1310,0.7969499826431274,,,,,,,,,,,,,,,,,,,,,,
13,1311,0.786377489566803,,,,,,,,,,,,,,,,,,,,,,
13,1312,0.7432095408439636,,,,,,,,,,,,,,,,,,,,,,
13,1313,0.8450711965560913,,,,,,,,,,,,,,,,,,,,,,
13,1314,0.7739191055297852,,,,,,,,,,,,,,,,,,,,,,
13,1315,0.7664273381233215,,,,,,,,,,,,,,,,,,,,,,
13,1316,0.7614179849624634,,,,,,,,,,,,,,,,,,,,,,
13,1317,0.7903828620910645,,,,,,,,,,,,,,,,,,,,,,
13,1318,0.8035945892333984,,,,,,,,,,,,,,,,,,,,,,
13,1319,0.7794732451438904,,,,,,,,,,,,,,,,,,,,,,
13,1320,0.8003851771354675,,,,,,,,,,,,,,,,,,,,,,
13,1321,0.7710723876953125,,,,,,,,,,,,,,,,,,,,,,
13,1322,0.7174204587936401,,,,,,,,,,,,,,,,,,,,,,
13,1323,0.7622224688529968,,,,,,,,,,,,,,,,,,,,,,
13,1324,0.7744764089584351,,,,,,,,,,,,,,,,,,,,,,
13,1325,0.7968642711639404,,,,,,,,,,,,,,,,,,,,,,
13,1326,0.7866663932800293,,,,,,,,,,,,,,,,,,,,,,
13,1327,0.7652737498283386,,,,,,,,,,,,,,,,,,,,,,
13,1328,0.7530336976051331,,,,,,,,,,,,,,,,,,,,,,
13,1329,0.7344579100608826,,,,,,,,,,,,,,,,,,,,,,
13,1330,0.7706644535064697,,,,,,,,,,,,,,,,,,,,,,
13,1331,0.7753720283508301,,,,,,,,,,,,,,,,,,,,,,
13,1332,0.7714481949806213,,,,,,,,,,,,,,,,,,,,,,
13,1333,0.7726210355758667,,,,,,,,,,,,,,,,,,,,,,
13,1334,0.815881609916687,,,,,,,,,,,,,,,,,,,,,,
13,1335,0.7939218282699585,,,,,,,,,,,,,,,,,,,,,,
13,1336,0.8010140061378479,,,,,,,,,,,,,,,,,,,,,,
13,1337,0.8236534595489502,,,,,,,,,,,,,,,,,,,,,,
13,1338,0.7368379831314087,,,,,,,,,,,,,,,,,,,,,,
13,1339,0.7314891815185547,,,,,,,,,,,,,,,,,,,,,,
13,1340,0.8154940605163574,,,,,,,,,,,,,,,,,,,,,,
13,1341,0.7146936655044556,,,,,,,,,,,,,,,,,,,,,,
13,1342,0.7397893667221069,,,,,,,,,,,,,,,,,,,,,,
13,1343,0.7144109010696411,,,,,,,,,,,,,,,,,,,,,,
13,1344,0.695263147354126,,,,,,,,,,,,,,,,,,,,,,
13,1345,0.8057766556739807,,,,,,,,,,,,,,,,,,,,,,
13,1346,0.7770301699638367,,,,,,,,,,,,,,,,,,,,,,
13,1347,0.7626193761825562,,,,,,,,,,,,,,,,,,,,,,
13,1348,0.8097712993621826,,,,,,,,,,,,,,,,,,,,,,
13,1349,0.7467737197875977,,,,,,,,,,,,,,,,,,,,,,
13,1350,0.7948586344718933,,,,,,,,,,,,,,,,,,,,,,
13,1351,0.7725473642349243,,,,,,,,,,,,,,,,,,,,,,
13,1352,0.7088229656219482,,,,,,,,,,,,,,,,,,,,,,
13,1353,0.8124793171882629,,,,,,,,,,,,,,,,,,,,,,
13,1354,0.7743870615959167,,,,,,,,,,,,,,,,,,,,,,
13,1355,0.7370830178260803,,,,,,,,,,,,,,,,,,,,,,
13,1356,0.7930507063865662,,,,,,,,,,,,,,,,,,,,,,
13,1357,0.7446083426475525,,,,,,,,,,,,,,,,,,,,,,
13,1358,0.7582341432571411,,,,,,,,,,,,,,,,,,,,,,
13,1359,0.7653926610946655,,,,,,,,,,,,,,,,,,,,,,
13,1360,0.7291991710662842,,,,,,,,,,,,,,,,,,,,,,
13,1361,0.7953771352767944,,,,,,,,,,,,,,,,,,,,,,
13,1362,0.8093692660331726,,,,,,,,,,,,,,,,,,,,,,
13,1363,0.811735987663269,,,,,,,,,,,,,,,,,,,,,,
13,1364,0.7249209880828857,,,,,,,,,,,,,,,,,,,,,,
13,1365,0.7670094966888428,,,,,,,,,,,,,,,,,,,,,,
13,1366,0.72376948595047,,,,,,,,,,,,,,,,,,,,,,
13,1367,0.7909015417098999,,,,,,,,,,,,,,,,,,,,,,
13,1368,0.7360764145851135,,,,,,,,,,,,,,,,,,,,,,
13,1369,0.7874730825424194,,,,,,,,,,,,,,,,,,,,,,
13,1370,0.7744494676589966,,,,,,,,,,,,,,,,,,,,,,
13,1371,0.728995680809021,,,,,,,,,,,,,,,,,,,,,,
13,1372,0.7553585171699524,,,,,,,,,,,,,,,,,,,,,,
13,1373,0.7784469723701477,,,,,,,,,,,,,,,,,,,,,,
13,1374,0.8149527311325073,,,,,,,,,,,,,,,,,,,,,,
13,1375,0.8036043047904968,,,,,,,,,,,,,,,,,,,,,,
13,1376,0.737166702747345,,,,,,,,,,,,,,,,,,,,,,
13,1377,0.7620062828063965,,,,,,,,,,,,,,,,,,,,,,
13,1378,0.7523388266563416,,,,,,,,,,,,,,,,,,,,,,
13,1379,0.7617881298065186,,,,,,,,,,,,,,,,,,,,,,
13,1380,0.760932207107544,,,,,,,,,,,,,,,,,,,,,,
13,1381,0.7476238012313843,,,,,,,,,,,,,,,,,,,,,,
13,1382,0.762165367603302,,,,,,,,,,,,,,,,,,,,,,
13,1383,0.7748009562492371,,,,,,,,,,,,,,,,,,,,,,
13,1384,0.7973082065582275,,,,,,,,,,,,,,,,,,,,,,
13,1385,0.7725747227668762,,,,,,,,,,,,,,,,,,,,,,
13,1386,0.7136697769165039,,,,,,,,,,,,,,,,,,,,,,
13,1387,0.7119760513305664,,,,,,,,,,,,,,,,,,,,,,
13,1388,0.7390978932380676,,,,,,,,,,,,,,,,,,,,,,
13,1389,0.7623704075813293,,,,,,,,,,,,,,,,,,,,,,
13,1390,0.7799097895622253,,,,,,,,,,,,,,,,,,,,,,
13,1391,0.8157825469970703,,,,,,,,,,,,,,,,,,,,,,
13,1392,0.7320812344551086,,,,,,,,,,,,,,,,,,,,,,
13,1393,0.7235504388809204,,,,,,,,,,,,,,,,,,,,,,
13,1394,0.7528951168060303,,,,,,,,,,,,,,,,,,,,,,
13,1395,0.7697204351425171,,,,,,,,,,,,,,,,,,,,,,
13,1396,0.7034201622009277,,,,,,,,,,,,,,,,,,,,,,
13,1397,0.7264850735664368,,,,,,,,,,,,,,,,,,,,,,
13,1398,0.7685078978538513,,,,,,,,,,,,,,,,,,,,,,
13,1399,0.776909351348877,,,,,,,,,,,,,,,,,,,,,,
13,1399,,0.29013195633888245,0.22521674633026123,1.4727897644042969,10.477725982666016,123.11637115478516,0.3711443841457367,0.28764498233795166,0.5810792446136475,0.35157233476638794,0.5892294645309448,0.6477013230323792,1.4727897644042969,0.9013674259185791,12.034269332885742,0.7424520254135132,0.8108875155448914,1.0199569463729858,0.9633251428604126,0.7424520254135132,0.8108875155448914,0.3711443841457367,0.28764498233795166
14,1400,0.7780004143714905,,,,,,,,,,,,,,,,,,,,,,
14,1401,0.756723165512085,,,,,,,,,,,,,,,,,,,,,,
14,1402,0.8328609466552734,,,,,,,,,,,,,,,,,,,,,,
14,1403,0.7790188789367676,,,,,,,,,,,,,,,,,,,,,,
14,1404,0.7986497282981873,,,,,,,,,,,,,,,,,,,,,,
14,1405,0.7540682554244995,,,,,,,,,,,,,,,,,,,,,,
14,1406,0.7248383164405823,,,,,,,,,,,,,,,,,,,,,,
14,1407,0.7811504602432251,,,,,,,,,,,,,,,,,,,,,,
14,1408,0.6868262887001038,,,,,,,,,,,,,,,,,,,,,,
14,1409,0.8069878816604614,,,,,,,,,,,,,,,,,,,,,,
14,1410,0.7920359373092651,,,,,,,,,,,,,,,,,,,,,,
14,1411,0.7896778583526611,,,,,,,,,,,,,,,,,,,,,,
14,1412,0.7374563813209534,,,,,,,,,,,,,,,,,,,,,,
14,1413,0.7300871014595032,,,,,,,,,,,,,,,,,,,,,,
14,1414,0.7449914216995239,,,,,,,,,,,,,,,,,,,,,,
14,1415,0.7362905144691467,,,,,,,,,,,,,,,,,,,,,,
14,1416,0.791590690612793,,,,,,,,,,,,,,,,,,,,,,
14,1417,0.7762845158576965,,,,,,,,,,,,,,,,,,,,,,
14,1418,0.7216390371322632,,,,,,,,,,,,,,,,,,,,,,
14,1419,0.7516183853149414,,,,,,,,,,,,,,,,,,,,,,
14,1420,0.7865107655525208,,,,,,,,,,,,,,,,,,,,,,
14,1421,0.769063413143158,,,,,,,,,,,,,,,,,,,,,,
14,1422,0.783820629119873,,,,,,,,,,,,,,,,,,,,,,
14,1423,0.7630282044410706,,,,,,,,,,,,,,,,,,,,,,
14,1424,0.7333978414535522,,,,,,,,,,,,,,,,,,,,,,
14,1425,0.7824450731277466,,,,,,,,,,,,,,,,,,,,,,
14,1426,0.7389022707939148,,,,,,,,,,,,,,,,,,,,,,
14,1427,0.6883788108825684,,,,,,,,,,,,,,,,,,,,,,
14,1428,0.7993737459182739,,,,,,,,,,,,,,,,,,,,,,
14,1429,0.7627705335617065,,,,,,,,,,,,,,,,,,,,,,
14,1430,0.7586630582809448,,,,,,,,,,,,,,,,,,,,,,
14,1431,0.7477467060089111,,,,,,,,,,,,,,,,,,,,,,
14,1432,0.7365242838859558,,,,,,,,,,,,,,,,,,,,,,
14,1433,0.7564889192581177,,,,,,,,,,,,,,,,,,,,,,
14,1434,0.7185691595077515,,,,,,,,,,,,,,,,,,,,,,
14,1435,0.7456072568893433,,,,,,,,,,,,,,,,,,,,,,
14,1436,0.7887377738952637,,,,,,,,,,,,,,,,,,,,,,
14,1437,0.7777534127235413,,,,,,,,,,,,,,,,,,,,,,
14,1438,0.7600781917572021,,,,,,,,,,,,,,,,,,,,,,
14,1439,0.7116617560386658,,,,,,,,,,,,,,,,,,,,,,
14,1440,0.7182029485702515,,,,,,,,,,,,,,,,,,,,,,
14,1441,0.7524272203445435,,,,,,,,,,,,,,,,,,,,,,
14,1442,0.768720805644989,,,,,,,,,,,,,,,,,,,,,,
14,1443,0.720191478729248,,,,,,,,,,,,,,,,,,,,,,
14,1444,0.7022194266319275,,,,,,,,,,,,,,,,,,,,,,
14,1445,0.7192780375480652,,,,,,,,,,,,,,,,,,,,,,
14,1446,0.7787208557128906,,,,,,,,,,,,,,,,,,,,,,
14,1447,0.741323709487915,,,,,,,,,,,,,,,,,,,,,,
14,1448,0.7423491477966309,,,,,,,,,,,,,,,,,,,,,,
14,1449,0.7242875695228577,,,,,,,,,,,,,,,,,,,,,,
14,1450,0.7684494853019714,,,,,,,,,,,,,,,,,,,,,,
14,1451,0.6632160544395447,,,,,,,,,,,,,,,,,,,,,,
14,1452,0.7473508715629578,,,,,,,,,,,,,,,,,,,,,,
14,1453,0.7591338753700256,,,,,,,,,,,,,,,,,,,,,,
14,1454,0.7395586371421814,,,,,,,,,,,,,,,,,,,,,,
14,1455,0.7475934028625488,,,,,,,,,,,,,,,,,,,,,,
14,1456,0.7999626994132996,,,,,,,,,,,,,,,,,,,,,,
14,1457,0.7347418665885925,,,,,,,,,,,,,,,,,,,,,,
14,1458,0.6999910473823547,,,,,,,,,,,,,,,,,,,,,,
14,1459,0.7070932388305664,,,,,,,,,,,,,,,,,,,,,,
14,1460,0.761027991771698,,,,,,,,,,,,,,,,,,,,,,
14,1461,0.756030261516571,,,,,,,,,,,,,,,,,,,,,,
14,1462,0.6945750713348389,,,,,,,,,,,,,,,,,,,,,,
14,1463,0.7333367466926575,,,,,,,,,,,,,,,,,,,,,,
14,1464,0.7397885322570801,,,,,,,,,,,,,,,,,,,,,,
14,1465,0.7825459837913513,,,,,,,,,,,,,,,,,,,,,,
14,1466,0.7114148736000061,,,,,,,,,,,,,,,,,,,,,,
14,1467,0.7377427816390991,,,,,,,,,,,,,,,,,,,,,,
14,1468,0.6813105940818787,,,,,,,,,,,,,,,,,,,,,,
14,1469,0.7546595931053162,,,,,,,,,,,,,,,,,,,,,,
14,1470,0.7555766701698303,,,,,,,,,,,,,,,,,,,,,,
14,1471,0.7636467814445496,,,,,,,,,,,,,,,,,,,,,,
14,1472,0.7825563549995422,,,,,,,,,,,,,,,,,,,,,,
14,1473,0.736739993095398,,,,,,,,,,,,,,,,,,,,,,
14,1474,0.7431422472000122,,,,,,,,,,,,,,,,,,,,,,
14,1475,0.7274442911148071,,,,,,,,,,,,,,,,,,,,,,
14,1476,0.6949019432067871,,,,,,,,,,,,,,,,,,,,,,
14,1477,0.7563470602035522,,,,,,,,,,,,,,,,,,,,,,
14,1478,0.7226395010948181,,,,,,,,,,,,,,,,,,,,,,
14,1479,0.7304508686065674,,,,,,,,,,,,,,,,,,,,,,
14,1480,0.7213523983955383,,,,,,,,,,,,,,,,,,,,,,
14,1481,0.7519879937171936,,,,,,,,,,,,,,,,,,,,,,
14,1482,0.7286219596862793,,,,,,,,,,,,,,,,,,,,,,
14,1483,0.7496150135993958,,,,,,,,,,,,,,,,,,,,,,
14,1484,0.7108272314071655,,,,,,,,,,,,,,,,,,,,,,
14,1485,0.6836236119270325,,,,,,,,,,,,,,,,,,,,,,
14,1486,0.7128726840019226,,,,,,,,,,,,,,,,,,,,,,
14,1487,0.6612862348556519,,,,,,,,,,,,,,,,,,,,,,
14,1488,0.668217122554779,,,,,,,,,,,,,,,,,,,,,,
14,1489,0.705048143863678,,,,,,,,,,,,,,,,,,,,,,
14,1490,0.7150149941444397,,,,,,,,,,,,,,,,,,,,,,
14,1491,0.7058203816413879,,,,,,,,,,,,,,,,,,,,,,
14,1492,0.7378669381141663,,,,,,,,,,,,,,,,,,,,,,
14,1493,0.7132666707038879,,,,,,,,,,,,,,,,,,,,,,
14,1494,0.7452869415283203,,,,,,,,,,,,,,,,,,,,,,
14,1495,0.7284654974937439,,,,,,,,,,,,,,,,,,,,,,
14,1496,0.6896810531616211,,,,,,,,,,,,,,,,,,,,,,
14,1497,0.9032478928565979,,,,,,,,,,,,,,,,,,,,,,
14,1498,0.7034516930580139,,,,,,,,,,,,,,,,,,,,,,
14,1499,0.7499748468399048,,,,,,,,,,,,,,,,,,,,,,
14,1499,,0.30727219581604004,0.23368622362613678,1.5131914615631104,11.512979507446289,132.42312622070312,0.38649049401283264,0.2943149507045746,0.6134620308876038,0.3644825518131256,0.6151441931724548,0.6698371767997742,1.5131913423538208,0.9678405523300171,13.107010841369629,0.7687302231788635,0.8316208720207214,1.0615291595458984,0.9897150993347168,0.7687302231788635,0.8316208720207214,0.38649049401283264,0.2943149507045746
15,1500,0.7626199722290039,,,,,,,,,,,,,,,,,,,,,,
15,1501,0.6977125406265259,,,,,,,,,,,,,,,,,,,,,,
15,1502,0.694385826587677,,,,,,,,,,,,,,,,,,,,,,
15,1503,0.732952356338501,,,,,,,,,,,,,,,,,,,,,,
15,1504,0.7394028306007385,,,,,,,,,,,,,,,,,,,,,,
15,1505,0.706978976726532,,,,,,,,,,,,,,,,,,,,,,
15,1506,0.6927844882011414,,,,,,,,,,,,,,,,,,,,,,
15,1507,0.731078028678894,,,,,,,,,,,,,,,,,,,,,,
15,1508,0.7172842621803284,,,,,,,,,,,,,,,,,,,,,,
15,1509,0.7269676327705383,,,,,,,,,,,,,,,,,,,,,,
15,1510,0.7462573051452637,,,,,,,,,,,,,,,,,,,,,,
15,1511,0.669675886631012,,,,,,,,,,,,,,,,,,,,,,
15,1512,0.704988956451416,,,,,,,,,,,,,,,,,,,,,,
15,1513,0.6997511982917786,,,,,,,,,,,,,,,,,,,,,,
15,1514,0.7221829891204834,,,,,,,,,,,,,,,,,,,,,,
15,1515,0.726216197013855,,,,,,,,,,,,,,,,,,,,,,
15,1516,0.7497881054878235,,,,,,,,,,,,,,,,,,,,,,
15,1517,0.698139488697052,,,,,,,,,,,,,,,,,,,,,,
15,1518,0.7276951670646667,,,,,,,,,,,,,,,,,,,,,,
15,1519,0.7109963893890381,,,,,,,,,,,,,,,,,,,,,,
15,1520,0.7241341471672058,,,,,,,,,,,,,,,,,,,,,,
15,1521,0.737768828868866,,,,,,,,,,,,,,,,,,,,,,
15,1522,0.6850172281265259,,,,,,,,,,,,,,,,,,,,,,
15,1523,0.7004534602165222,,,,,,,,,,,,,,,,,,,,,,
15,1524,0.7222275733947754,,,,,,,,,,,,,,,,,,,,,,
15,1525,0.7328441143035889,,,,,,,,,,,,,,,,,,,,,,
15,1526,0.7369633913040161,,,,,,,,,,,,,,,,,,,,,,
15,1527,0.7053089141845703,,,,,,,,,,,,,,,,,,,,,,
15,1528,0.7069883346557617,,,,,,,,,,,,,,,,,,,,,,
15,1529,0.6490760445594788,,,,,,,,,,,,,,,,,,,,,,
15,1530,0.7975782155990601,,,,,,,,,,,,,,,,,,,,,,
15,1531,0.736832857131958,,,,,,,,,,,,,,,,,,,,,,
15,1532,0.6867533326148987,,,,,,,,,,,,,,,,,,,,,,
15,1533,0.7130559086799622,,,,,,,,,,,,,,,,,,,,,,
15,1534,0.7004777193069458,,,,,,,,,,,,,,,,,,,,,,
15,1535,0.739281415939331,,,,,,,,,,,,,,,,,,,,,,
15,1536,0.7130836248397827,,,,,,,,,,,,,,,,,,,,,,
15,1537,0.729978084564209,,,,,,,,,,,,,,,,,,,,,,
15,1538,0.7024996876716614,,,,,,,,,,,,,,,,,,,,,,
15,1539,0.6946078538894653,,,,,,,,,,,,,,,,,,,,,,
15,1540,0.7556033730506897,,,,,,,,,,,,,,,,,,,,,,
15,1541,0.7084569334983826,,,,,,,,,,,,,,,,,,,,,,
15,1542,0.7156046628952026,,,,,,,,,,,,,,,,,,,,,,
15,1543,0.7754951119422913,,,,,,,,,,,,,,,,,,,,,,
15,1544,0.6670830249786377,,,,,,,,,,,,,,,,,,,,,,
15,1545,0.6890416741371155,,,,,,,,,,,,,,,,,,,,,,
15,1546,0.6977400779724121,,,,,,,,,,,,,,,,,,,,,,
15,1547,0.7474961876869202,,,,,,,,,,,,,,,,,,,,,,
15,1548,0.6544785499572754,,,,,,,,,,,,,,,,,,,,,,
15,1549,0.6857196688652039,,,,,,,,,,,,,,,,,,,,,,
15,1550,0.7563913464546204,,,,,,,,,,,,,,,,,,,,,,
15,1551,0.7560375928878784,,,,,,,,,,,,,,,,,,,,,,
15,1552,0.7468389868736267,,,,,,,,,,,,,,,,,,,,,,
15,1553,0.6913383603096008,,,,,,,,,,,,,,,,,,,,,,
15,1554,0.6978205442428589,,,,,,,,,,,,,,,,,,,,,,
15,1555,0.7564655542373657,,,,,,,,,,,,,,,,,,,,,,
15,1556,0.7449100613594055,,,,,,,,,,,,,,,,,,,,,,
15,1557,0.7441614866256714,,,,,,,,,,,,,,,,,,,,,,
15,1558,0.6982439756393433,,,,,,,,,,,,,,,,,,,,,,
15,1559,0.730104923248291,,,,,,,,,,,,,,,,,,,,,,
15,1560,0.7435483932495117,,,,,,,,,,,,,,,,,,,,,,
15,1561,0.6925419569015503,,,,,,,,,,,,,,,,,,,,,,
15,1562,0.7430364489555359,,,,,,,,,,,,,,,,,,,,,,
15,1563,0.7243839502334595,,,,,,,,,,,,,,,,,,,,,,
15,1564,0.7044211030006409,,,,,,,,,,,,,,,,,,,,,,
15,1565,0.7070075869560242,,,,,,,,,,,,,,,,,,,,,,
15,1566,0.6902211308479309,,,,,,,,,,,,,,,,,,,,,,
15,1567,0.7600412368774414,,,,,,,,,,,,,,,,,,,,,,
15,1568,0.6380777359008789,,,,,,,,,,,,,,,,,,,,,,
15,1569,0.6994756460189819,,,,,,,,,,,,,,,,,,,,,,
15,1570,0.7189128994941711,,,,,,,,,,,,,,,,,,,,,,
15,1571,0.7024272680282593,,,,,,,,,,,,,,,,,,,,,,
15,1572,0.7643581032752991,,,,,,,,,,,,,,,,,,,,,,
15,1573,0.7405664920806885,,,,,,,,,,,,,,,,,,,,,,
15,1574,0.656874418258667,,,,,,,,,,,,,,,,,,,,,,
15,1575,0.7262611985206604,,,,,,,,,,,,,,,,,,,,,,
15,1576,0.6543072462081909,,,,,,,,,,,,,,,,,,,,,,
15,1577,0.7008567452430725,,,,,,,,,,,,,,,,,,,,,,
15,1578,0.6857117414474487,,,,,,,,,,,,,,,,,,,,,,
15,1579,0.6844566464424133,,,,,,,,,,,,,,,,,,,,,,
15,1580,0.6858510375022888,,,,,,,,,,,,,,,,,,,,,,
15,1581,0.6477826833724976,,,,,,,,,,,,,,,,,,,,,,
15,1582,0.7306389808654785,,,,,,,,,,,,,,,,,,,,,,
15,1583,0.6765543222427368,,,,,,,,,,,,,,,,,,,,,,
15,1584,0.7276032567024231,,,,,,,,,,,,,,,,,,,,,,
15,1585,0.7039900422096252,,,,,,,,,,,,,,,,,,,,,,
15,1586,0.7083908319473267,,,,,,,,,,,,,,,,,,,,,,
15,1587,0.6709176301956177,,,,,,,,,,,,,,,,,,,,,,
15,1588,0.7113242745399475,,,,,,,,,,,,,,,,,,,,,,
15,1589,0.7619641423225403,,,,,,,,,,,,,,,,,,,,,,
15,1590,0.7144021391868591,,,,,,,,,,,,,,,,,,,,,,
15,1591,0.6676232814788818,,,,,,,,,,,,,,,,,,,,,,
15,1592,0.7289116978645325,,,,,,,,,,,,,,,,,,,,,,
15,1593,0.7076012492179871,,,,,,,,,,,,,,,,,,,,,,
15,1594,0.6526622772216797,,,,,,,,,,,,,,,,,,,,,,
15,1595,0.6632014513015747,,,,,,,,,,,,,,,,,,,,,,
15,1596,0.7612898945808411,,,,,,,,,,,,,,,,,,,,,,
15,1597,0.723296582698822,,,,,,,,,,,,,,,,,,,,,,
15,1598,0.6663151979446411,,,,,,,,,,,,,,,,,,,,,,
15,1599,0.7329031825065613,,,,,,,,,,,,,,,,,,,,,,
15,1599,,0.28607699275016785,0.21651315689086914,1.4722216129302979,9.980550765991211,117.39592742919922,0.3642905652523041,0.2751733958721161,0.5647074580192566,0.33976373076438904,0.5860732197761536,0.6429949402809143,1.4722214937210083,0.8798078894615173,11.901408195495605,0.734869658946991,0.8045536875724792,1.0033010244369507,0.9577825665473938,0.734869658946991,0.8045536875724792,0.3642905652523041,0.2751733958721161
16,1600,0.6760420799255371,,,,,,,,,,,,,,,,,,,,,,
16,1601,0.6508291959762573,,,,,,,,,,,,,,,,,,,,,,
16,1602,0.6573401689529419,,,,,,,,,,,,,,,,,,,,,,
16,1603,0.6876307725906372,,,,,,,,,,,,,,,,,,,,,,
16,1604,0.6247832775115967,,,,,,,,,,,,,,,,,,,,,,
16,1605,0.6767879128456116,,,,,,,,,,,,,,,,,,,,,,
16,1606,0.6999390125274658,,,,,,,,,,,,,,,,,,,,,,
16,1607,0.6836119294166565,,,,,,,,,,,,,,,,,,,,,,
16,1608,0.6911872625350952,,,,,,,,,,,,,,,,,,,,,,
16,1609,0.733058512210846,,,,,,,,,,,,,,,,,,,,,,
16,1610,0.7282307744026184,,,,,,,,,,,,,,,,,,,,,,
16,1611,0.703210175037384,,,,,,,,,,,,,,,,,,,,,,
16,1612,0.7321938276290894,,,,,,,,,,,,,,,,,,,,,,
16,1613,0.7115658521652222,,,,,,,,,,,,,,,,,,,,,,
16,1614,0.6643387675285339,,,,,,,,,,,,,,,,,,,,,,
16,1615,0.6884447336196899,,,,,,,,,,,,,,,,,,,,,,
16,1616,0.6700713634490967,,,,,,,,,,,,,,,,,,,,,,
16,1617,0.6997578740119934,,,,,,,,,,,,,,,,,,,,,,
16,1618,0.6787319183349609,,,,,,,,,,,,,,,,,,,,,,
16,1619,0.6310577988624573,,,,,,,,,,,,,,,,,,,,,,
16,1620,0.7094019651412964,,,,,,,,,,,,,,,,,,,,,,
16,1621,0.7304955720901489,,,,,,,,,,,,,,,,,,,,,,
16,1622,0.7214316129684448,,,,,,,,,,,,,,,,,,,,,,
16,1623,0.6795790791511536,,,,,,,,,,,,,,,,,,,,,,
16,1624,0.700258731842041,,,,,,,,,,,,,,,,,,,,,,
16,1625,0.6766326427459717,,,,,,,,,,,,,,,,,,,,,,
16,1626,0.6763175129890442,,,,,,,,,,,,,,,,,,,,,,
16,1627,0.6624983549118042,,,,,,,,,,,,,,,,,,,,,,
16,1628,0.6801748871803284,,,,,,,,,,,,,,,,,,,,,,
16,1629,0.6213793754577637,,,,,,,,,,,,,,,,,,,,,,
16,1630,0.6619887948036194,,,,,,,,,,,,,,,,,,,,,,
16,1631,0.6559693217277527,,,,,,,,,,,,,,,,,,,,,,
16,1632,0.6664590239524841,,,,,,,,,,,,,,,,,,,,,,
16,1633,0.6846857666969299,,,,,,,,,,,,,,,,,,,,,,
16,1634,0.7076935768127441,,,,,,,,,,,,,,,,,,,,,,
16,1635,0.7384612560272217,,,,,,,,,,,,,,,,,,,,,,
16,1636,0.6453866958618164,,,,,,,,,,,,,,,,,,,,,,
16,1637,0.6922761797904968,,,,,,,,,,,,,,,,,,,,,,
16,1638,0.6473404169082642,,,,,,,,,,,,,,,,,,,,,,
16,1639,0.6627256870269775,,,,,,,,,,,,,,,,,,,,,,
16,1640,0.6859105229377747,,,,,,,,,,,,,,,,,,,,,,
16,1641,0.6716071963310242,,,,,,,,,,,,,,,,,,,,,,
16,1642,0.6241432428359985,,,,,,,,,,,,,,,,,,,,,,
16,1643,0.7275561094284058,,,,,,,,,,,,,,,,,,,,,,
16,1644,0.6889687180519104,,,,,,,,,,,,,,,,,,,,,,
16,1645,0.6376539468765259,,,,,,,,,,,,,,,,,,,,,,
16,1646,0.6536210179328918,,,,,,,,,,,,,,,,,,,,,,
16,1647,0.716927707195282,,,,,,,,,,,,,,,,,,,,,,
16,1648,0.6677923202514648,,,,,,,,,,,,,,,,,,,,,,
16,1649,0.7954005599021912,,,,,,,,,,,,,,,,,,,,,,
16,1650,0.6932510137557983,,,,,,,,,,,,,,,,,,,,,,
16,1651,0.7841728329658508,,,,,,,,,,,,,,,,,,,,,,
16,1652,0.7173477411270142,,,,,,,,,,,,,,,,,,,,,,
16,1653,0.7022820115089417,,,,,,,,,,,,,,,,,,,,,,
16,1654,0.752007007598877,,,,,,,,,,,,,,,,,,,,,,
16,1655,0.7179489731788635,,,,,,,,,,,,,,,,,,,,,,
16,1656,0.6663888096809387,,,,,,,,,,,,,,,,,,,,,,
16,1657,0.6717351675033569,,,,,,,,,,,,,,,,,,,,,,
16,1658,0.6922404766082764,,,,,,,,,,,,,,,,,,,,,,
16,1659,0.6883130073547363,,,,,,,,,,,,,,,,,,,,,,
16,1660,0.8180570602416992,,,,,,,,,,,,,,,,,,,,,,
16,1661,0.7246490120887756,,,,,,,,,,,,,,,,,,,,,,
16,1662,0.6791173219680786,,,,,,,,,,,,,,,,,,,,,,
16,1663,0.7364487051963806,,,,,,,,,,,,,,,,,,,,,,
16,1664,0.7115004062652588,,,,,,,,,,,,,,,,,,,,,,
16,1665,0.7243553400039673,,,,,,,,,,,,,,,,,,,,,,
16,1666,0.7067824006080627,,,,,,,,,,,,,,,,,,,,,,
16,1667,0.6779544949531555,,,,,,,,,,,,,,,,,,,,,,
16,1668,0.712321937084198,,,,,,,,,,,,,,,,,,,,,,
16,1669,0.7061367034912109,,,,,,,,,,,,,,,,,,,,,,
16,1670,0.6744517087936401,,,,,,,,,,,,,,,,,,,,,,
16,1671,0.722632884979248,,,,,,,,,,,,,,,,,,,,,,
16,1672,0.6721460819244385,,,,,,,,,,,,,,,,,,,,,,
16,1673,0.6867783665657043,,,,,,,,,,,,,,,,,,,,,,
16,1674,0.656592845916748,,,,,,,,,,,,,,,,,,,,,,
16,1675,0.6077353358268738,,,,,,,,,,,,,,,,,,,,,,
16,1676,0.7152466773986816,,,,,,,,,,,,,,,,,,,,,,
16,1677,0.6814731955528259,,,,,,,,,,,,,,,,,,,,,,
16,1678,0.7119652628898621,,,,,,,,,,,,,,,,,,,,,,
16,1679,0.7403972744941711,,,,,,,,,,,,,,,,,,,,,,
16,1680,0.6363233923912048,,,,,,,,,,,,,,,,,,,,,,
16,1681,0.593547523021698,,,,,,,,,,,,,,,,,,,,,,
16,1682,0.6644091606140137,,,,,,,,,,,,,,,,,,,,,,
16,1683,0.6646348237991333,,,,,,,,,,,,,,,,,,,,,,
16,1684,0.6236848831176758,,,,,,,,,,,,,,,,,,,,,,
16,1685,0.6696534752845764,,,,,,,,,,,,,,,,,,,,,,
16,1686,0.6118446588516235,,,,,,,,,,,,,,,,,,,,,,
16,1687,0.7007573843002319,,,,,,,,,,,,,,,,,,,,,,
16,1688,0.6444129943847656,,,,,,,,,,,,,,,,,,,,,,
16,1689,0.6540184020996094,,,,,,,,,,,,,,,,,,,,,,
16,1690,0.5859461426734924,,,,,,,,,,,,,,,,,,,,,,
16,1691,0.6487711668014526,,,,,,,,,,,,,,,,,,,,,,
16,1692,0.6757350564002991,,,,,,,,,,,,,,,,,,,,,,
16,1693,0.6946377754211426,,,,,,,,,,,,,,,,,,,,,,
16,1694,0.6529914736747742,,,,,,,,,,,,,,,,,,,,,,
16,1695,0.6890013813972473,,,,,,,,,,,,,,,,,,,,,,
16,1696,0.680071234703064,,,,,,,,,,,,,,,,,,,,,,
16,1697,0.7020986676216125,,,,,,,,,,,,,,,,,,,,,,
16,1698,0.6921718716621399,,,,,,,,,,,,,,,,,,,,,,
16,1699,0.6871413588523865,,,,,,,,,,,,,,,,,,,,,,
16,1699,,0.2957359552383423,0.23095355927944183,1.4803390502929688,11.22173023223877,130.68836975097656,0.37460094690322876,0.29407432675361633,0.5995081067085266,0.3624306619167328,0.5962229371070862,0.6582784056663513,1.4803389310836792,0.9387506246566772,12.364579200744629,0.7473937273025513,0.8235416412353516,1.041635274887085,0.9789863228797913,0.7473937273025513,0.8235416412353516,0.37460094690322876,0.29407432675361633
17,1700,0.628482460975647,,,,,,,,,,,,,,,,,,,,,,
17,1701,0.6570121049880981,,,,,,,,,,,,,,,,,,,,,,
17,1702,0.6560087203979492,,,,,,,,,,,,,,,,,,,,,,
17,1703,0.6771112084388733,,,,,,,,,,,,,,,,,,,,,,
17,1704,0.6859990954399109,,,,,,,,,,,,,,,,,,,,,,
17,1705,0.6645150780677795,,,,,,,,,,,,,,,,,,,,,,
17,1706,0.60209721326828,,,,,,,,,,,,,,,,,,,,,,
17,1707,0.5966197848320007,,,,,,,,,,,,,,,,,,,,,,
17,1708,0.6716984510421753,,,,,,,,,,,,,,,,,,,,,,
17,1709,0.6560988426208496,,,,,,,,,,,,,,,,,,,,,,
17,1710,0.6005601286888123,,,,,,,,,,,,,,,,,,,,,,
17,1711,0.6285343170166016,,,,,,,,,,,,,,,,,,,,,,
17,1712,0.6206545233726501,,,,,,,,,,,,,,,,,,,,,,
17,1713,0.6630889177322388,,,,,,,,,,,,,,,,,,,,,,
17,1714,0.6064329743385315,,,,,,,,,,,,,,,,,,,,,,
17,1715,0.6630247235298157,,,,,,,,,,,,,,,,,,,,,,
17,1716,0.6743223071098328,,,,,,,,,,,,,,,,,,,,,,
17,1717,0.665458619594574,,,,,,,,,,,,,,,,,,,,,,
17,1718,0.6719534397125244,,,,,,,,,,,,,,,,,,,,,,
17,1719,0.6726850271224976,,,,,,,,,,,,,,,,,,,,,,
17,1720,0.6317907571792603,,,,,,,,,,,,,,,,,,,,,,
17,1721,0.6652822494506836,,,,,,,,,,,,,,,,,,,,,,
17,1722,0.6265026330947876,,,,,,,,,,,,,,,,,,,,,,
17,1723,0.659572958946228,,,,,,,,,,,,,,,,,,,,,,
17,1724,0.6170603036880493,,,,,,,,,,,,,,,,,,,,,,
17,1725,0.6779273152351379,,,,,,,,,,,,,,,,,,,,,,
17,1726,0.6477885842323303,,,,,,,,,,,,,,,,,,,,,,
17,1727,0.6421118974685669,,,,,,,,,,,,,,,,,,,,,,
17,1728,0.6228660941123962,,,,,,,,,,,,,,,,,,,,,,
17,1729,0.6820740103721619,,,,,,,,,,,,,,,,,,,,,,
17,1730,0.6353738903999329,,,,,,,,,,,,,,,,,,,,,,
17,1731,0.6837984919548035,,,,,,,,,,,,,,,,,,,,,,
17,1732,0.6443931460380554,,,,,,,,,,,,,,,,,,,,,,
17,1733,0.6951392292976379,,,,,,,,,,,,,,,,,,,,,,
17,1734,0.6237992644309998,,,,,,,,,,,,,,,,,,,,,,
17,1735,0.6400041580200195,,,,,,,,,,,,,,,,,,,,,,
17,1736,0.6903647184371948,,,,,,,,,,,,,,,,,,,,,,
17,1737,0.6349238753318787,,,,,,,,,,,,,,,,,,,,,,
17,1738,0.6565182209014893,,,,,,,,,,,,,,,,,,,,,,
17,1739,0.6447371244430542,,,,,,,,,,,,,,,,,,,,,,
17,1740,0.7311350703239441,,,,,,,,,,,,,,,,,,,,,,
17,1741,0.7138752341270447,,,,,,,,,,,,,,,,,,,,,,
17,1742,0.6839986443519592,,,,,,,,,,,,,,,,,,,,,,
17,1743,0.7097394466400146,,,,,,,,,,,,,,,,,,,,,,
17,1744,0.6498184204101562,,,,,,,,,,,,,,,,,,,,,,
17,1745,0.6057661771774292,,,,,,,,,,,,,,,,,,,,,,
17,1746,0.6194111108779907,,,,,,,,,,,,,,,,,,,,,,
17,1747,0.6544277667999268,,,,,,,,,,,,,,,,,,,,,,
17,1748,0.6837047934532166,,,,,,,,,,,,,,,,,,,,,,
17,1749,0.6849263906478882,,,,,,,,,,,,,,,,,,,,,,
17,1750,0.6264967322349548,,,,,,,,,,,,,,,,,,,,,,
17,1751,0.6723236441612244,,,,,,,,,,,,,,,,,,,,,,
17,1752,0.7050232291221619,,,,,,,,,,,,,,,,,,,,,,
17,1753,0.6501096487045288,,,,,,,,,,,,,,,,,,,,,,
17,1754,0.6310617327690125,,,,,,,,,,,,,,,,,,,,,,
17,1755,0.6409119367599487,,,,,,,,,,,,,,,,,,,,,,
17,1756,0.6386939883232117,,,,,,,,,,,,,,,,,,,,,,
17,1757,0.6209238171577454,,,,,,,,,,,,,,,,,,,,,,
17,1758,0.6428545117378235,,,,,,,,,,,,,,,,,,,,,,
17,1759,0.625968873500824,,,,,,,,,,,,,,,,,,,,,,
17,1760,0.5971499085426331,,,,,,,,,,,,,,,,,,,,,,
17,1761,0.5986876487731934,,,,,,,,,,,,,,,,,,,,,,
17,1762,0.6505299210548401,,,,,,,,,,,,,,,,,,,,,,
17,1763,0.6483475565910339,,,,,,,,,,,,,,,,,,,,,,
17,1764,0.6383273601531982,,,,,,,,,,,,,,,,,,,,,,
17,1765,0.6459417343139648,,,,,,,,,,,,,,,,,,,,,,
17,1766,0.6121930480003357,,,,,,,,,,,,,,,,,,,,,,
17,1767,0.6171830296516418,,,,,,,,,,,,,,,,,,,,,,
17,1768,0.6558458805084229,,,,,,,,,,,,,,,,,,,,,,
17,1769,0.6149193644523621,,,,,,,,,,,,,,,,,,,,,,
17,1770,0.6926259398460388,,,,,,,,,,,,,,,,,,,,,,
17,1771,0.6520904302597046,,,,,,,,,,,,,,,,,,,,,,
17,1772,0.6578165292739868,,,,,,,,,,,,,,,,,,,,,,
17,1773,0.652798593044281,,,,,,,,,,,,,,,,,,,,,,
17,1774,0.6526245474815369,,,,,,,,,,,,,,,,,,,,,,
17,1775,0.6388247609138489,,,,,,,,,,,,,,,,,,,,,,
17,1776,0.6202991604804993,,,,,,,,,,,,,,,,,,,,,,
17,1777,0.5768020749092102,,,,,,,,,,,,,,,,,,,,,,
17,1778,0.629542887210846,,,,,,,,,,,,,,,,,,,,,,
17,1779,0.6250512003898621,,,,,,,,,,,,,,,,,,,,,,
17,1780,0.645733118057251,,,,,,,,,,,,,,,,,,,,,,
17,1781,0.6536698341369629,,,,,,,,,,,,,,,,,,,,,,
17,1782,0.6752886772155762,,,,,,,,,,,,,,,,,,,,,,
17,1783,0.6887377500534058,,,,,,,,,,,,,,,,,,,,,,
17,1784,0.6826747059822083,,,,,,,,,,,,,,,,,,,,,,
17,1785,0.7121613025665283,,,,,,,,,,,,,,,,,,,,,,
17,1786,0.6704747080802917,,,,,,,,,,,,,,,,,,,,,,
17,1787,0.6406172513961792,,,,,,,,,,,,,,,,,,,,,,
17,1788,0.6715985536575317,,,,,,,,,,,,,,,,,,,,,,
17,1789,0.6217507123947144,,,,,,,,,,,,,,,,,,,,,,
17,1790,0.637988269329071,,,,,,,,,,,,,,,,,,,,,,
17,1791,0.6753081679344177,,,,,,,,,,,,,,,,,,,,,,
17,1792,0.6376810073852539,,,,,,,,,,,,,,,,,,,,,,
17,1793,0.6372475028038025,,,,,,,,,,,,,,,,,,,,,,
17,1794,0.6337555646896362,,,,,,,,,,,,,,,,,,,,,,
17,1795,0.6823685169219971,,,,,,,,,,,,,,,,,,,,,,
17,1796,0.6203815340995789,,,,,,,,,,,,,,,,,,,,,,
17,1797,0.602617084980011,,,,,,,,,,,,,,,,,,,,,,
17,1798,0.6289955377578735,,,,,,,,,,,,,,,,,,,,,,
17,1799,0.5909531116485596,,,,,,,,,,,,,,,,,,,,,,
17,1799,,0.2920045554637909,0.2270871251821518,1.4690587520599365,10.65992546081543,125.29290008544922,0.3701332211494446,0.28810667991638184,0.5881531834602356,0.3557615876197815,0.5925827622413635,0.6701755523681641,1.469058632850647,0.8981776237487793,12.173060417175293,0.7439314723014832,0.8347600102424622,1.029646635055542,0.9937358498573303,0.7439314723014832,0.8347600102424622,0.3701332211494446,0.28810667991638184
18,1800,0.6636245250701904,,,,,,,,,,,,,,,,,,,,,,
18,1801,0.6102266311645508,,,,,,,,,,,,,,,,,,,,,,
18,1802,0.5741802453994751,,,,,,,,,,,,,,,,,,,,,,
18,1803,0.6252309679985046,,,,,,,,,,,,,,,,,,,,,,
18,1804,0.670077383518219,,,,,,,,,,,,,,,,,,,,,,
18,1805,0.6540642380714417,,,,,,,,,,,,,,,,,,,,,,
18,1806,0.60887610912323,,,,,,,,,,,,,,,,,,,,,,
18,1807,0.6393461227416992,,,,,,,,,,,,,,,,,,,,,,
18,1808,0.5947796702384949,,,,,,,,,,,,,,,,,,,,,,
18,1809,0.6125049591064453,,,,,,,,,,,,,,,,,,,,,,
18,1810,0.649949312210083,,,,,,,,,,,,,,,,,,,,,,
18,1811,0.7082394957542419,,,,,,,,,,,,,,,,,,,,,,
18,1812,0.6511774063110352,,,,,,,,,,,,,,,,,,,,,,
18,1813,0.6289879083633423,,,,,,,,,,,,,,,,,,,,,,
18,1814,0.6859068870544434,,,,,,,,,,,,,,,,,,,,,,
18,1815,0.6246116161346436,,,,,,,,,,,,,,,,,,,,,,
18,1816,0.6406193971633911,,,,,,,,,,,,,,,,,,,,,,
18,1817,0.6469087600708008,,,,,,,,,,,,,,,,,,,,,,
18,1818,0.6487351655960083,,,,,,,,,,,,,,,,,,,,,,
18,1819,0.632800281047821,,,,,,,,,,,,,,,,,,,,,,
18,1820,0.6312050819396973,,,,,,,,,,,,,,,,,,,,,,
18,1821,0.6312342286109924,,,,,,,,,,,,,,,,,,,,,,
18,1822,0.6282304525375366,,,,,,,,,,,,,,,,,,,,,,
18,1823,0.6853708624839783,,,,,,,,,,,,,,,,,,,,,,
18,1824,0.6987144351005554,,,,,,,,,,,,,,,,,,,,,,
18,1825,0.5809358358383179,,,,,,,,,,,,,,,,,,,,,,
18,1826,0.6335669755935669,,,,,,,,,,,,,,,,,,,,,,
18,1827,0.6618952751159668,,,,,,,,,,,,,,,,,,,,,,
18,1828,0.6413183808326721,,,,,,,,,,,,,,,,,,,,,,
18,1829,0.6293732523918152,,,,,,,,,,,,,,,,,,,,,,
18,1830,0.6111270785331726,,,,,,,,,,,,,,,,,,,,,,
18,1831,0.6541986465454102,,,,,,,,,,,,,,,,,,,,,,
18,1832,0.60862797498703,,,,,,,,,,,,,,,,,,,,,,
18,1833,0.6006135940551758,,,,,,,,,,,,,,,,,,,,,,
18,1834,0.6212902069091797,,,,,,,,,,,,,,,,,,,,,,
18,1835,0.620642900466919,,,,,,,,,,,,,,,,,,,,,,
18,1836,0.6155516505241394,,,,,,,,,,,,,,,,,,,,,,
18,1837,0.5953869223594666,,,,,,,,,,,,,,,,,,,,,,
18,1838,0.6068687438964844,,,,,,,,,,,,,,,,,,,,,,
18,1839,0.6401612162590027,,,,,,,,,,,,,,,,,,,,,,
18,1840,0.6153982877731323,,,,,,,,,,,,,,,,,,,,,,
18,1841,0.659859836101532,,,,,,,,,,,,,,,,,,,,,,
18,1842,0.616408109664917,,,,,,,,,,,,,,,,,,,,,,
18,1843,0.6102892756462097,,,,,,,,,,,,,,,,,,,,,,
18,1844,0.6728876829147339,,,,,,,,,,,,,,,,,,,,,,
18,1845,0.6155722737312317,,,,,,,,,,,,,,,,,,,,,,
18,1846,0.6054123044013977,,,,,,,,,,,,,,,,,,,,,,
18,1847,0.5684176087379456,,,,,,,,,,,,,,,,,,,,,,
18,1848,0.5905223488807678,,,,,,,,,,,,,,,,,,,,,,
18,1849,0.6574779152870178,,,,,,,,,,,,,,,,,,,,,,
18,1850,0.6208776235580444,,,,,,,,,,,,,,,,,,,,,,
18,1851,0.6029973030090332,,,,,,,,,,,,,,,,,,,,,,
18,1852,0.606160581111908,,,,,,,,,,,,,,,,,,,,,,
18,1853,0.6623099446296692,,,,,,,,,,,,,,,,,,,,,,
18,1854,0.6238824129104614,,,,,,,,,,,,,,,,,,,,,,
18,1855,0.5728703141212463,,,,,,,,,,,,,,,,,,,,,,
18,1856,0.6392621994018555,,,,,,,,,,,,,,,,,,,,,,
18,1857,0.5485942363739014,,,,,,,,,,,,,,,,,,,,,,
18,1858,0.6607887148857117,,,,,,,,,,,,,,,,,,,,,,
18,1859,0.6565966606140137,,,,,,,,,,,,,,,,,,,,,,
18,1860,0.5896954536437988,,,,,,,,,,,,,,,,,,,,,,
18,1861,0.6487398743629456,,,,,,,,,,,,,,,,,,,,,,
18,1862,0.6351235508918762,,,,,,,,,,,,,,,,,,,,,,
18,1863,0.6126400828361511,,,,,,,,,,,,,,,,,,,,,,
18,1864,0.6165188550949097,,,,,,,,,,,,,,,,,,,,,,
18,1865,0.5886340737342834,,,,,,,,,,,,,,,,,,,,,,
18,1866,0.5716597437858582,,,,,,,,,,,,,,,,,,,,,,
18,1867,0.5551495552062988,,,,,,,,,,,,,,,,,,,,,,
18,1868,0.6144599914550781,,,,,,,,,,,,,,,,,,,,,,
18,1869,0.6044691205024719,,,,,,,,,,,,,,,,,,,,,,
18,1870,0.6206887364387512,,,,,,,,,,,,,,,,,,,,,,
18,1871,0.601886510848999,,,,,,,,,,,,,,,,,,,,,,
18,1872,0.5909631848335266,,,,,,,,,,,,,,,,,,,,,,
18,1873,0.6084134578704834,,,,,,,,,,,,,,,,,,,,,,
18,1874,0.6414817571640015,,,,,,,,,,,,,,,,,,,,,,
18,1875,0.6051707863807678,,,,,,,,,,,,,,,,,,,,,,
18,1876,0.663087785243988,,,,,,,,,,,,,,,,,,,,,,
18,1877,0.6633365750312805,,,,,,,,,,,,,,,,,,,,,,
18,1878,0.5838333368301392,,,,,,,,,,,,,,,,,,,,,,
18,1879,0.5919600129127502,,,,,,,,,,,,,,,,,,,,,,
18,1880,0.5655975341796875,,,,,,,,,,,,,,,,,,,,,,
18,1881,0.6099735498428345,,,,,,,,,,,,,,,,,,,,,,
18,1882,0.5666576623916626,,,,,,,,,,,,,,,,,,,,,,
18,1883,0.594919741153717,,,,,,,,,,,,,,,,,,,,,,
18,1884,0.6374123692512512,,,,,,,,,,,,,,,,,,,,,,
18,1885,0.6046069860458374,,,,,,,,,,,,,,,,,,,,,,
18,1886,0.6041123270988464,,,,,,,,,,,,,,,,,,,,,,
18,1887,0.5644665360450745,,,,,,,,,,,,,,,,,,,,,,
18,1888,0.5969501733779907,,,,,,,,,,,,,,,,,,,,,,
18,1889,0.5925909876823425,,,,,,,,,,,,,,,,,,,,,,
18,1890,0.7029141187667847,,,,,,,,,,,,,,,,,,,,,,
18,1891,0.609350323677063,,,,,,,,,,,,,,,,,,,,,,
18,1892,0.5892236828804016,,,,,,,,,,,,,,,,,,,,,,
18,1893,0.6250902414321899,,,,,,,,,,,,,,,,,,,,,,
18,1894,0.5853273272514343,,,,,,,,,,,,,,,,,,,,,,
18,1895,0.5325080156326294,,,,,,,,,,,,,,,,,,,,,,
18,1896,0.5539654493331909,,,,,,,,,,,,,,,,,,,,,,
18,1897,0.6354251503944397,,,,,,,,,,,,,,,,,,,,,,
18,1898,0.6081628799438477,,,,,,,,,,,,,,,,,,,,,,
18,1899,0.648677408695221,,,,,,,,,,,,,,,,,,,,,,
18,1899,,0.2845304310321808,0.2246868908405304,1.4513983726501465,9.889805793762207,122.26422882080078,0.35869815945625305,0.2846038341522217,0.564190685749054,0.348856657743454,0.5844138860702515,0.6686843633651733,1.451398253440857,0.8779382705688477,12.20058822631836,0.7279444932937622,0.8340237140655518,1.006739616394043,0.9840392470359802,0.7279444932937622,0.8340237140655518,0.35869815945625305,0.2846038341522217
19,1900,0.5737988352775574,,,,,,,,,,,,,,,,,,,,,,
19,1901,0.6516627073287964,,,,,,,,,,,,,,,,,,,,,,
19,1902,0.6123504638671875,,,,,,,,,,,,,,,,,,,,,,
19,1903,0.6197382807731628,,,,,,,,,,,,,,,,,,,,,,
19,1904,0.6647878289222717,,,,,,,,,,,,,,,,,,,,,,
19,1905,0.635185956954956,,,,,,,,,,,,,,,,,,,,,,
19,1906,0.5968972444534302,,,,,,,,,,,,,,,,,,,,,,
19,1907,0.5905868411064148,,,,,,,,,,,,,,,,,,,,,,
19,1908,0.6060740947723389,,,,,,,,,,,,,,,,,,,,,,
19,1909,0.6257216930389404,,,,,,,,,,,,,,,,,,,,,,
19,1910,0.5895933508872986,,,,,,,,,,,,,,,,,,,,,,
19,1911,0.6013895273208618,,,,,,,,,,,,,,,,,,,,,,
19,1912,0.6418966054916382,,,,,,,,,,,,,,,,,,,,,,
19,1913,0.5949341058731079,,,,,,,,,,,,,,,,,,,,,,
19,1914,0.5480754971504211,,,,,,,,,,,,,,,,,,,,,,
19,1915,0.6206149458885193,,,,,,,,,,,,,,,,,,,,,,
19,1916,0.6082893013954163,,,,,,,,,,,,,,,,,,,,,,
19,1917,0.6248028874397278,,,,,,,,,,,,,,,,,,,,,,
19,1918,0.6398918032646179,,,,,,,,,,,,,,,,,,,,,,
19,1919,0.6540989875793457,,,,,,,,,,,,,,,,,,,,,,
19,1920,0.6472703218460083,,,,,,,,,,,,,,,,,,,,,,
19,1921,0.6518033742904663,,,,,,,,,,,,,,,,,,,,,,
19,1922,0.5884453058242798,,,,,,,,,,,,,,,,,,,,,,
19,1923,0.702460765838623,,,,,,,,,,,,,,,,,,,,,,
19,1924,0.6428481340408325,,,,,,,,,,,,,,,,,,,,,,
19,1925,0.6732284426689148,,,,,,,,,,,,,,,,,,,,,,
19,1926,0.5983086228370667,,,,,,,,,,,,,,,,,,,,,,
19,1927,0.6041229963302612,,,,,,,,,,,,,,,,,,,,,,
19,1928,0.5953842401504517,,,,,,,,,,,,,,,,,,,,,,
19,1929,0.56832355260849,,,,,,,,,,,,,,,,,,,,,,
19,1930,0.5667421817779541,,,,,,,,,,,,,,,,,,,,,,
19,1931,0.5848684310913086,,,,,,,,,,,,,,,,,,,,,,
19,1932,0.6118276715278625,,,,,,,,,,,,,,,,,,,,,,
19,1933,0.5424496531486511,,,,,,,,,,,,,,,,,,,,,,
19,1934,0.6038299798965454,,,,,,,,,,,,,,,,,,,,,,
19,1935,0.6040135622024536,,,,,,,,,,,,,,,,,,,,,,
19,1936,0.5579035878181458,,,,,,,,,,,,,,,,,,,,,,
19,1937,0.6135145425796509,,,,,,,,,,,,,,,,,,,,,,
19,1938,0.5959301590919495,,,,,,,,,,,,,,,,,,,,,,
19,1939,0.595038890838623,,,,,,,,,,,,,,,,,,,,,,
19,1940,0.5874016880989075,,,,,,,,,,,,,,,,,,,,,,
19,1941,0.556365430355072,,,,,,,,,,,,,,,,,,,,,,
19,1942,0.5673791170120239,,,,,,,,,,,,,,,,,,,,,,
19,1943,0.5773558020591736,,,,,,,,,,,,,,,,,,,,,,
19,1944,0.5936625003814697,,,,,,,,,,,,,,,,,,,,,,
19,1945,0.5672653317451477,,,,,,,,,,,,,,,,,,,,,,
19,1946,0.6062817573547363,,,,,,,,,,,,,,,,,,,,,,
19,1947,0.5554792284965515,,,,,,,,,,,,,,,,,,,,,,
19,1948,0.5627113580703735,,,,,,,,,,,,,,,,,,,,,,
19,1949,0.5769367814064026,,,,,,,,,,,,,,,,,,,,,,
19,1950,0.5917184948921204,,,,,,,,,,,,,,,,,,,,,,
19,1951,0.6112965941429138,,,,,,,,,,,,,,,,,,,,,,
19,1952,0.5511727333068848,,,,,,,,,,,,,,,,,,,,,,
19,1953,0.6312780976295471,,,,,,,,,,,,,,,,,,,,,,
19,1954,0.6308147311210632,,,,,,,,,,,,,,,,,,,,,,
19,1955,0.5516345500946045,,,,,,,,,,,,,,,,,,,,,,
19,1956,0.5873626470565796,,,,,,,,,,,,,,,,,,,,,,
19,1957,0.6406210660934448,,,,,,,,,,,,,,,,,,,,,,
19,1958,0.5700132846832275,,,,,,,,,,,,,,,,,,,,,,
19,1959,0.586445689201355,,,,,,,,,,,,,,,,,,,,,,
19,1960,0.6251372694969177,,,,,,,,,,,,,,,,,,,,,,
19,1961,0.5985551476478577,,,,,,,,,,,,,,,,,,,,,,
19,1962,0.6105806827545166,,,,,,,,,,,,,,,,,,,,,,
19,1963,0.5929831266403198,,,,,,,,,,,,,,,,,,,,,,
19,1964,0.5498361587524414,,,,,,,,,,,,,,,,,,,,,,
19,1965,0.5471776127815247,,,,,,,,,,,,,,,,,,,,,,
19,1966,0.6139156818389893,,,,,,,,,,,,,,,,,,,,,,
19,1967,0.5967370867729187,,,,,,,,,,,,,,,,,,,,,,
19,1968,0.6026850342750549,,,,,,,,,,,,,,,,,,,,,,
19,1969,0.6041463613510132,,,,,,,,,,,,,,,,,,,,,,
19,1970,0.5862142443656921,,,,,,,,,,,,,,,,,,,,,,
19,1971,0.5895781517028809,,,,,,,,,,,,,,,,,,,,,,
19,1972,0.5818527340888977,,,,,,,,,,,,,,,,,,,,,,
19,1973,0.6108067035675049,,,,,,,,,,,,,,,,,,,,,,
19,1974,0.5432586073875427,,,,,,,,,,,,,,,,,,,,,,
19,1975,0.5508280992507935,,,,,,,,,,,,,,,,,,,,,,
19,1976,0.5821741223335266,,,,,,,,,,,,,,,,,,,,,,
19,1977,0.5488342046737671,,,,,,,,,,,,,,,,,,,,,,
19,1978,0.5717914700508118,,,,,,,,,,,,,,,,,,,,,,
19,1979,0.5684386491775513,,,,,,,,,,,,,,,,,,,,,,
19,1980,0.6304112076759338,,,,,,,,,,,,,,,,,,,,,,
19,1981,0.6218982338905334,,,,,,,,,,,,,,,,,,,,,,
19,1982,0.5712522268295288,,,,,,,,,,,,,,,,,,,,,,
19,1983,0.5929677486419678,,,,,,,,,,,,,,,,,,,,,,
19,1984,0.6016876697540283,,,,,,,,,,,,,,,,,,,,,,
19,1985,0.5607549548149109,,,,,,,,,,,,,,,,,,,,,,
19,1986,0.5549913644790649,,,,,,,,,,,,,,,,,,,,,,
19,1987,0.6012492775917053,,,,,,,,,,,,,,,,,,,,,,
19,1988,0.6352689266204834,,,,,,,,,,,,,,,,,,,,,,
19,1989,0.5242103338241577,,,,,,,,,,,,,,,,,,,,,,
19,1990,0.5879988074302673,,,,,,,,,,,,,,,,,,,,,,
19,1991,0.6007115840911865,,,,,,,,,,,,,,,,,,,,,,
19,1992,0.5747594833374023,,,,,,,,,,,,,,,,,,,,,,
19,1993,0.6172588467597961,,,,,,,,,,,,,,,,,,,,,,
19,1994,0.6011996865272522,,,,,,,,,,,,,,,,,,,,,,
19,1995,0.592060923576355,,,,,,,,,,,,,,,,,,,,,,
19,1996,0.6480635404586792,,,,,,,,,,,,,,,,,,,,,,
19,1997,0.6354464888572693,,,,,,,,,,,,,,,,,,,,,,
19,1998,0.6147405505180359,,,,,,,,,,,,,,,,,,,,,,
19,1999,0.5838534832000732,,,,,,,,,,,,,,,,,,,,,,
19,1999,,0.2977260947227478,0.2322063148021698,1.4984252452850342,10.854341506958008,128.3559112548828,0.3734421133995056,0.2928124666213989,0.5895823240280151,0.3587110936641693,0.6076787710189819,0.6749575734138489,1.4984251260757446,0.9394479990005493,12.756568908691406,0.750917911529541,0.8344112634658813,1.0370808839797974,0.986328125,0.750917911529541,0.8344112634658813,0.3734421133995056,0.2928124666213989
20,2000,0.6246086359024048,,,,,,,,,,,,,,,,,,,,,,
20,2001,0.61326664686203,,,,,,,,,,,,,,,,,,,,,,
20,2002,0.6030687689781189,,,,,,,,,,,,,,,,,,,,,,
20,2003,0.6098725199699402,,,,,,,,,,,,,,,,,,,,,,
20,2004,0.5874500870704651,,,,,,,,,,,,,,,,,,,,,,
20,2005,0.6521704196929932,,,,,,,,,,,,,,,,,,,,,,
20,2006,0.5970348715782166,,,,,,,,,,,,,,,,,,,,,,
20,2007,0.5855308771133423,,,,,,,,,,,,,,,,,,,,,,
20,2008,0.6073629856109619,,,,,,,,,,,,,,,,,,,,,,
20,2009,0.5837551355361938,,,,,,,,,,,,,,,,,,,,,,
20,2010,0.605617344379425,,,,,,,,,,,,,,,,,,,,,,
20,2011,0.5556467175483704,,,,,,,,,,,,,,,,,,,,,,
20,2012,0.6153493523597717,,,,,,,,,,,,,,,,,,,,,,
20,2013,0.5276428461074829,,,,,,,,,,,,,,,,,,,,,,
20,2014,0.5443141460418701,,,,,,,,,,,,,,,,,,,,,,
20,2015,0.5716526508331299,,,,,,,,,,,,,,,,,,,,,,
20,2016,0.5319240093231201,,,,,,,,,,,,,,,,,,,,,,
20,2017,0.5522567629814148,,,,,,,,,,,,,,,,,,,,,,
20,2018,0.5747421383857727,,,,,,,,,,,,,,,,,,,,,,
20,2019,0.5006780028343201,,,,,,,,,,,,,,,,,,,,,,
20,2020,0.5550217628479004,,,,,,,,,,,,,,,,,,,,,,
20,2021,0.5292383432388306,,,,,,,,,,,,,,,,,,,,,,
20,2022,0.5793785452842712,,,,,,,,,,,,,,,,,,,,,,
20,2023,0.5489892363548279,,,,,,,,,,,,,,,,,,,,,,
20,2024,0.5256360173225403,,,,,,,,,,,,,,,,,,,,,,
20,2025,0.5703829526901245,,,,,,,,,,,,,,,,,,,,,,
20,2026,0.5020853281021118,,,,,,,,,,,,,,,,,,,,,,
20,2027,0.5944167971611023,,,,,,,,,,,,,,,,,,,,,,
20,2028,0.564033031463623,,,,,,,,,,,,,,,,,,,,,,
20,2029,0.5559505224227905,,,,,,,,,,,,,,,,,,,,,,
20,2030,0.6187467575073242,,,,,,,,,,,,,,,,,,,,,,
20,2031,0.5451686382293701,,,,,,,,,,,,,,,,,,,,,,
20,2032,0.5601131916046143,,,,,,,,,,,,,,,,,,,,,,
20,2033,0.5245123505592346,,,,,,,,,,,,,,,,,,,,,,
20,2034,0.5880817174911499,,,,,,,,,,,,,,,,,,,,,,
20,2035,0.5275587439537048,,,,,,,,,,,,,,,,,,,,,,
20,2036,0.5829313397407532,,,,,,,,,,,,,,,,,,,,,,
20,2037,0.6248589754104614,,,,,,,,,,,,,,,,,,,,,,
20,2038,0.613007664680481,,,,,,,,,,,,,,,,,,,,,,
20,2039,0.5663180351257324,,,,,,,,,,,,,,,,,,,,,,
20,2040,0.5702019929885864,,,,,,,,,,,,,,,,,,,,,,
20,2041,0.578233540058136,,,,,,,,,,,,,,,,,,,,,,
20,2042,0.6048948168754578,,,,,,,,,,,,,,,,,,,,,,
20,2043,0.6437757611274719,,,,,,,,,,,,,,,,,,,,,,
20,2044,0.48881128430366516,,,,,,,,,,,,,,,,,,,,,,
20,2045,0.5761865377426147,,,,,,,,,,,,,,,,,,,,,,
20,2046,0.6597201824188232,,,,,,,,,,,,,,,,,,,,,,
20,2047,0.560801088809967,,,,,,,,,,,,,,,,,,,,,,
20,2048,0.5825053453445435,,,,,,,,,,,,,,,,,,,,,,
20,2049,0.5318821668624878,,,,,,,,,,,,,,,,,,,,,,
20,2050,0.5843825340270996,,,,,,,,,,,,,,,,,,,,,,
20,2051,0.5570397973060608,,,,,,,,,,,,,,,,,,,,,,
20,2052,0.5982757210731506,,,,,,,,,,,,,,,,,,,,,,
20,2053,0.5773943662643433,,,,,,,,,,,,,,,,,,,,,,
20,2054,0.5688360929489136,,,,,,,,,,,,,,,,,,,,,,
20,2055,0.5572793483734131,,,,,,,,,,,,,,,,,,,,,,
20,2056,0.5558584332466125,,,,,,,,,,,,,,,,,,,,,,
20,2057,0.5771428346633911,,,,,,,,,,,,,,,,,,,,,,
20,2058,0.5532110333442688,,,,,,,,,,,,,,,,,,,,,,
20,2059,0.5093286037445068,,,,,,,,,,,,,,,,,,,,,,
20,2060,0.534581184387207,,,,,,,,,,,,,,,,,,,,,,
20,2061,0.5686033964157104,,,,,,,,,,,,,,,,,,,,,,
20,2062,0.5264842510223389,,,,,,,,,,,,,,,,,,,,,,
20,2063,0.5661429166793823,,,,,,,,,,,,,,,,,,,,,,
20,2064,0.5441918969154358,,,,,,,,,,,,,,,,,,,,,,
20,2065,0.5623971223831177,,,,,,,,,,,,,,,,,,,,,,
20,2066,0.5750700831413269,,,,,,,,,,,,,,,,,,,,,,
20,2067,0.5752641558647156,,,,,,,,,,,,,,,,,,,,,,
20,2068,0.5718420147895813,,,,,,,,,,,,,,,,,,,,,,
20,2069,0.5103858113288879,,,,,,,,,,,,,,,,,,,,,,
20,2070,0.5217598676681519,,,,,,,,,,,,,,,,,,,,,,
20,2071,0.5795412659645081,,,,,,,,,,,,,,,,,,,,,,
20,2072,0.5425687432289124,,,,,,,,,,,,,,,,,,,,,,
20,2073,0.5864167213439941,,,,,,,,,,,,,,,,,,,,,,
20,2074,0.5680808424949646,,,,,,,,,,,,,,,,,,,,,,
20,2075,0.5063862800598145,,,,,,,,,,,,,,,,,,,,,,
20,2076,0.5696681141853333,,,,,,,,,,,,,,,,,,,,,,
20,2077,0.5324908494949341,,,,,,,,,,,,,,,,,,,,,,
20,2078,0.5649747848510742,,,,,,,,,,,,,,,,,,,,,,
20,2079,0.5259396433830261,,,,,,,,,,,,,,,,,,,,,,
20,2080,0.564211368560791,,,,,,,,,,,,,,,,,,,,,,
20,2081,0.6084302067756653,,,,,,,,,,,,,,,,,,,,,,
20,2082,0.598147451877594,,,,,,,,,,,,,,,,,,,,,,
20,2083,0.5735968947410583,,,,,,,,,,,,,,,,,,,,,,
20,2084,0.5599093437194824,,,,,,,,,,,,,,,,,,,,,,
20,2085,0.5292520523071289,,,,,,,,,,,,,,,,,,,,,,
20,2086,0.5845624208450317,,,,,,,,,,,,,,,,,,,,,,
20,2087,0.5136860013008118,,,,,,,,,,,,,,,,,,,,,,
20,2088,0.5111865997314453,,,,,,,,,,,,,,,,,,,,,,
20,2089,0.6054520010948181,,,,,,,,,,,,,,,,,,,,,,
20,2090,0.5582630634307861,,,,,,,,,,,,,,,,,,,,,,
20,2091,0.5639691352844238,,,,,,,,,,,,,,,,,,,,,,
20,2092,0.5674124360084534,,,,,,,,,,,,,,,,,,,,,,
20,2093,0.561789870262146,,,,,,,,,,,,,,,,,,,,,,
20,2094,0.5215679407119751,,,,,,,,,,,,,,,,,,,,,,
20,2095,0.5660802721977234,,,,,,,,,,,,,,,,,,,,,,
20,2096,0.5470888018608093,,,,,,,,,,,,,,,,,,,,,,
20,2097,0.5709962248802185,,,,,,,,,,,,,,,,,,,,,,
20,2098,0.5520052313804626,,,,,,,,,,,,,,,,,,,,,,
20,2099,0.5790449976921082,,,,,,,,,,,,,,,,,,,,,,
20,2099,,0.2998195290565491,0.24010470509529114,1.4804778099060059,11.626364707946777,141.60586547851562,0.3750784695148468,0.30149754881858826,0.6095321774482727,0.3750164806842804,0.6044400334358215,0.6864443421363831,1.4804776906967163,0.942448079586029,13.04326343536377,0.7461104393005371,0.8476977348327637,1.049011468887329,1.0121939182281494,0.7461104393005371,0.8476977348327637,0.3750784695148468,0.30149754881858826
21,2100,0.5220954418182373,,,,,,,,,,,,,,,,,,,,,,
21,2101,0.6011491417884827,,,,,,,,,,,,,,,,,,,,,,
21,2102,0.5911329984664917,,,,,,,,,,,,,,,,,,,,,,
21,2103,0.5363831520080566,,,,,,,,,,,,,,,,,,,,,,
21,2104,0.5719439387321472,,,,,,,,,,,,,,,,,,,,,,
21,2105,0.6276665329933167,,,,,,,,,,,,,,,,,,,,,,
21,2106,0.5708191990852356,,,,,,,,,,,,,,,,,,,,,,
21,2107,0.6110364198684692,,,,,,,,,,,,,,,,,,,,,,
21,2108,0.6490474939346313,,,,,,,,,,,,,,,,,,,,,,
21,2109,0.5658912062644958,,,,,,,,,,,,,,,,,,,,,,
21,2110,0.5818422436714172,,,,,,,,,,,,,,,,,,,,,,
21,2111,0.5652859807014465,,,,,,,,,,,,,,,,,,,,,,
21,2112,0.5942248702049255,,,,,,,,,,,,,,,,,,,,,,
21,2113,0.5665595531463623,,,,,,,,,,,,,,,,,,,,,,
21,2114,0.6029733419418335,,,,,,,,,,,,,,,,,,,,,,
21,2115,0.5768265724182129,,,,,,,,,,,,,,,,,,,,,,
21,2116,0.5772446393966675,,,,,,,,,,,,,,,,,,,,,,
21,2117,0.5069894790649414,,,,,,,,,,,,,,,,,,,,,,
21,2118,0.6262332797050476,,,,,,,,,,,,,,,,,,,,,,
21,2119,0.5227901935577393,,,,,,,,,,,,,,,,,,,,,,
21,2120,0.5510657429695129,,,,,,,,,,,,,,,,,,,,,,
21,2121,0.5803219079971313,,,,,,,,,,,,,,,,,,,,,,
21,2122,0.5204413533210754,,,,,,,,,,,,,,,,,,,,,,
21,2123,0.5055050849914551,,,,,,,,,,,,,,,,,,,,,,
21,2124,0.5419610738754272,,,,,,,,,,,,,,,,,,,,,,
21,2125,0.5620493292808533,,,,,,,,,,,,,,,,,,,,,,
21,2126,0.5309361219406128,,,,,,,,,,,,,,,,,,,,,,
21,2127,0.532654881477356,,,,,,,,,,,,,,,,,,,,,,
21,2128,0.6356516480445862,,,,,,,,,,,,,,,,,,,,,,
21,2129,0.4954654276371002,,,,,,,,,,,,,,,,,,,,,,
21,2130,0.5573609471321106,,,,,,,,,,,,,,,,,,,,,,
21,2131,0.5464174151420593,,,,,,,,,,,,,,,,,,,,,,
21,2132,0.5372134447097778,,,,,,,,,,,,,,,,,,,,,,
21,2133,0.5659469962120056,,,,,,,,,,,,,,,,,,,,,,
21,2134,0.5176787972450256,,,,,,,,,,,,,,,,,,,,,,
21,2135,0.57669997215271,,,,,,,,,,,,,,,,,,,,,,
21,2136,0.5759075284004211,,,,,,,,,,,,,,,,,,,,,,
21,2137,0.5204475522041321,,,,,,,,,,,,,,,,,,,,,,
21,2138,0.5344719290733337,,,,,,,,,,,,,,,,,,,,,,
21,2139,0.6050646305084229,,,,,,,,,,,,,,,,,,,,,,
21,2140,0.5055838227272034,,,,,,,,,,,,,,,,,,,,,,
21,2141,0.5961399674415588,,,,,,,,,,,,,,,,,,,,,,
21,2142,0.5361999273300171,,,,,,,,,,,,,,,,,,,,,,
21,2143,0.5788222551345825,,,,,,,,,,,,,,,,,,,,,,
21,2144,0.549717903137207,,,,,,,,,,,,,,,,,,,,,,
21,2145,0.5487269759178162,,,,,,,,,,,,,,,,,,,,,,
21,2146,0.5519078373908997,,,,,,,,,,,,,,,,,,,,,,
21,2147,0.550765872001648,,,,,,,,,,,,,,,,,,,,,,
21,2148,0.5204194784164429,,,,,,,,,,,,,,,,,,,,,,
21,2149,0.5079945921897888,,,,,,,,,,,,,,,,,,,,,,
21,2150,0.5834202766418457,,,,,,,,,,,,,,,,,,,,,,
21,2151,0.5718309283256531,,,,,,,,,,,,,,,,,,,,,,
21,2152,0.5154603123664856,,,,,,,,,,,,,,,,,,,,,,
21,2153,0.4949397146701813,,,,,,,,,,,,,,,,,,,,,,
21,2154,0.573509156703949,,,,,,,,,,,,,,,,,,,,,,
21,2155,0.5293517112731934,,,,,,,,,,,,,,,,,,,,,,
21,2156,0.5845611691474915,,,,,,,,,,,,,,,,,,,,,,
21,2157,0.5074280500411987,,,,,,,,,,,,,,,,,,,,,,
21,2158,0.5444594025611877,,,,,,,,,,,,,,,,,,,,,,
21,2159,0.5145397186279297,,,,,,,,,,,,,,,,,,,,,,
21,2160,0.5420966744422913,,,,,,,,,,,,,,,,,,,,,,
21,2161,0.5035805702209473,,,,,,,,,,,,,,,,,,,,,,
21,2162,0.5030982494354248,,,,,,,,,,,,,,,,,,,,,,
21,2163,0.5229454040527344,,,,,,,,,,,,,,,,,,,,,,
21,2164,0.5504917502403259,,,,,,,,,,,,,,,,,,,,,,
21,2165,0.5670284032821655,,,,,,,,,,,,,,,,,,,,,,
21,2166,0.5321794152259827,,,,,,,,,,,,,,,,,,,,,,
21,2167,0.5919800400733948,,,,,,,,,,,,,,,,,,,,,,
21,2168,0.4908599555492401,,,,,,,,,,,,,,,,,,,,,,
21,2169,0.538719117641449,,,,,,,,,,,,,,,,,,,,,,
21,2170,0.5361805558204651,,,,,,,,,,,,,,,,,,,,,,
21,2171,0.557250440120697,,,,,,,,,,,,,,,,,,,,,,
21,2172,0.5464013814926147,,,,,,,,,,,,,,,,,,,,,,
21,2173,0.5473921895027161,,,,,,,,,,,,,,,,,,,,,,
21,2174,0.5513731241226196,,,,,,,,,,,,,,,,,,,,,,
21,2175,0.5531710982322693,,,,,,,,,,,,,,,,,,,,,,
21,2176,0.5073921084403992,,,,,,,,,,,,,,,,,,,,,,
21,2177,0.5233847498893738,,,,,,,,,,,,,,,,,,,,,,
21,2178,0.5053201913833618,,,,,,,,,,,,,,,,,,,,,,
21,2179,0.4942761957645416,,,,,,,,,,,,,,,,,,,,,,
21,2180,0.544863760471344,,,,,,,,,,,,,,,,,,,,,,
21,2181,0.608592689037323,,,,,,,,,,,,,,,,,,,,,,
21,2182,0.4929809868335724,,,,,,,,,,,,,,,,,,,,,,
21,2183,0.530073344707489,,,,,,,,,,,,,,,,,,,,,,
21,2184,0.5034680962562561,,,,,,,,,,,,,,,,,,,,,,
21,2185,0.5039995312690735,,,,,,,,,,,,,,,,,,,,,,
21,2186,0.49945345520973206,,,,,,,,,,,,,,,,,,,,,,
21,2187,0.509652316570282,,,,,,,,,,,,,,,,,,,,,,
21,2188,0.5538522005081177,,,,,,,,,,,,,,,,,,,,,,
21,2189,0.5324599146842957,,,,,,,,,,,,,,,,,,,,,,
21,2190,0.5641010403633118,,,,,,,,,,,,,,,,,,,,,,
21,2191,0.5871800184249878,,,,,,,,,,,,,,,,,,,,,,
21,2192,0.5220758318901062,,,,,,,,,,,,,,,,,,,,,,
21,2193,0.5619784593582153,,,,,,,,,,,,,,,,,,,,,,
21,2194,0.5508973002433777,,,,,,,,,,,,,,,,,,,,,,
21,2195,0.5754593014717102,,,,,,,,,,,,,,,,,,,,,,
21,2196,0.5741271376609802,,,,,,,,,,,,,,,,,,,,,,
21,2197,0.5337210297584534,,,,,,,,,,,,,,,,,,,,,,
21,2198,0.5822374224662781,,,,,,,,,,,,,,,,,,,,,,
21,2199,0.5386822819709778,,,,,,,,,,,,,,,,,,,,,,
21,2199,,0.3161212205886841,0.24571828544139862,1.529987096786499,12.172012329101562,141.93551635742188,0.3932420313358307,0.3075051009654999,0.6246104836463928,0.37831223011016846,0.6337985992431641,0.6999748349189758,1.5299869775772095,0.9834226965904236,13.260354995727539,0.7797629833221436,0.8595863580703735,1.0805937051773071,1.023213267326355,0.7797629833221436,0.8595863580703735,0.3932420313358307,0.3075051009654999
22,2200,0.5525528788566589,,,,,,,,,,,,,,,,,,,,,,
22,2201,0.5463727712631226,,,,,,,,,,,,,,,,,,,,,,
22,2202,0.5105829238891602,,,,,,,,,,,,,,,,,,,,,,
22,2203,0.5861772298812866,,,,,,,,,,,,,,,,,,,,,,
22,2204,0.5212130546569824,,,,,,,,,,,,,,,,,,,,,,
22,2205,0.5424162149429321,,,,,,,,,,,,,,,,,,,,,,
22,2206,0.5607390403747559,,,,,,,,,,,,,,,,,,,,,,
22,2207,0.5350930690765381,,,,,,,,,,,,,,,,,,,,,,
22,2208,0.5741969347000122,,,,,,,,,,,,,,,,,,,,,,
22,2209,0.5258162617683411,,,,,,,,,,,,,,,,,,,,,,
22,2210,0.550748348236084,,,,,,,,,,,,,,,,,,,,,,
22,2211,0.6106868386268616,,,,,,,,,,,,,,,,,,,,,,
22,2212,0.5498810410499573,,,,,,,,,,,,,,,,,,,,,,
22,2213,0.5686345100402832,,,,,,,,,,,,,,,,,,,,,,
22,2214,0.5312390327453613,,,,,,,,,,,,,,,,,,,,,,
22,2215,0.5497496128082275,,,,,,,,,,,,,,,,,,,,,,
22,2216,0.4807130694389343,,,,,,,,,,,,,,,,,,,,,,
22,2217,0.522682785987854,,,,,,,,,,,,,,,,,,,,,,
22,2218,0.5886192917823792,,,,,,,,,,,,,,,,,,,,,,
22,2219,0.4936824142932892,,,,,,,,,,,,,,,,,,,,,,
22,2220,0.570637047290802,,,,,,,,,,,,,,,,,,,,,,
22,2221,0.4866233468055725,,,,,,,,,,,,,,,,,,,,,,
22,2222,0.5463393330574036,,,,,,,,,,,,,,,,,,,,,,
22,2223,0.5196385979652405,,,,,,,,,,,,,,,,,,,,,,
22,2224,0.5225380063056946,,,,,,,,,,,,,,,,,,,,,,
22,2225,0.6307697892189026,,,,,,,,,,,,,,,,,,,,,,
22,2226,0.5734323859214783,,,,,,,,,,,,,,,,,,,,,,
22,2227,0.49671879410743713,,,,,,,,,,,,,,,,,,,,,,
22,2228,0.5134131908416748,,,,,,,,,,,,,,,,,,,,,,
22,2229,0.5494064688682556,,,,,,,,,,,,,,,,,,,,,,
22,2230,0.4906081557273865,,,,,,,,,,,,,,,,,,,,,,
22,2231,0.5651416778564453,,,,,,,,,,,,,,,,,,,,,,
22,2232,0.5229939818382263,,,,,,,,,,,,,,,,,,,,,,
22,2233,0.5410312414169312,,,,,,,,,,,,,,,,,,,,,,
22,2234,0.5922121405601501,,,,,,,,,,,,,,,,,,,,,,
22,2235,0.554268479347229,,,,,,,,,,,,,,,,,,,,,,
22,2236,0.4873056411743164,,,,,,,,,,,,,,,,,,,,,,
22,2237,0.5505163073539734,,,,,,,,,,,,,,,,,,,,,,
22,2238,0.5136379599571228,,,,,,,,,,,,,,,,,,,,,,
22,2239,0.47306033968925476,,,,,,,,,,,,,,,,,,,,,,
22,2240,0.5155346989631653,,,,,,,,,,,,,,,,,,,,,,
22,2241,0.5432168245315552,,,,,,,,,,,,,,,,,,,,,,
22,2242,0.5212175846099854,,,,,,,,,,,,,,,,,,,,,,
22,2243,0.5129562616348267,,,,,,,,,,,,,,,,,,,,,,
22,2244,0.552033007144928,,,,,,,,,,,,,,,,,,,,,,
22,2245,0.513148307800293,,,,,,,,,,,,,,,,,,,,,,
22,2246,0.49650678038597107,,,,,,,,,,,,,,,,,,,,,,
22,2247,0.5336899161338806,,,,,,,,,,,,,,,,,,,,,,
22,2248,0.5782669186592102,,,,,,,,,,,,,,,,,,,,,,
22,2249,0.5228075981140137,,,,,,,,,,,,,,,,,,,,,,
22,2250,0.5039219856262207,,,,,,,,,,,,,,,,,,,,,,
22,2251,0.4733033776283264,,,,,,,,,,,,,,,,,,,,,,
22,2252,0.5471328496932983,,,,,,,,,,,,,,,,,,,,,,
22,2253,0.5903747081756592,,,,,,,,,,,,,,,,,,,,,,
22,2254,0.5739390850067139,,,,,,,,,,,,,,,,,,,,,,
22,2255,0.5390982627868652,,,,,,,,,,,,,,,,,,,,,,
22,2256,0.5246419310569763,,,,,,,,,,,,,,,,,,,,,,
22,2257,0.5221501588821411,,,,,,,,,,,,,,,,,,,,,,
22,2258,0.5894860625267029,,,,,,,,,,,,,,,,,,,,,,
22,2259,0.5682156682014465,,,,,,,,,,,,,,,,,,,,,,
22,2260,0.5031591057777405,,,,,,,,,,,,,,,,,,,,,,
22,2261,0.5259954929351807,,,,,,,,,,,,,,,,,,,,,,
22,2262,0.5366250872612,,,,,,,,,,,,,,,,,,,,,,
22,2263,0.536399245262146,,,,,,,,,,,,,,,,,,,,,,
22,2264,0.4806305468082428,,,,,,,,,,,,,,,,,,,,,,
22,2265,0.524378776550293,,,,,,,,,,,,,,,,,,,,,,
22,2266,0.4996155798435211,,,,,,,,,,,,,,,,,,,,,,
22,2267,0.5192059874534607,,,,,,,,,,,,,,,,,,,,,,
22,2268,0.531096875667572,,,,,,,,,,,,,,,,,,,,,,
22,2269,0.5189659595489502,,,,,,,,,,,,,,,,,,,,,,
22,2270,0.5078256726264954,,,,,,,,,,,,,,,,,,,,,,
22,2271,0.517695426940918,,,,,,,,,,,,,,,,,,,,,,
22,2272,0.4897536337375641,,,,,,,,,,,,,,,,,,,,,,
22,2273,0.5472760200500488,,,,,,,,,,,,,,,,,,,,,,
22,2274,0.5428913235664368,,,,,,,,,,,,,,,,,,,,,,
22,2275,0.5103452801704407,,,,,,,,,,,,,,,,,,,,,,
22,2276,0.5245985388755798,,,,,,,,,,,,,,,,,,,,,,
22,2277,0.5264726281166077,,,,,,,,,,,,,,,,,,,,,,
22,2278,0.5196231603622437,,,,,,,,,,,,,,,,,,,,,,
22,2279,0.5395533442497253,,,,,,,,,,,,,,,,,,,,,,
22,2280,0.5067084431648254,,,,,,,,,,,,,,,,,,,,,,
22,2281,0.4850846529006958,,,,,,,,,,,,,,,,,,,,,,
22,2282,0.5296444892883301,,,,,,,,,,,,,,,,,,,,,,
22,2283,0.5527855157852173,,,,,,,,,,,,,,,,,,,,,,
22,2284,0.545233428478241,,,,,,,,,,,,,,,,,,,,,,
22,2285,0.4808838367462158,,,,,,,,,,,,,,,,,,,,,,
22,2286,0.5240281820297241,,,,,,,,,,,,,,,,,,,,,,
22,2287,0.5417865514755249,,,,,,,,,,,,,,,,,,,,,,
22,2288,0.5464766621589661,,,,,,,,,,,,,,,,,,,,,,
22,2289,0.565028727054596,,,,,,,,,,,,,,,,,,,,,,
22,2290,0.5384423732757568,,,,,,,,,,,,,,,,,,,,,,
22,2291,0.5430935621261597,,,,,,,,,,,,,,,,,,,,,,
22,2292,0.49334466457366943,,,,,,,,,,,,,,,,,,,,,,
22,2293,0.5411697030067444,,,,,,,,,,,,,,,,,,,,,,
22,2294,0.4698058068752289,,,,,,,,,,,,,,,,,,,,,,
22,2295,0.5153483152389526,,,,,,,,,,,,,,,,,,,,,,
22,2296,0.4678395092487335,,,,,,,,,,,,,,,,,,,,,,
22,2297,0.48306021094322205,,,,,,,,,,,,,,,,,,,,,,
22,2298,0.5195908546447754,,,,,,,,,,,,,,,,,,,,,,
22,2299,0.5659401416778564,,,,,,,,,,,,,,,,,,,,,,
22,2299,,0.29832011461257935,0.23353299498558044,1.4754161834716797,11.164031028747559,131.41151428222656,0.37161266803741455,0.2912891209125519,0.5954223275184631,0.36312270164489746,0.6081663370132446,0.6644423007965088,1.4754160642623901,0.9408843517303467,12.384541511535645,0.7499473690986633,0.8209624290466309,1.045146107673645,0.9811676740646362,0.7499473690986633,0.8209624290466309,0.37161266803741455,0.2912891209125519
23,2300,0.5407969355583191,,,,,,,,,,,,,,,,,,,,,,
23,2301,0.5334704518318176,,,,,,,,,,,,,,,,,,,,,,
23,2302,0.5271154046058655,,,,,,,,,,,,,,,,,,,,,,
23,2303,0.5541667938232422,,,,,,,,,,,,,,,,,,,,,,
23,2304,0.5325558185577393,,,,,,,,,,,,,,,,,,,,,,
23,2305,0.5380207896232605,,,,,,,,,,,,,,,,,,,,,,
23,2306,0.5356705784797668,,,,,,,,,,,,,,,,,,,,,,
23,2307,0.5456861853599548,,,,,,,,,,,,,,,,,,,,,,
23,2308,0.5180219411849976,,,,,,,,,,,,,,,,,,,,,,
23,2309,0.5128618478775024,,,,,,,,,,,,,,,,,,,,,,
23,2310,0.49753662943840027,,,,,,,,,,,,,,,,,,,,,,
23,2311,0.5100290775299072,,,,,,,,,,,,,,,,,,,,,,
23,2312,0.5476442575454712,,,,,,,,,,,,,,,,,,,,,,
23,2313,0.4780980944633484,,,,,,,,,,,,,,,,,,,,,,
23,2314,0.48974087834358215,,,,,,,,,,,,,,,,,,,,,,
23,2315,0.5410268902778625,,,,,,,,,,,,,,,,,,,,,,
23,2316,0.5421659350395203,,,,,,,,,,,,,,,,,,,,,,
23,2317,0.5204168558120728,,,,,,,,,,,,,,,,,,,,,,
23,2318,0.5520541667938232,,,,,,,,,,,,,,,,,,,,,,
23,2319,0.5288318395614624,,,,,,,,,,,,,,,,,,,,,,
23,2320,0.5109016299247742,,,,,,,,,,,,,,,,,,,,,,
23,2321,0.5252138376235962,,,,,,,,,,,,,,,,,,,,,,
23,2322,0.4941568970680237,,,,,,,,,,,,,,,,,,,,,,
23,2323,0.5190500020980835,,,,,,,,,,,,,,,,,,,,,,
23,2324,0.5317717790603638,,,,,,,,,,,,,,,,,,,,,,
23,2325,0.5239761471748352,,,,,,,,,,,,,,,,,,,,,,
23,2326,0.527009904384613,,,,,,,,,,,,,,,,,,,,,,
23,2327,0.5021120309829712,,,,,,,,,,,,,,,,,,,,,,
23,2328,0.4946574866771698,,,,,,,,,,,,,,,,,,,,,,
23,2329,0.5434445738792419,,,,,,,,,,,,,,,,,,,,,,
23,2330,0.46093061566352844,,,,,,,,,,,,,,,,,,,,,,
23,2331,0.5050483345985413,,,,,,,,,,,,,,,,,,,,,,
23,2332,0.4881122410297394,,,,,,,,,,,,,,,,,,,,,,
23,2333,0.4621525704860687,,,,,,,,,,,,,,,,,,,,,,
23,2334,0.5610687732696533,,,,,,,,,,,,,,,,,,,,,,
23,2335,0.48350271582603455,,,,,,,,,,,,,,,,,,,,,,
23,2336,0.4406758248806,,,,,,,,,,,,,,,,,,,,,,
23,2337,0.4976034462451935,,,,,,,,,,,,,,,,,,,,,,
23,2338,0.5044513940811157,,,,,,,,,,,,,,,,,,,,,,
23,2339,0.5065531730651855,,,,,,,,,,,,,,,,,,,,,,
23,2340,0.5475541353225708,,,,,,,,,,,,,,,,,,,,,,
23,2341,0.49662524461746216,,,,,,,,,,,,,,,,,,,,,,
23,2342,0.5154540538787842,,,,,,,,,,,,,,,,,,,,,,
23,2343,0.528163492679596,,,,,,,,,,,,,,,,,,,,,,
23,2344,0.4824690520763397,,,,,,,,,,,,,,,,,,,,,,
23,2345,0.5471855401992798,,,,,,,,,,,,,,,,,,,,,,
23,2346,0.5713666081428528,,,,,,,,,,,,,,,,,,,,,,
23,2347,0.5239924788475037,,,,,,,,,,,,,,,,,,,,,,
23,2348,0.49298056960105896,,,,,,,,,,,,,,,,,,,,,,
23,2349,0.5858950018882751,,,,,,,,,,,,,,,,,,,,,,
23,2350,0.5241864323616028,,,,,,,,,,,,,,,,,,,,,,
23,2351,0.5303719639778137,,,,,,,,,,,,,,,,,,,,,,
23,2352,0.4836636185646057,,,,,,,,,,,,,,,,,,,,,,
23,2353,0.5329791903495789,,,,,,,,,,,,,,,,,,,,,,
23,2354,0.5141913294792175,,,,,,,,,,,,,,,,,,,,,,
23,2355,0.5544385313987732,,,,,,,,,,,,,,,,,,,,,,
23,2356,0.5169933438301086,,,,,,,,,,,,,,,,,,,,,,
23,2357,0.5520424842834473,,,,,,,,,,,,,,,,,,,,,,
23,2358,0.5121123194694519,,,,,,,,,,,,,,,,,,,,,,
23,2359,0.49565842747688293,,,,,,,,,,,,,,,,,,,,,,
23,2360,0.5390498638153076,,,,,,,,,,,,,,,,,,,,,,
23,2361,0.5205170512199402,,,,,,,,,,,,,,,,,,,,,,
23,2362,0.471688836812973,,,,,,,,,,,,,,,,,,,,,,
23,2363,0.5063415765762329,,,,,,,,,,,,,,,,,,,,,,
23,2364,0.56769859790802,,,,,,,,,,,,,,,,,,,,,,
23,2365,0.474959135055542,,,,,,,,,,,,,,,,,,,,,,
23,2366,0.5256940722465515,,,,,,,,,,,,,,,,,,,,,,
23,2367,0.5530173778533936,,,,,,,,,,,,,,,,,,,,,,
23,2368,0.528925359249115,,,,,,,,,,,,,,,,,,,,,,
23,2369,0.5257406830787659,,,,,,,,,,,,,,,,,,,,,,
23,2370,0.5470320582389832,,,,,,,,,,,,,,,,,,,,,,
23,2371,0.46668189764022827,,,,,,,,,,,,,,,,,,,,,,
23,2372,0.5127711892127991,,,,,,,,,,,,,,,,,,,,,,
23,2373,0.524461567401886,,,,,,,,,,,,,,,,,,,,,,
23,2374,0.5254206657409668,,,,,,,,,,,,,,,,,,,,,,
23,2375,0.45755162835121155,,,,,,,,,,,,,,,,,,,,,,
23,2376,0.4982105791568756,,,,,,,,,,,,,,,,,,,,,,
23,2377,0.4789445102214813,,,,,,,,,,,,,,,,,,,,,,
23,2378,0.4860495328903198,,,,,,,,,,,,,,,,,,,,,,
23,2379,0.5018264055252075,,,,,,,,,,,,,,,,,,,,,,
23,2380,0.5218295454978943,,,,,,,,,,,,,,,,,,,,,,
23,2381,0.48156803846359253,,,,,,,,,,,,,,,,,,,,,,
23,2382,0.49924877285957336,,,,,,,,,,,,,,,,,,,,,,
23,2383,0.5372938513755798,,,,,,,,,,,,,,,,,,,,,,
23,2384,0.44217416644096375,,,,,,,,,,,,,,,,,,,,,,
23,2385,0.4780079424381256,,,,,,,,,,,,,,,,,,,,,,
23,2386,0.5566927194595337,,,,,,,,,,,,,,,,,,,,,,
23,2387,0.4614964425563812,,,,,,,,,,,,,,,,,,,,,,
23,2388,0.4963735044002533,,,,,,,,,,,,,,,,,,,,,,
23,2389,0.5054100751876831,,,,,,,,,,,,,,,,,,,,,,
23,2390,0.5069103240966797,,,,,,,,,,,,,,,,,,,,,,
23,2391,0.5133049488067627,,,,,,,,,,,,,,,,,,,,,,
23,2392,0.48221853375434875,,,,,,,,,,,,,,,,,,,,,,
23,2393,0.5096961259841919,,,,,,,,,,,,,,,,,,,,,,
23,2394,0.4364970624446869,,,,,,,,,,,,,,,,,,,,,,
23,2395,0.4579305350780487,,,,,,,,,,,,,,,,,,,,,,
23,2396,0.45731353759765625,,,,,,,,,,,,,,,,,,,,,,
23,2397,0.5080240368843079,,,,,,,,,,,,,,,,,,,,,,
23,2398,0.5405542850494385,,,,,,,,,,,,,,,,,,,,,,
23,2399,0.49218541383743286,,,,,,,,,,,,,,,,,,,,,,
23,2399,,0.30108019709587097,0.2327772080898285,1.48829984664917,11.223618507385254,129.6732635498047,0.3769519627094269,0.2909795939922333,0.5963908433914185,0.3590373992919922,0.6094183325767517,0.673526406288147,1.4882997274398804,0.957737922668457,12.66723918914795,0.7529546022415161,0.8345155119895935,1.0475913286209106,0.9982268810272217,0.7529546022415161,0.8345155119895935,0.3769519627094269,0.2909795939922333
24,2400,0.4678826332092285,,,,,,,,,,,,,,,,,,,,,,
24,2401,0.5030912160873413,,,,,,,,,,,,,,,,,,,,,,
24,2402,0.4964633882045746,,,,,,,,,,,,,,,,,,,,,,
24,2403,0.5106087327003479,,,,,,,,,,,,,,,,,,,,,,
24,2404,0.489744633436203,,,,,,,,,,,,,,,,,,,,,,
24,2405,0.44442039728164673,,,,,,,,,,,,,,,,,,,,,,
24,2406,0.4834964871406555,,,,,,,,,,,,,,,,,,,,,,
24,2407,0.4602161943912506,,,,,,,,,,,,,,,,,,,,,,
24,2408,0.48624664545059204,,,,,,,,,,,,,,,,,,,,,,
24,2409,0.5193743109703064,,,,,,,,,,,,,,,,,,,,,,
24,2410,0.47285041213035583,,,,,,,,,,,,,,,,,,,,,,
24,2411,0.508917510509491,,,,,,,,,,,,,,,,,,,,,,
24,2412,0.46168023347854614,,,,,,,,,,,,,,,,,,,,,,
24,2413,0.5105618834495544,,,,,,,,,,,,,,,,,,,,,,
24,2414,0.4514146149158478,,,,,,,,,,,,,,,,,,,,,,
24,2415,0.46644657850265503,,,,,,,,,,,,,,,,,,,,,,
24,2416,0.5163162350654602,,,,,,,,,,,,,,,,,,,,,,
24,2417,0.5189857482910156,,,,,,,,,,,,,,,,,,,,,,
24,2418,0.5177536010742188,,,,,,,,,,,,,,,,,,,,,,
24,2419,0.5062417387962341,,,,,,,,,,,,,,,,,,,,,,
24,2420,0.47200801968574524,,,,,,,,,,,,,,,,,,,,,,
24,2421,0.4532603919506073,,,,,,,,,,,,,,,,,,,,,,
24,2422,0.48005276918411255,,,,,,,,,,,,,,,,,,,,,,
24,2423,0.4922017455101013,,,,,,,,,,,,,,,,,,,,,,
24,2424,0.5357616543769836,,,,,,,,,,,,,,,,,,,,,,
24,2425,0.4699074625968933,,,,,,,,,,,,,,,,,,,,,,
24,2426,0.49388694763183594,,,,,,,,,,,,,,,,,,,,,,
24,2427,0.557957649230957,,,,,,,,,,,,,,,,,,,,,,
24,2428,0.49975886940956116,,,,,,,,,,,,,,,,,,,,,,
24,2429,0.48754245042800903,,,,,,,,,,,,,,,,,,,,,,
24,2430,0.5035273432731628,,,,,,,,,,,,,,,,,,,,,,
24,2431,0.4875488877296448,,,,,,,,,,,,,,,,,,,,,,
24,2432,0.5119671821594238,,,,,,,,,,,,,,,,,,,,,,
24,2433,0.5307556390762329,,,,,,,,,,,,,,,,,,,,,,
24,2434,0.5078170895576477,,,,,,,,,,,,,,,,,,,,,,
24,2435,0.46131980419158936,,,,,,,,,,,,,,,,,,,,,,
24,2436,0.5027250647544861,,,,,,,,,,,,,,,,,,,,,,
24,2437,0.4946894943714142,,,,,,,,,,,,,,,,,,,,,,
24,2438,0.5152162909507751,,,,,,,,,,,,,,,,,,,,,,
24,2439,0.4904475510120392,,,,,,,,,,,,,,,,,,,,,,
24,2440,0.45934727787971497,,,,,,,,,,,,,,,,,,,,,,
24,2441,0.5179339051246643,,,,,,,,,,,,,,,,,,,,,,
24,2442,0.47664985060691833,,,,,,,,,,,,,,,,,,,,,,
24,2443,0.5527900457382202,,,,,,,,,,,,,,,,,,,,,,
24,2444,0.5293787121772766,,,,,,,,,,,,,,,,,,,,,,
24,2445,0.5381988286972046,,,,,,,,,,,,,,,,,,,,,,
24,2446,0.498457670211792,,,,,,,,,,,,,,,,,,,,,,
24,2447,0.501491904258728,,,,,,,,,,,,,,,,,,,,,,
24,2448,0.46508854627609253,,,,,,,,,,,,,,,,,,,,,,
24,2449,0.4932459592819214,,,,,,,,,,,,,,,,,,,,,,
24,2450,0.500213086605072,,,,,,,,,,,,,,,,,,,,,,
24,2451,0.5217611193656921,,,,,,,,,,,,,,,,,,,,,,
24,2452,0.4942452907562256,,,,,,,,,,,,,,,,,,,,,,
24,2453,0.5398575067520142,,,,,,,,,,,,,,,,,,,,,,
24,2454,0.485096275806427,,,,,,,,,,,,,,,,,,,,,,
24,2455,0.4765489399433136,,,,,,,,,,,,,,,,,,,,,,
24,2456,0.5077718496322632,,,,,,,,,,,,,,,,,,,,,,
24,2457,0.4761096239089966,,,,,,,,,,,,,,,,,,,,,,
24,2458,0.5193263292312622,,,,,,,,,,,,,,,,,,,,,,
24,2459,0.5078877210617065,,,,,,,,,,,,,,,,,,,,,,
24,2460,0.4751589894294739,,,,,,,,,,,,,,,,,,,,,,
24,2461,0.5106018781661987,,,,,,,,,,,,,,,,,,,,,,
24,2462,0.4565434157848358,,,,,,,,,,,,,,,,,,,,,,
24,2463,0.5081123113632202,,,,,,,,,,,,,,,,,,,,,,
24,2464,0.48409193754196167,,,,,,,,,,,,,,,,,,,,,,
24,2465,0.48100754618644714,,,,,,,,,,,,,,,,,,,,,,
24,2466,0.4679388403892517,,,,,,,,,,,,,,,,,,,,,,
24,2467,0.49705615639686584,,,,,,,,,,,,,,,,,,,,,,
24,2468,0.4695065915584564,,,,,,,,,,,,,,,,,,,,,,
24,2469,0.4696040153503418,,,,,,,,,,,,,,,,,,,,,,
24,2470,0.46587422490119934,,,,,,,,,,,,,,,,,,,,,,
24,2471,0.5112736225128174,,,,,,,,,,,,,,,,,,,,,,
24,2472,0.49828240275382996,,,,,,,,,,,,,,,,,,,,,,
24,2473,0.49213913083076477,,,,,,,,,,,,,,,,,,,,,,
24,2474,0.4956788718700409,,,,,,,,,,,,,,,,,,,,,,
24,2475,0.4849072992801666,,,,,,,,,,,,,,,,,,,,,,
24,2476,0.485212117433548,,,,,,,,,,,,,,,,,,,,,,
24,2477,0.5339926481246948,,,,,,,,,,,,,,,,,,,,,,
24,2478,0.48292264342308044,,,,,,,,,,,,,,,,,,,,,,
24,2479,0.4509570896625519,,,,,,,,,,,,,,,,,,,,,,
24,2480,0.5209554433822632,,,,,,,,,,,,,,,,,,,,,,
24,2481,0.5178377628326416,,,,,,,,,,,,,,,,,,,,,,
24,2482,0.4747914969921112,,,,,,,,,,,,,,,,,,,,,,
24,2483,0.5368072986602783,,,,,,,,,,,,,,,,,,,,,,
24,2484,0.5167895555496216,,,,,,,,,,,,,,,,,,,,,,
24,2485,0.44628527760505676,,,,,,,,,,,,,,,,,,,,,,
24,2486,0.4863998293876648,,,,,,,,,,,,,,,,,,,,,,
24,2487,0.4992550015449524,,,,,,,,,,,,,,,,,,,,,,
24,2488,0.48044419288635254,,,,,,,,,,,,,,,,,,,,,,
24,2489,0.5555985569953918,,,,,,,,,,,,,,,,,,,,,,
24,2490,0.45129790902137756,,,,,,,,,,,,,,,,,,,,,,
24,2491,0.4972270727157593,,,,,,,,,,,,,,,,,,,,,,
24,2492,0.48465096950531006,,,,,,,,,,,,,,,,,,,,,,
24,2493,0.4565642476081848,,,,,,,,,,,,,,,,,,,,,,
24,2494,0.4563620388507843,,,,,,,,,,,,,,,,,,,,,,
24,2495,0.4769095480442047,,,,,,,,,,,,,,,,,,,,,,
24,2496,0.4622945189476013,,,,,,,,,,,,,,,,,,,,,,
24,2497,0.46984928846359253,,,,,,,,,,,,,,,,,,,,,,
24,2498,0.4829760491847992,,,,,,,,,,,,,,,,,,,,,,
24,2499,0.468904584646225,,,,,,,,,,,,,,,,,,,,,,
24,2499,,0.3066142499446869,0.24201233685016632,1.4987729787826538,11.596420288085938,139.50350952148438,0.380536288022995,0.300607830286026,0.6076275706291199,0.37138134241104126,0.6140002608299255,0.7024606466293335,1.4987728595733643,0.9493981003761292,13.212779998779297,0.7598312497138977,0.8648582100868225,1.0541799068450928,1.0296634435653687,0.7598312497138977,0.8648582100868225,0.380536288022995,0.300607830286026
25,2500,0.49856406450271606,,,,,,,,,,,,,,,,,,,,,,
25,2501,0.466294527053833,,,,,,,,,,,,,,,,,,,,,,
25,2502,0.521487295627594,,,,,,,,,,,,,,,,,,,,,,
25,2503,0.45124807953834534,,,,,,,,,,,,,,,,,,,,,,
25,2504,0.506017804145813,,,,,,,,,,,,,,,,,,,,,,
25,2505,0.47454750537872314,,,,,,,,,,,,,,,,,,,,,,
25,2506,0.4601287245750427,,,,,,,,,,,,,,,,,,,,,,
25,2507,0.48541149497032166,,,,,,,,,,,,,,,,,,,,,,
25,2508,0.4798416495323181,,,,,,,,,,,,,,,,,,,,,,
25,2509,0.4790422022342682,,,,,,,,,,,,,,,,,,,,,,
25,2510,0.4612203538417816,,,,,,,,,,,,,,,,,,,,,,
25,2511,0.4427623450756073,,,,,,,,,,,,,,,,,,,,,,
25,2512,0.4817947447299957,,,,,,,,,,,,,,,,,,,,,,
25,2513,0.492503821849823,,,,,,,,,,,,,,,,,,,,,,
25,2514,0.5415685176849365,,,,,,,,,,,,,,,,,,,,,,
25,2515,0.5487913489341736,,,,,,,,,,,,,,,,,,,,,,
25,2516,0.41680341958999634,,,,,,,,,,,,,,,,,,,,,,
25,2517,0.4879801571369171,,,,,,,,,,,,,,,,,,,,,,
25,2518,0.49411317706108093,,,,,,,,,,,,,,,,,,,,,,
25,2519,0.482876718044281,,,,,,,,,,,,,,,,,,,,,,
25,2520,0.5164503455162048,,,,,,,,,,,,,,,,,,,,,,
25,2521,0.4754093289375305,,,,,,,,,,,,,,,,,,,,,,
25,2522,0.41172245144844055,,,,,,,,,,,,,,,,,,,,,,
25,2523,0.5547417998313904,,,,,,,,,,,,,,,,,,,,,,
25,2524,0.464386522769928,,,,,,,,,,,,,,,,,,,,,,
25,2525,0.4674358665943146,,,,,,,,,,,,,,,,,,,,,,
25,2526,0.44227135181427,,,,,,,,,,,,,,,,,,,,,,
25,2527,0.48390626907348633,,,,,,,,,,,,,,,,,,,,,,
25,2528,0.4815008342266083,,,,,,,,,,,,,,,,,,,,,,
25,2529,0.47367000579833984,,,,,,,,,,,,,,,,,,,,,,
25,2530,0.48830774426460266,,,,,,,,,,,,,,,,,,,,,,
25,2531,0.44439035654067993,,,,,,,,,,,,,,,,,,,,,,
25,2532,0.4494207799434662,,,,,,,,,,,,,,,,,,,,,,
25,2533,0.4406300187110901,,,,,,,,,,,,,,,,,,,,,,
25,2534,0.4257139265537262,,,,,,,,,,,,,,,,,,,,,,
25,2535,0.48906221985816956,,,,,,,,,,,,,,,,,,,,,,
25,2536,0.5075714588165283,,,,,,,,,,,,,,,,,,,,,,
25,2537,0.46405696868896484,,,,,,,,,,,,,,,,,,,,,,
25,2538,0.4821643531322479,,,,,,,,,,,,,,,,,,,,,,
25,2539,0.43578311800956726,,,,,,,,,,,,,,,,,,,,,,
25,2540,0.4832170009613037,,,,,,,,,,,,,,,,,,,,,,
25,2541,0.4830510914325714,,,,,,,,,,,,,,,,,,,,,,
25,2542,0.5168390870094299,,,,,,,,,,,,,,,,,,,,,,
25,2543,0.513203501701355,,,,,,,,,,,,,,,,,,,,,,
25,2544,0.4773728549480438,,,,,,,,,,,,,,,,,,,,,,
25,2545,0.4883968234062195,,,,,,,,,,,,,,,,,,,,,,
25,2546,0.5024129152297974,,,,,,,,,,,,,,,,,,,,,,
25,2547,0.4885902404785156,,,,,,,,,,,,,,,,,,,,,,
25,2548,0.4816012978553772,,,,,,,,,,,,,,,,,,,,,,
25,2549,0.4505019783973694,,,,,,,,,,,,,,,,,,,,,,
25,2550,0.49500182271003723,,,,,,,,,,,,,,,,,,,,,,
25,2551,0.5385119318962097,,,,,,,,,,,,,,,,,,,,,,
25,2552,0.48617687821388245,,,,,,,,,,,,,,,,,,,,,,
25,2553,0.48854365944862366,,,,,,,,,,,,,,,,,,,,,,
25,2554,0.4519544541835785,,,,,,,,,,,,,,,,,,,,,,
25,2555,0.46659326553344727,,,,,,,,,,,,,,,,,,,,,,
25,2556,0.49332600831985474,,,,,,,,,,,,,,,,,,,,,,
25,2557,0.4882561266422272,,,,,,,,,,,,,,,,,,,,,,
25,2558,0.4733729660511017,,,,,,,,,,,,,,,,,,,,,,
25,2559,0.5108758211135864,,,,,,,,,,,,,,,,,,,,,,
25,2560,0.4984378218650818,,,,,,,,,,,,,,,,,,,,,,
25,2561,0.48393714427948,,,,,,,,,,,,,,,,,,,,,,
25,2562,0.47422143816947937,,,,,,,,,,,,,,,,,,,,,,
25,2563,0.47793543338775635,,,,,,,,,,,,,,,,,,,,,,
25,2564,0.4562174677848816,,,,,,,,,,,,,,,,,,,,,,
25,2565,0.4680602550506592,,,,,,,,,,,,,,,,,,,,,,
25,2566,0.539018988609314,,,,,,,,,,,,,,,,,,,,,,
25,2567,0.4893573522567749,,,,,,,,,,,,,,,,,,,,,,
25,2568,0.5273507833480835,,,,,,,,,,,,,,,,,,,,,,
25,2569,0.4869292974472046,,,,,,,,,,,,,,,,,,,,,,
25,2570,0.4288375675678253,,,,,,,,,,,,,,,,,,,,,,
25,2571,0.48648807406425476,,,,,,,,,,,,,,,,,,,,,,
25,2572,0.5058954358100891,,,,,,,,,,,,,,,,,,,,,,
25,2573,0.42544427514076233,,,,,,,,,,,,,,,,,,,,,,
25,2574,0.5159913301467896,,,,,,,,,,,,,,,,,,,,,,
25,2575,0.426171213388443,,,,,,,,,,,,,,,,,,,,,,
25,2576,0.4865838289260864,,,,,,,,,,,,,,,,,,,,,,
25,2577,0.4732992649078369,,,,,,,,,,,,,,,,,,,,,,
25,2578,0.4878299832344055,,,,,,,,,,,,,,,,,,,,,,
25,2579,0.4821448028087616,,,,,,,,,,,,,,,,,,,,,,
25,2580,0.465218722820282,,,,,,,,,,,,,,,,,,,,,,
25,2581,0.4945662021636963,,,,,,,,,,,,,,,,,,,,,,
25,2582,0.46886706352233887,,,,,,,,,,,,,,,,,,,,,,
25,2583,0.4566099941730499,,,,,,,,,,,,,,,,,,,,,,
25,2584,0.4237675368785858,,,,,,,,,,,,,,,,,,,,,,
25,2585,0.4867366850376129,,,,,,,,,,,,,,,,,,,,,,
25,2586,0.4725720286369324,,,,,,,,,,,,,,,,,,,,,,
25,2587,0.4680803120136261,,,,,,,,,,,,,,,,,,,,,,
25,2588,0.44422781467437744,,,,,,,,,,,,,,,,,,,,,,
25,2589,0.5069831013679504,,,,,,,,,,,,,,,,,,,,,,
25,2590,0.46446362137794495,,,,,,,,,,,,,,,,,,,,,,
25,2591,0.5103215575218201,,,,,,,,,,,,,,,,,,,,,,
25,2592,0.487616628408432,,,,,,,,,,,,,,,,,,,,,,
25,2593,0.4977826178073883,,,,,,,,,,,,,,,,,,,,,,
25,2594,0.45367860794067383,,,,,,,,,,,,,,,,,,,,,,
25,2595,0.46922218799591064,,,,,,,,,,,,,,,,,,,,,,
25,2596,0.48322659730911255,,,,,,,,,,,,,,,,,,,,,,
25,2597,0.44884124398231506,,,,,,,,,,,,,,,,,,,,,,
25,2598,0.4620154798030853,,,,,,,,,,,,,,,,,,,,,,
25,2599,0.4989006519317627,,,,,,,,,,,,,,,,,,,,,,
25,2599,,0.3015219569206238,0.23760780692100525,1.484784722328186,11.142830848693848,134.4857940673828,0.37617188692092896,0.29666703939437866,0.600448489189148,0.3684256970882416,0.6076894998550415,0.6759229302406311,1.484784722328186,0.9349531531333923,12.904854774475098,0.7515303492546082,0.8341461420059204,1.0456866025924683,0.996910572052002,0.7515303492546082,0.8341461420059204,0.37617188692092896,0.29666703939437866
26,2600,0.4644305408000946,,,,,,,,,,,,,,,,,,,,,,
26,2601,0.49603936076164246,,,,,,,,,,,,,,,,,,,,,,
26,2602,0.474884033203125,,,,,,,,,,,,,,,,,,,,,,
26,2603,0.45063239336013794,,,,,,,,,,,,,,,,,,,,,,
26,2604,0.44209787249565125,,,,,,,,,,,,,,,,,,,,,,
26,2605,0.4154894948005676,,,,,,,,,,,,,,,,,,,,,,
26,2606,0.49160611629486084,,,,,,,,,,,,,,,,,,,,,,
26,2607,0.4733048379421234,,,,,,,,,,,,,,,,,,,,,,
26,2608,0.4066365361213684,,,,,,,,,,,,,,,,,,,,,,
26,2609,0.42955902218818665,,,,,,,,,,,,,,,,,,,,,,
26,2610,0.4163103401660919,,,,,,,,,,,,,,,,,,,,,,
26,2611,0.4723178446292877,,,,,,,,,,,,,,,,,,,,,,
26,2612,0.4770396649837494,,,,,,,,,,,,,,,,,,,,,,
26,2613,0.5115754008293152,,,,,,,,,,,,,,,,,,,,,,
26,2614,0.49198201298713684,,,,,,,,,,,,,,,,,,,,,,
26,2615,0.5071137547492981,,,,,,,,,,,,,,,,,,,,,,
26,2616,0.461185485124588,,,,,,,,,,,,,,,,,,,,,,
26,2617,0.45077186822891235,,,,,,,,,,,,,,,,,,,,,,
26,2618,0.4382934272289276,,,,,,,,,,,,,,,,,,,,,,
26,2619,0.4864194691181183,,,,,,,,,,,,,,,,,,,,,,
26,2620,0.45016932487487793,,,,,,,,,,,,,,,,,,,,,,
26,2621,0.47323930263519287,,,,,,,,,,,,,,,,,,,,,,
26,2622,0.47252872586250305,,,,,,,,,,,,,,,,,,,,,,
26,2623,0.46404626965522766,,,,,,,,,,,,,,,,,,,,,,
26,2624,0.4963245391845703,,,,,,,,,,,,,,,,,,,,,,
26,2625,0.48809629678726196,,,,,,,,,,,,,,,,,,,,,,
26,2626,0.43576908111572266,,,,,,,,,,,,,,,,,,,,,,
26,2627,0.41526857018470764,,,,,,,,,,,,,,,,,,,,,,
26,2628,0.48099443316459656,,,,,,,,,,,,,,,,,,,,,,
26,2629,0.4474792182445526,,,,,,,,,,,,,,,,,,,,,,
26,2630,0.4483073055744171,,,,,,,,,,,,,,,,,,,,,,
26,2631,0.4548359513282776,,,,,,,,,,,,,,,,,,,,,,
26,2632,0.44784286618232727,,,,,,,,,,,,,,,,,,,,,,
26,2633,0.45917677879333496,,,,,,,,,,,,,,,,,,,,,,
26,2634,0.4281918704509735,,,,,,,,,,,,,,,,,,,,,,
26,2635,0.48135560750961304,,,,,,,,,,,,,,,,,,,,,,
26,2636,0.4358062744140625,,,,,,,,,,,,,,,,,,,,,,
26,2637,0.4687158465385437,,,,,,,,,,,,,,,,,,,,,,
26,2638,0.4411483705043793,,,,,,,,,,,,,,,,,,,,,,
26,2639,0.4593759775161743,,,,,,,,,,,,,,,,,,,,,,
26,2640,0.45490846037864685,,,,,,,,,,,,,,,,,,,,,,
26,2641,0.4825018644332886,,,,,,,,,,,,,,,,,,,,,,
26,2642,0.4450167715549469,,,,,,,,,,,,,,,,,,,,,,
26,2643,0.4502010643482208,,,,,,,,,,,,,,,,,,,,,,
26,2644,0.4892421066761017,,,,,,,,,,,,,,,,,,,,,,
26,2645,0.4164843261241913,,,,,,,,,,,,,,,,,,,,,,
26,2646,0.49236488342285156,,,,,,,,,,,,,,,,,,,,,,
26,2647,0.49038755893707275,,,,,,,,,,,,,,,,,,,,,,
26,2648,0.47111114859580994,,,,,,,,,,,,,,,,,,,,,,
26,2649,0.4315718114376068,,,,,,,,,,,,,,,,,,,,,,
26,2650,0.4538383483886719,,,,,,,,,,,,,,,,,,,,,,
26,2651,0.41200876235961914,,,,,,,,,,,,,,,,,,,,,,
26,2652,0.4557083547115326,,,,,,,,,,,,,,,,,,,,,,
26,2653,0.49263715744018555,,,,,,,,,,,,,,,,,,,,,,
26,2654,0.45239636301994324,,,,,,,,,,,,,,,,,,,,,,
26,2655,0.45716193318367004,,,,,,,,,,,,,,,,,,,,,,
26,2656,0.4552256464958191,,,,,,,,,,,,,,,,,,,,,,
26,2657,0.44313162565231323,,,,,,,,,,,,,,,,,,,,,,
26,2658,0.43913576006889343,,,,,,,,,,,,,,,,,,,,,,
26,2659,0.4526410698890686,,,,,,,,,,,,,,,,,,,,,,
26,2660,0.5228183269500732,,,,,,,,,,,,,,,,,,,,,,
26,2661,0.4572978615760803,,,,,,,,,,,,,,,,,,,,,,
26,2662,0.4855825901031494,,,,,,,,,,,,,,,,,,,,,,
26,2663,0.5061370134353638,,,,,,,,,,,,,,,,,,,,,,
26,2664,0.4372907280921936,,,,,,,,,,,,,,,,,,,,,,
26,2665,0.48184069991111755,,,,,,,,,,,,,,,,,,,,,,
26,2666,0.44924211502075195,,,,,,,,,,,,,,,,,,,,,,
26,2667,0.45162731409072876,,,,,,,,,,,,,,,,,,,,,,
26,2668,0.49482372403144836,,,,,,,,,,,,,,,,,,,,,,
26,2669,0.45816749334335327,,,,,,,,,,,,,,,,,,,,,,
26,2670,0.4648791551589966,,,,,,,,,,,,,,,,,,,,,,
26,2671,0.43762677907943726,,,,,,,,,,,,,,,,,,,,,,
26,2672,0.4397779107093811,,,,,,,,,,,,,,,,,,,,,,
26,2673,0.46244001388549805,,,,,,,,,,,,,,,,,,,,,,
26,2674,0.5133200287818909,,,,,,,,,,,,,,,,,,,,,,
26,2675,0.48674020171165466,,,,,,,,,,,,,,,,,,,,,,
26,2676,0.4296594560146332,,,,,,,,,,,,,,,,,,,,,,
26,2677,0.4073261618614197,,,,,,,,,,,,,,,,,,,,,,
26,2678,0.47563913464546204,,,,,,,,,,,,,,,,,,,,,,
26,2679,0.40879037976264954,,,,,,,,,,,,,,,,,,,,,,
26,2680,0.534157395362854,,,,,,,,,,,,,,,,,,,,,,
26,2681,0.4304128587245941,,,,,,,,,,,,,,,,,,,,,,
26,2682,0.4440430700778961,,,,,,,,,,,,,,,,,,,,,,
26,2683,0.5283435583114624,,,,,,,,,,,,,,,,,,,,,,
26,2684,0.4759756326675415,,,,,,,,,,,,,,,,,,,,,,
26,2685,0.44817203283309937,,,,,,,,,,,,,,,,,,,,,,
26,2686,0.43931660056114197,,,,,,,,,,,,,,,,,,,,,,
26,2687,0.4661765396595001,,,,,,,,,,,,,,,,,,,,,,
26,2688,0.48328107595443726,,,,,,,,,,,,,,,,,,,,,,
26,2689,0.44570937752723694,,,,,,,,,,,,,,,,,,,,,,
26,2690,0.4811280369758606,,,,,,,,,,,,,,,,,,,,,,
26,2691,0.4389154016971588,,,,,,,,,,,,,,,,,,,,,,
26,2692,0.4338265657424927,,,,,,,,,,,,,,,,,,,,,,
26,2693,0.5127325654029846,,,,,,,,,,,,,,,,,,,,,,
26,2694,0.4309084713459015,,,,,,,,,,,,,,,,,,,,,,
26,2695,0.402902215719223,,,,,,,,,,,,,,,,,,,,,,
26,2696,0.47676748037338257,,,,,,,,,,,,,,,,,,,,,,
26,2697,0.46338874101638794,,,,,,,,,,,,,,,,,,,,,,
26,2698,0.49090251326560974,,,,,,,,,,,,,,,,,,,,,,
26,2699,0.42861729860305786,,,,,,,,,,,,,,,,,,,,,,
26,2699,,0.3016558289527893,0.2364494800567627,1.4977610111236572,11.353484153747559,133.4882049560547,0.3746483027935028,0.29470357298851013,0.6018084287643433,0.3639332056045532,0.6095096468925476,0.6721203923225403,1.4977608919143677,0.9360469579696655,12.45058536529541,0.7490136623382568,0.8284387588500977,1.0403048992156982,0.9826061725616455,0.7490136623382568,0.8284387588500977,0.3746483027935028,0.29470357298851013
27,2700,0.4769187867641449,,,,,,,,,,,,,,,,,,,,,,
27,2701,0.4717400074005127,,,,,,,,,,,,,,,,,,,,,,
27,2702,0.4433441460132599,,,,,,,,,,,,,,,,,,,,,,
27,2703,0.43970176577568054,,,,,,,,,,,,,,,,,,,,,,
27,2704,0.42051276564598083,,,,,,,,,,,,,,,,,,,,,,
27,2705,0.4426300525665283,,,,,,,,,,,,,,,,,,,,,,
27,2706,0.47405967116355896,,,,,,,,,,,,,,,,,,,,,,
27,2707,0.435091108083725,,,,,,,,,,,,,,,,,,,,,,
27,2708,0.411178320646286,,,,,,,,,,,,,,,,,,,,,,
27,2709,0.4517449140548706,,,,,,,,,,,,,,,,,,,,,,
27,2710,0.47861340641975403,,,,,,,,,,,,,,,,,,,,,,
27,2711,0.44186481833457947,,,,,,,,,,,,,,,,,,,,,,
27,2712,0.5034864544868469,,,,,,,,,,,,,,,,,,,,,,
27,2713,0.4540051221847534,,,,,,,,,,,,,,,,,,,,,,
27,2714,0.43538960814476013,,,,,,,,,,,,,,,,,,,,,,
27,2715,0.4510197341442108,,,,,,,,,,,,,,,,,,,,,,
27,2716,0.5016999840736389,,,,,,,,,,,,,,,,,,,,,,
27,2717,0.4167001247406006,,,,,,,,,,,,,,,,,,,,,,
27,2718,0.4692409038543701,,,,,,,,,,,,,,,,,,,,,,
27,2719,0.4861483573913574,,,,,,,,,,,,,,,,,,,,,,
27,2720,0.45504137873649597,,,,,,,,,,,,,,,,,,,,,,
27,2721,0.39080092310905457,,,,,,,,,,,,,,,,,,,,,,
27,2722,0.4473624527454376,,,,,,,,,,,,,,,,,,,,,,
27,2723,0.4737433195114136,,,,,,,,,,,,,,,,,,,,,,
27,2724,0.4569478929042816,,,,,,,,,,,,,,,,,,,,,,
27,2725,0.45274439454078674,,,,,,,,,,,,,,,,,,,,,,
27,2726,0.4708413779735565,,,,,,,,,,,,,,,,,,,,,,
27,2727,0.4413149654865265,,,,,,,,,,,,,,,,,,,,,,
27,2728,0.4178442060947418,,,,,,,,,,,,,,,,,,,,,,
27,2729,0.4411352574825287,,,,,,,,,,,,,,,,,,,,,,
27,2730,0.4593642055988312,,,,,,,,,,,,,,,,,,,,,,
27,2731,0.46988821029663086,,,,,,,,,,,,,,,,,,,,,,
27,2732,0.4242323637008667,,,,,,,,,,,,,,,,,,,,,,
27,2733,0.4405597150325775,,,,,,,,,,,,,,,,,,,,,,
27,2734,0.47373127937316895,,,,,,,,,,,,,,,,,,,,,,
27,2735,0.4654577970504761,,,,,,,,,,,,,,,,,,,,,,
27,2736,0.4592142403125763,,,,,,,,,,,,,,,,,,,,,,
27,2737,0.46243923902511597,,,,,,,,,,,,,,,,,,,,,,
27,2738,0.4504767060279846,,,,,,,,,,,,,,,,,,,,,,
27,2739,0.4546777307987213,,,,,,,,,,,,,,,,,,,,,,
27,2740,0.4685562551021576,,,,,,,,,,,,,,,,,,,,,,
27,2741,0.4124486446380615,,,,,,,,,,,,,,,,,,,,,,
27,2742,0.47384196519851685,,,,,,,,,,,,,,,,,,,,,,
27,2743,0.4799908697605133,,,,,,,,,,,,,,,,,,,,,,
27,2744,0.43193912506103516,,,,,,,,,,,,,,,,,,,,,,
27,2745,0.4309422969818115,,,,,,,,,,,,,,,,,,,,,,
27,2746,0.47081416845321655,,,,,,,,,,,,,,,,,,,,,,
27,2747,0.43430787324905396,,,,,,,,,,,,,,,,,,,,,,
27,2748,0.4531191289424896,,,,,,,,,,,,,,,,,,,,,,
27,2749,0.4641798436641693,,,,,,,,,,,,,,,,,,,,,,
27,2750,0.4391321539878845,,,,,,,,,,,,,,,,,,,,,,
27,2751,0.4575163722038269,,,,,,,,,,,,,,,,,,,,,,
27,2752,0.4571564793586731,,,,,,,,,,,,,,,,,,,,,,
27,2753,0.4582098722457886,,,,,,,,,,,,,,,,,,,,,,
27,2754,0.45086994767189026,,,,,,,,,,,,,,,,,,,,,,
27,2755,0.45927292108535767,,,,,,,,,,,,,,,,,,,,,,
27,2756,0.46995604038238525,,,,,,,,,,,,,,,,,,,,,,
27,2757,0.4830874502658844,,,,,,,,,,,,,,,,,,,,,,
27,2758,0.4756002128124237,,,,,,,,,,,,,,,,,,,,,,
27,2759,0.3872110843658447,,,,,,,,,,,,,,,,,,,,,,
27,2760,0.49729064106941223,,,,,,,,,,,,,,,,,,,,,,
27,2761,0.4461570680141449,,,,,,,,,,,,,,,,,,,,,,
27,2762,0.47260379791259766,,,,,,,,,,,,,,,,,,,,,,
27,2763,0.4171842634677887,,,,,,,,,,,,,,,,,,,,,,
27,2764,0.42174288630485535,,,,,,,,,,,,,,,,,,,,,,
27,2765,0.44979992508888245,,,,,,,,,,,,,,,,,,,,,,
27,2766,0.43525004386901855,,,,,,,,,,,,,,,,,,,,,,
27,2767,0.4252777099609375,,,,,,,,,,,,,,,,,,,,,,
27,2768,0.45333990454673767,,,,,,,,,,,,,,,,,,,,,,
27,2769,0.37565603852272034,,,,,,,,,,,,,,,,,,,,,,
27,2770,0.46671903133392334,,,,,,,,,,,,,,,,,,,,,,
27,2771,0.4248863756656647,,,,,,,,,,,,,,,,,,,,,,
27,2772,0.48966196179389954,,,,,,,,,,,,,,,,,,,,,,
27,2773,0.41061997413635254,,,,,,,,,,,,,,,,,,,,,,
27,2774,0.46029698848724365,,,,,,,,,,,,,,,,,,,,,,
27,2775,0.4239635169506073,,,,,,,,,,,,,,,,,,,,,,
27,2776,0.44876405596733093,,,,,,,,,,,,,,,,,,,,,,
27,2777,0.4675288796424866,,,,,,,,,,,,,,,,,,,,,,
27,2778,0.41038620471954346,,,,,,,,,,,,,,,,,,,,,,
27,2779,0.4230833053588867,,,,,,,,,,,,,,,,,,,,,,
27,2780,0.4585261642932892,,,,,,,,,,,,,,,,,,,,,,
27,2781,0.408332496881485,,,,,,,,,,,,,,,,,,,,,,
27,2782,0.47944918274879456,,,,,,,,,,,,,,,,,,,,,,
27,2783,0.4452172815799713,,,,,,,,,,,,,,,,,,,,,,
27,2784,0.43767493963241577,,,,,,,,,,,,,,,,,,,,,,
27,2785,0.43696799874305725,,,,,,,,,,,,,,,,,,,,,,
27,2786,0.4124699831008911,,,,,,,,,,,,,,,,,,,,,,
27,2787,0.4397311210632324,,,,,,,,,,,,,,,,,,,,,,
27,2788,0.4346790313720703,,,,,,,,,,,,,,,,,,,,,,
27,2789,0.4912593364715576,,,,,,,,,,,,,,,,,,,,,,
27,2790,0.4910573363304138,,,,,,,,,,,,,,,,,,,,,,
27,2791,0.47030070424079895,,,,,,,,,,,,,,,,,,,,,,
27,2792,0.5145336985588074,,,,,,,,,,,,,,,,,,,,,,
27,2793,0.43608731031417847,,,,,,,,,,,,,,,,,,,,,,
27,2794,0.4740995764732361,,,,,,,,,,,,,,,,,,,,,,
27,2795,0.43950745463371277,,,,,,,,,,,,,,,,,,,,,,
27,2796,0.449808269739151,,,,,,,,,,,,,,,,,,,,,,
27,2797,0.4384653568267822,,,,,,,,,,,,,,,,,,,,,,
27,2798,0.42219972610473633,,,,,,,,,,,,,,,,,,,,,,
27,2799,0.4498203694820404,,,,,,,,,,,,,,,,,,,,,,
27,2799,,0.29970622062683105,0.23900194466114044,1.4907821416854858,11.057960510253906,137.23326110839844,0.3735213875770569,0.29741719365119934,0.5957307815551758,0.36701080203056335,0.6080491542816162,0.6831995844841003,1.4907820224761963,0.935198962688446,12.969987869262695,0.7486411929130554,0.8384423851966858,1.0370287895202637,0.9951304793357849,0.7486411929130554,0.8384423851966858,0.3735213875770569,0.29741719365119934
28,2800,0.4201720654964447,,,,,,,,,,,,,,,,,,,,,,
28,2801,0.4147438704967499,,,,,,,,,,,,,,,,,,,,,,
28,2802,0.47879597544670105,,,,,,,,,,,,,,,,,,,,,,
28,2803,0.4915793240070343,,,,,,,,,,,,,,,,,,,,,,
28,2804,0.44900670647621155,,,,,,,,,,,,,,,,,,,,,,
28,2805,0.4636076092720032,,,,,,,,,,,,,,,,,,,,,,
28,2806,0.42057129740715027,,,,,,,,,,,,,,,,,,,,,,
28,2807,0.42278018593788147,,,,,,,,,,,,,,,,,,,,,,
28,2808,0.4793325662612915,,,,,,,,,,,,,,,,,,,,,,
28,2809,0.40716469287872314,,,,,,,,,,,,,,,,,,,,,,
28,2810,0.44124704599380493,,,,,,,,,,,,,,,,,,,,,,
28,2811,0.4694732129573822,,,,,,,,,,,,,,,,,,,,,,
28,2812,0.445755273103714,,,,,,,,,,,,,,,,,,,,,,
28,2813,0.4727233052253723,,,,,,,,,,,,,,,,,,,,,,
28,2814,0.5001185536384583,,,,,,,,,,,,,,,,,,,,,,
28,2815,0.43871772289276123,,,,,,,,,,,,,,,,,,,,,,
28,2816,0.4402626156806946,,,,,,,,,,,,,,,,,,,,,,
28,2817,0.4326952397823334,,,,,,,,,,,,,,,,,,,,,,
28,2818,0.42910531163215637,,,,,,,,,,,,,,,,,,,,,,
28,2819,0.4354999363422394,,,,,,,,,,,,,,,,,,,,,,
28,2820,0.47816628217697144,,,,,,,,,,,,,,,,,,,,,,
28,2821,0.4032416045665741,,,,,,,,,,,,,,,,,,,,,,
28,2822,0.4822385609149933,,,,,,,,,,,,,,,,,,,,,,
28,2823,0.4348447024822235,,,,,,,,,,,,,,,,,,,,,,
28,2824,0.47684812545776367,,,,,,,,,,,,,,,,,,,,,,
28,2825,0.43087121844291687,,,,,,,,,,,,,,,,,,,,,,
28,2826,0.4627349376678467,,,,,,,,,,,,,,,,,,,,,,
28,2827,0.41773343086242676,,,,,,,,,,,,,,,,,,,,,,
28,2828,0.43367239832878113,,,,,,,,,,,,,,,,,,,,,,
28,2829,0.40988078713417053,,,,,,,,,,,,,,,,,,,,,,
28,2830,0.44764724373817444,,,,,,,,,,,,,,,,,,,,,,
28,2831,0.43989667296409607,,,,,,,,,,,,,,,,,,,,,,
28,2832,0.47268328070640564,,,,,,,,,,,,,,,,,,,,,,
28,2833,0.4739952087402344,,,,,,,,,,,,,,,,,,,,,,
28,2834,0.44362396001815796,,,,,,,,,,,,,,,,,,,,,,
28,2835,0.47253504395484924,,,,,,,,,,,,,,,,,,,,,,
28,2836,0.4197811484336853,,,,,,,,,,,,,,,,,,,,,,
28,2837,0.43847858905792236,,,,,,,,,,,,,,,,,,,,,,
28,2838,0.447579950094223,,,,,,,,,,,,,,,,,,,,,,
28,2839,0.4311530888080597,,,,,,,,,,,,,,,,,,,,,,
28,2840,0.46562743186950684,,,,,,,,,,,,,,,,,,,,,,
28,2841,0.3889826834201813,,,,,,,,,,,,,,,,,,,,,,
28,2842,0.49427592754364014,,,,,,,,,,,,,,,,,,,,,,
28,2843,0.4161510467529297,,,,,,,,,,,,,,,,,,,,,,
28,2844,0.42933204770088196,,,,,,,,,,,,,,,,,,,,,,
28,2845,0.4731904864311218,,,,,,,,,,,,,,,,,,,,,,
28,2846,0.3739607036113739,,,,,,,,,,,,,,,,,,,,,,
28,2847,0.39359647035598755,,,,,,,,,,,,,,,,,,,,,,
28,2848,0.41172924637794495,,,,,,,,,,,,,,,,,,,,,,
28,2849,0.40597817301750183,,,,,,,,,,,,,,,,,,,,,,
28,2850,0.41166430711746216,,,,,,,,,,,,,,,,,,,,,,
28,2851,0.4540563225746155,,,,,,,,,,,,,,,,,,,,,,
28,2852,0.48547786474227905,,,,,,,,,,,,,,,,,,,,,,
28,2853,0.4234420657157898,,,,,,,,,,,,,,,,,,,,,,
28,2854,0.40924444794654846,,,,,,,,,,,,,,,,,,,,,,
28,2855,0.4342016279697418,,,,,,,,,,,,,,,,,,,,,,
28,2856,0.4577186107635498,,,,,,,,,,,,,,,,,,,,,,
28,2857,0.4035932719707489,,,,,,,,,,,,,,,,,,,,,,
28,2858,0.4228344261646271,,,,,,,,,,,,,,,,,,,,,,
28,2859,0.42656663060188293,,,,,,,,,,,,,,,,,,,,,,
28,2860,0.4659191071987152,,,,,,,,,,,,,,,,,,,,,,
28,2861,0.4029352366924286,,,,,,,,,,,,,,,,,,,,,,
28,2862,0.4267127513885498,,,,,,,,,,,,,,,,,,,,,,
28,2863,0.3822273015975952,,,,,,,,,,,,,,,,,,,,,,
28,2864,0.4338642954826355,,,,,,,,,,,,,,,,,,,,,,
28,2865,0.4434299170970917,,,,,,,,,,,,,,,,,,,,,,
28,2866,0.4527842700481415,,,,,,,,,,,,,,,,,,,,,,
28,2867,0.44364336133003235,,,,,,,,,,,,,,,,,,,,,,
28,2868,0.41557154059410095,,,,,,,,,,,,,,,,,,,,,,
28,2869,0.470564067363739,,,,,,,,,,,,,,,,,,,,,,
28,2870,0.49634355306625366,,,,,,,,,,,,,,,,,,,,,,
28,2871,0.4396637976169586,,,,,,,,,,,,,,,,,,,,,,
28,2872,0.4191815257072449,,,,,,,,,,,,,,,,,,,,,,
28,2873,0.4207250475883484,,,,,,,,,,,,,,,,,,,,,,
28,2874,0.4546332061290741,,,,,,,,,,,,,,,,,,,,,,
28,2875,0.40543386340141296,,,,,,,,,,,,,,,,,,,,,,
28,2876,0.4175654649734497,,,,,,,,,,,,,,,,,,,,,,
28,2877,0.4065035879611969,,,,,,,,,,,,,,,,,,,,,,
28,2878,0.47706833481788635,,,,,,,,,,,,,,,,,,,,,,
28,2879,0.41564229130744934,,,,,,,,,,,,,,,,,,,,,,
28,2880,0.378438800573349,,,,,,,,,,,,,,,,,,,,,,
28,2881,0.42694464325904846,,,,,,,,,,,,,,,,,,,,,,
28,2882,0.4209669530391693,,,,,,,,,,,,,,,,,,,,,,
28,2883,0.35878899693489075,,,,,,,,,,,,,,,,,,,,,,
28,2884,0.3739437758922577,,,,,,,,,,,,,,,,,,,,,,
28,2885,0.43858659267425537,,,,,,,,,,,,,,,,,,,,,,
28,2886,0.3997274935245514,,,,,,,,,,,,,,,,,,,,,,
28,2887,0.45468515157699585,,,,,,,,,,,,,,,,,,,,,,
28,2888,0.4071039855480194,,,,,,,,,,,,,,,,,,,,,,
28,2889,0.43134257197380066,,,,,,,,,,,,,,,,,,,,,,
28,2890,0.44199663400650024,,,,,,,,,,,,,,,,,,,,,,
28,2891,0.4363436996936798,,,,,,,,,,,,,,,,,,,,,,
28,2892,0.37817344069480896,,,,,,,,,,,,,,,,,,,,,,
28,2893,0.4460122883319855,,,,,,,,,,,,,,,,,,,,,,
28,2894,0.4144687056541443,,,,,,,,,,,,,,,,,,,,,,
28,2895,0.37879693508148193,,,,,,,,,,,,,,,,,,,,,,
28,2896,0.40155425667762756,,,,,,,,,,,,,,,,,,,,,,
28,2897,0.4153576195240021,,,,,,,,,,,,,,,,,,,,,,
28,2898,0.40566322207450867,,,,,,,,,,,,,,,,,,,,,,
28,2899,0.4822111129760742,,,,,,,,,,,,,,,,,,,,,,
28,2899,,0.2990129590034485,0.23514574766159058,1.4835783243179321,10.743762016296387,129.44024658203125,0.3713550865650177,0.2921408712863922,0.5875535011291504,0.3592357337474823,0.6030411124229431,0.6806043982505798,1.4835782051086426,0.9127777814865112,12.456294059753418,0.742897629737854,0.8355552554130554,1.0204424858093262,0.9915396571159363,0.742897629737854,0.8355552554130554,0.3713550865650177,0.2921408712863922
29,2900,0.40772297978401184,,,,,,,,,,,,,,,,,,,,,,
29,2901,0.4310961365699768,,,,,,,,,,,,,,,,,,,,,,
29,2902,0.4294559955596924,,,,,,,,,,,,,,,,,,,,,,
29,2903,0.46645858883857727,,,,,,,,,,,,,,,,,,,,,,
29,2904,0.44634702801704407,,,,,,,,,,,,,,,,,,,,,,
29,2905,0.36836495995521545,,,,,,,,,,,,,,,,,,,,,,
29,2906,0.4333408772945404,,,,,,,,,,,,,,,,,,,,,,
29,2907,0.36379966139793396,,,,,,,,,,,,,,,,,,,,,,
29,2908,0.3953402638435364,,,,,,,,,,,,,,,,,,,,,,
29,2909,0.42135196924209595,,,,,,,,,,,,,,,,,,,,,,
29,2910,0.41147077083587646,,,,,,,,,,,,,,,,,,,,,,
29,2911,0.4067325294017792,,,,,,,,,,,,,,,,,,,,,,
29,2912,0.35802364349365234,,,,,,,,,,,,,,,,,,,,,,
29,2913,0.4573926329612732,,,,,,,,,,,,,,,,,,,,,,
29,2914,0.4655149281024933,,,,,,,,,,,,,,,,,,,,,,
29,2915,0.4320010542869568,,,,,,,,,,,,,,,,,,,,,,
29,2916,0.4751795828342438,,,,,,,,,,,,,,,,,,,,,,
29,2917,0.37853074073791504,,,,,,,,,,,,,,,,,,,,,,
29,2918,0.4009636640548706,,,,,,,,,,,,,,,,,,,,,,
29,2919,0.42227599024772644,,,,,,,,,,,,,,,,,,,,,,
29,2920,0.4518539607524872,,,,,,,,,,,,,,,,,,,,,,
29,2921,0.40568476915359497,,,,,,,,,,,,,,,,,,,,,,
29,2922,0.4188605546951294,,,,,,,,,,,,,,,,,,,,,,
29,2923,0.4849165678024292,,,,,,,,,,,,,,,,,,,,,,
29,2924,0.4629126787185669,,,,,,,,,,,,,,,,,,,,,,
29,2925,0.4394148588180542,,,,,,,,,,,,,,,,,,,,,,
29,2926,0.4461687207221985,,,,,,,,,,,,,,,,,,,,,,
29,2927,0.4273805022239685,,,,,,,,,,,,,,,,,,,,,,
29,2928,0.40356209874153137,,,,,,,,,,,,,,,,,,,,,,
29,2929,0.4430321753025055,,,,,,,,,,,,,,,,,,,,,,
29,2930,0.4011438488960266,,,,,,,,,,,,,,,,,,,,,,
29,2931,0.402158260345459,,,,,,,,,,,,,,,,,,,,,,
29,2932,0.3779200315475464,,,,,,,,,,,,,,,,,,,,,,
29,2933,0.4106726348400116,,,,,,,,,,,,,,,,,,,,,,
29,2934,0.45210015773773193,,,,,,,,,,,,,,,,,,,,,,
29,2935,0.4712274372577667,,,,,,,,,,,,,,,,,,,,,,
29,2936,0.4584244191646576,,,,,,,,,,,,,,,,,,,,,,
29,2937,0.40025919675827026,,,,,,,,,,,,,,,,,,,,,,
29,2938,0.44213545322418213,,,,,,,,,,,,,,,,,,,,,,
29,2939,0.3885567784309387,,,,,,,,,,,,,,,,,,,,,,
29,2940,0.42508503794670105,,,,,,,,,,,,,,,,,,,,,,
29,2941,0.36968451738357544,,,,,,,,,,,,,,,,,,,,,,
29,2942,0.4327266216278076,,,,,,,,,,,,,,,,,,,,,,
29,2943,0.40093082189559937,,,,,,,,,,,,,,,,,,,,,,
29,2944,0.33525320887565613,,,,,,,,,,,,,,,,,,,,,,
29,2945,0.4412936866283417,,,,,,,,,,,,,,,,,,,,,,
29,2946,0.45373260974884033,,,,,,,,,,,,,,,,,,,,,,
29,2947,0.4313518702983856,,,,,,,,,,,,,,,,,,,,,,
29,2948,0.42606523633003235,,,,,,,,,,,,,,,,,,,,,,
29,2949,0.4245178997516632,,,,,,,,,,,,,,,,,,,,,,
29,2950,0.4334842562675476,,,,,,,,,,,,,,,,,,,,,,
29,2951,0.43671610951423645,,,,,,,,,,,,,,,,,,,,,,
29,2952,0.4509933292865753,,,,,,,,,,,,,,,,,,,,,,
29,2953,0.44468262791633606,,,,,,,,,,,,,,,,,,,,,,
29,2954,0.4185454845428467,,,,,,,,,,,,,,,,,,,,,,
29,2955,0.4374602437019348,,,,,,,,,,,,,,,,,,,,,,
29,2956,0.40267300605773926,,,,,,,,,,,,,,,,,,,,,,
29,2957,0.42225179076194763,,,,,,,,,,,,,,,,,,,,,,
29,2958,0.4036518633365631,,,,,,,,,,,,,,,,,,,,,,
29,2959,0.43248140811920166,,,,,,,,,,,,,,,,,,,,,,
29,2960,0.3899727165699005,,,,,,,,,,,,,,,,,,,,,,
29,2961,0.41592758893966675,,,,,,,,,,,,,,,,,,,,,,
29,2962,0.4369387626647949,,,,,,,,,,,,,,,,,,,,,,
29,2963,0.42890664935112,,,,,,,,,,,,,,,,,,,,,,
29,2964,0.4358534514904022,,,,,,,,,,,,,,,,,,,,,,
29,2965,0.39542555809020996,,,,,,,,,,,,,,,,,,,,,,
29,2966,0.40016868710517883,,,,,,,,,,,,,,,,,,,,,,
29,2967,0.45129239559173584,,,,,,,,,,,,,,,,,,,,,,
29,2968,0.4094833433628082,,,,,,,,,,,,,,,,,,,,,,
29,2969,0.43529319763183594,,,,,,,,,,,,,,,,,,,,,,
29,2970,0.45297810435295105,,,,,,,,,,,,,,,,,,,,,,
29,2971,0.41342589259147644,,,,,,,,,,,,,,,,,,,,,,
29,2972,0.43707698583602905,,,,,,,,,,,,,,,,,,,,,,
29,2973,0.4285840392112732,,,,,,,,,,,,,,,,,,,,,,
29,2974,0.39571064710617065,,,,,,,,,,,,,,,,,,,,,,
29,2975,0.466536283493042,,,,,,,,,,,,,,,,,,,,,,
29,2976,0.40688392519950867,,,,,,,,,,,,,,,,,,,,,,
29,2977,0.36124128103256226,,,,,,,,,,,,,,,,,,,,,,
29,2978,0.43500977754592896,,,,,,,,,,,,,,,,,,,,,,
29,2979,0.3872530460357666,,,,,,,,,,,,,,,,,,,,,,
29,2980,0.3964221179485321,,,,,,,,,,,,,,,,,,,,,,
29,2981,0.4073847234249115,,,,,,,,,,,,,,,,,,,,,,
29,2982,0.4149130582809448,,,,,,,,,,,,,,,,,,,,,,
29,2983,0.42388635873794556,,,,,,,,,,,,,,,,,,,,,,
29,2984,0.39697176218032837,,,,,,,,,,,,,,,,,,,,,,
29,2985,0.413143515586853,,,,,,,,,,,,,,,,,,,,,,
29,2986,0.43261900544166565,,,,,,,,,,,,,,,,,,,,,,
29,2987,0.37773093581199646,,,,,,,,,,,,,,,,,,,,,,
29,2988,0.4300418496131897,,,,,,,,,,,,,,,,,,,,,,
29,2989,0.47364336252212524,,,,,,,,,,,,,,,,,,,,,,
29,2990,0.4225831627845764,,,,,,,,,,,,,,,,,,,,,,
29,2991,0.39116600155830383,,,,,,,,,,,,,,,,,,,,,,
29,2992,0.4231748878955841,,,,,,,,,,,,,,,,,,,,,,
29,2993,0.4107057750225067,,,,,,,,,,,,,,,,,,,,,,
29,2994,0.38405686616897583,,,,,,,,,,,,,,,,,,,,,,
29,2995,0.4374059736728668,,,,,,,,,,,,,,,,,,,,,,
29,2996,0.4219208061695099,,,,,,,,,,,,,,,,,,,,,,
29,2997,0.4639608561992645,,,,,,,,,,,,,,,,,,,,,,
29,2998,0.43830206990242004,,,,,,,,,,,,,,,,,,,,,,
29,2999,0.3980354070663452,,,,,,,,,,,,,,,,,,,,,,
29,2999,,0.3016515374183655,0.23591956496238708,1.4826416969299316,11.000288009643555,129.56341552734375,0.37481945753097534,0.2922593057155609,0.5990976691246033,0.3619994521141052,0.6135396361351013,0.6777664422988892,1.482641577720642,0.9187226891517639,12.065086364746094,0.7509121298789978,0.827734649181366,1.042625904083252,0.9862012267112732,0.7509121298789978,0.827734649181366,0.37481945753097534,0.2922593057155609
30,3000,0.422254741191864,,,,,,,,,,,,,,,,,,,,,,
30,3001,0.43232548236846924,,,,,,,,,,,,,,,,,,,,,,
30,3002,0.4121261239051819,,,,,,,,,,,,,,,,,,,,,,
30,3003,0.4614239037036896,,,,,,,,,,,,,,,,,,,,,,
30,3004,0.3853508532047272,,,,,,,,,,,,,,,,,,,,,,
30,3005,0.39623749256134033,,,,,,,,,,,,,,,,,,,,,,
30,3006,0.3847058415412903,,,,,,,,,,,,,,,,,,,,,,
30,3007,0.4141075015068054,,,,,,,,,,,,,,,,,,,,,,
30,3008,0.434648334980011,,,,,,,,,,,,,,,,,,,,,,
30,3009,0.4191005229949951,,,,,,,,,,,,,,,,,,,,,,
30,3010,0.4128296673297882,,,,,,,,,,,,,,,,,,,,,,
30,3011,0.3928653597831726,,,,,,,,,,,,,,,,,,,,,,
30,3012,0.4209617078304291,,,,,,,,,,,,,,,,,,,,,,
30,3013,0.4481732249259949,,,,,,,,,,,,,,,,,,,,,,
30,3014,0.4211997091770172,,,,,,,,,,,,,,,,,,,,,,
30,3015,0.40962329506874084,,,,,,,,,,,,,,,,,,,,,,
30,3016,0.4202777147293091,,,,,,,,,,,,,,,,,,,,,,
30,3017,0.4474813938140869,,,,,,,,,,,,,,,,,,,,,,
30,3018,0.43140774965286255,,,,,,,,,,,,,,,,,,,,,,
30,3019,0.43813568353652954,,,,,,,,,,,,,,,,,,,,,,
30,3020,0.39207693934440613,,,,,,,,,,,,,,,,,,,,,,
30,3021,0.4154002070426941,,,,,,,,,,,,,,,,,,,,,,
30,3022,0.4456176459789276,,,,,,,,,,,,,,,,,,,,,,
30,3023,0.40055614709854126,,,,,,,,,,,,,,,,,,,,,,
30,3024,0.4129577577114105,,,,,,,,,,,,,,,,,,,,,,
30,3025,0.39920350909233093,,,,,,,,,,,,,,,,,,,,,,
30,3026,0.44287917017936707,,,,,,,,,,,,,,,,,,,,,,
30,3027,0.40042644739151,,,,,,,,,,,,,,,,,,,,,,
30,3028,0.43038102984428406,,,,,,,,,,,,,,,,,,,,,,
30,3029,0.43091416358947754,,,,,,,,,,,,,,,,,,,,,,
30,3030,0.3797971308231354,,,,,,,,,,,,,,,,,,,,,,
30,3031,0.4243496358394623,,,,,,,,,,,,,,,,,,,,,,
30,3032,0.36764955520629883,,,,,,,,,,,,,,,,,,,,,,
30,3033,0.3973359167575836,,,,,,,,,,,,,,,,,,,,,,
30,3034,0.39581820368766785,,,,,,,,,,,,,,,,,,,,,,
30,3035,0.4361517131328583,,,,,,,,,,,,,,,,,,,,,,
30,3036,0.42217427492141724,,,,,,,,,,,,,,,,,,,,,,
30,3037,0.44408005475997925,,,,,,,,,,,,,,,,,,,,,,
30,3038,0.45161211490631104,,,,,,,,,,,,,,,,,,,,,,
30,3039,0.4159620404243469,,,,,,,,,,,,,,,,,,,,,,
30,3040,0.39785727858543396,,,,,,,,,,,,,,,,,,,,,,
30,3041,0.42291978001594543,,,,,,,,,,,,,,,,,,,,,,
30,3042,0.37103545665740967,,,,,,,,,,,,,,,,,,,,,,
30,3043,0.36775335669517517,,,,,,,,,,,,,,,,,,,,,,
30,3044,0.4119722247123718,,,,,,,,,,,,,,,,,,,,,,
30,3045,0.4067835509777069,,,,,,,,,,,,,,,,,,,,,,
30,3046,0.39823469519615173,,,,,,,,,,,,,,,,,,,,,,
30,3047,0.42263635993003845,,,,,,,,,,,,,,,,,,,,,,
30,3048,0.40513908863067627,,,,,,,,,,,,,,,,,,,,,,
30,3049,0.4137081205844879,,,,,,,,,,,,,,,,,,,,,,
30,3050,0.3851848542690277,,,,,,,,,,,,,,,,,,,,,,
30,3051,0.44306954741477966,,,,,,,,,,,,,,,,,,,,,,
30,3052,0.38969913125038147,,,,,,,,,,,,,,,,,,,,,,
30,3053,0.4695110023021698,,,,,,,,,,,,,,,,,,,,,,
30,3054,0.4033721089363098,,,,,,,,,,,,,,,,,,,,,,
30,3055,0.3844703137874603,,,,,,,,,,,,,,,,,,,,,,
30,3056,0.4022320806980133,,,,,,,,,,,,,,,,,,,,,,
30,3057,0.41840046644210815,,,,,,,,,,,,,,,,,,,,,,
30,3058,0.36356452107429504,,,,,,,,,,,,,,,,,,,,,,
30,3059,0.4474206566810608,,,,,,,,,,,,,,,,,,,,,,
30,3060,0.4091443419456482,,,,,,,,,,,,,,,,,,,,,,
30,3061,0.45663660764694214,,,,,,,,,,,,,,,,,,,,,,
30,3062,0.36535221338272095,,,,,,,,,,,,,,,,,,,,,,
30,3063,0.3977266848087311,,,,,,,,,,,,,,,,,,,,,,
30,3064,0.393025279045105,,,,,,,,,,,,,,,,,,,,,,
30,3065,0.42963555455207825,,,,,,,,,,,,,,,,,,,,,,
30,3066,0.4438142478466034,,,,,,,,,,,,,,,,,,,,,,
30,3067,0.43108028173446655,,,,,,,,,,,,,,,,,,,,,,
30,3068,0.4302382469177246,,,,,,,,,,,,,,,,,,,,,,
30,3069,0.38826555013656616,,,,,,,,,,,,,,,,,,,,,,
30,3070,0.4577597975730896,,,,,,,,,,,,,,,,,,,,,,
30,3071,0.4143354594707489,,,,,,,,,,,,,,,,,,,,,,
30,3072,0.4044133126735687,,,,,,,,,,,,,,,,,,,,,,
30,3073,0.4183163344860077,,,,,,,,,,,,,,,,,,,,,,
30,3074,0.4291509985923767,,,,,,,,,,,,,,,,,,,,,,
30,3075,0.44501250982284546,,,,,,,,,,,,,,,,,,,,,,
30,3076,0.4728033244609833,,,,,,,,,,,,,,,,,,,,,,
30,3077,0.39894965291023254,,,,,,,,,,,,,,,,,,,,,,
30,3078,0.4017326533794403,,,,,,,,,,,,,,,,,,,,,,
30,3079,0.3991457521915436,,,,,,,,,,,,,,,,,,,,,,
30,3080,0.4045895040035248,,,,,,,,,,,,,,,,,,,,,,
30,3081,0.4225940704345703,,,,,,,,,,,,,,,,,,,,,,
30,3082,0.3658097982406616,,,,,,,,,,,,,,,,,,,,,,
30,3083,0.3694024384021759,,,,,,,,,,,,,,,,,,,,,,
30,3084,0.3972760736942291,,,,,,,,,,,,,,,,,,,,,,
30,3085,0.38991349935531616,,,,,,,,,,,,,,,,,,,,,,
30,3086,0.46061745285987854,,,,,,,,,,,,,,,,,,,,,,
30,3087,0.43374037742614746,,,,,,,,,,,,,,,,,,,,,,
30,3088,0.390229731798172,,,,,,,,,,,,,,,,,,,,,,
30,3089,0.4008055329322815,,,,,,,,,,,,,,,,,,,,,,
30,3090,0.3988417983055115,,,,,,,,,,,,,,,,,,,,,,
30,3091,0.42390647530555725,,,,,,,,,,,,,,,,,,,,,,
30,3092,0.39608511328697205,,,,,,,,,,,,,,,,,,,,,,
30,3093,0.4296700060367584,,,,,,,,,,,,,,,,,,,,,,
30,3094,0.40304291248321533,,,,,,,,,,,,,,,,,,,,,,
30,3095,0.45871561765670776,,,,,,,,,,,,,,,,,,,,,,
30,3096,0.41449347138404846,,,,,,,,,,,,,,,,,,,,,,
30,3097,0.4387349784374237,,,,,,,,,,,,,,,,,,,,,,
30,3098,0.39544326066970825,,,,,,,,,,,,,,,,,,,,,,
30,3099,0.40016844868659973,,,,,,,,,,,,,,,,,,,,,,
30,3099,,0.3017599582672119,0.23870980739593506,1.4897866249084473,11.123305320739746,132.76119995117188,0.3752431869506836,0.29568713903427124,0.6005947589874268,0.3644773066043854,0.6079310774803162,0.68478924036026,1.4897865056991577,0.9313262104988098,12.689059257507324,0.7501142024993896,0.8427296876907349,1.042083978652954,0.9992706179618835,0.7501142024993896,0.8427296876907349,0.3752431869506836,0.29568713903427124
31,3100,0.39636513590812683,,,,,,,,,,,,,,,,,,,,,,
31,3101,0.3571700155735016,,,,,,,,,,,,,,,,,,,,,,
31,3102,0.4081011712551117,,,,,,,,,,,,,,,,,,,,,,
31,3103,0.4117144048213959,,,,,,,,,,,,,,,,,,,,,,
31,3104,0.36772453784942627,,,,,,,,,,,,,,,,,,,,,,
31,3105,0.387999951839447,,,,,,,,,,,,,,,,,,,,,,
31,3106,0.38018110394477844,,,,,,,,,,,,,,,,,,,,,,
31,3107,0.3518950939178467,,,,,,,,,,,,,,,,,,,,,,
31,3108,0.40510833263397217,,,,,,,,,,,,,,,,,,,,,,
31,3109,0.3925870656967163,,,,,,,,,,,,,,,,,,,,,,
31,3110,0.4089745283126831,,,,,,,,,,,,,,,,,,,,,,
31,3111,0.433313250541687,,,,,,,,,,,,,,,,,,,,,,
31,3112,0.392473429441452,,,,,,,,,,,,,,,,,,,,,,
31,3113,0.41385340690612793,,,,,,,,,,,,,,,,,,,,,,
31,3114,0.4302836060523987,,,,,,,,,,,,,,,,,,,,,,
31,3115,0.39457273483276367,,,,,,,,,,,,,,,,,,,,,,
31,3116,0.4352920949459076,,,,,,,,,,,,,,,,,,,,,,
31,3117,0.3964597284793854,,,,,,,,,,,,,,,,,,,,,,
31,3118,0.41876617074012756,,,,,,,,,,,,,,,,,,,,,,
31,3119,0.4502014219760895,,,,,,,,,,,,,,,,,,,,,,
31,3120,0.4290529489517212,,,,,,,,,,,,,,,,,,,,,,
31,3121,0.4050152599811554,,,,,,,,,,,,,,,,,,,,,,
31,3122,0.41109874844551086,,,,,,,,,,,,,,,,,,,,,,
31,3123,0.42358580231666565,,,,,,,,,,,,,,,,,,,,,,
31,3124,0.3752189874649048,,,,,,,,,,,,,,,,,,,,,,
31,3125,0.3900296092033386,,,,,,,,,,,,,,,,,,,,,,
31,3126,0.44920772314071655,,,,,,,,,,,,,,,,,,,,,,
31,3127,0.3585120439529419,,,,,,,,,,,,,,,,,,,,,,
31,3128,0.4574674367904663,,,,,,,,,,,,,,,,,,,,,,
31,3129,0.3673382103443146,,,,,,,,,,,,,,,,,,,,,,
31,3130,0.3742709755897522,,,,,,,,,,,,,,,,,,,,,,
31,3131,0.3415277600288391,,,,,,,,,,,,,,,,,,,,,,
31,3132,0.38583624362945557,,,,,,,,,,,,,,,,,,,,,,
31,3133,0.42485636472702026,,,,,,,,,,,,,,,,,,,,,,
31,3134,0.4283243715763092,,,,,,,,,,,,,,,,,,,,,,
31,3135,0.37107422947883606,,,,,,,,,,,,,,,,,,,,,,
31,3136,0.4234280288219452,,,,,,,,,,,,,,,,,,,,,,
31,3137,0.3874087929725647,,,,,,,,,,,,,,,,,,,,,,
31,3138,0.3787306249141693,,,,,,,,,,,,,,,,,,,,,,
31,3139,0.3668472170829773,,,,,,,,,,,,,,,,,,,,,,
31,3140,0.39371371269226074,,,,,,,,,,,,,,,,,,,,,,
31,3141,0.38555318117141724,,,,,,,,,,,,,,,,,,,,,,
31,3142,0.4032498896121979,,,,,,,,,,,,,,,,,,,,,,
31,3143,0.36339542269706726,,,,,,,,,,,,,,,,,,,,,,
31,3144,0.39979949593544006,,,,,,,,,,,,,,,,,,,,,,
31,3145,0.3698306679725647,,,,,,,,,,,,,,,,,,,,,,
31,3146,0.36946630477905273,,,,,,,,,,,,,,,,,,,,,,
31,3147,0.4067848324775696,,,,,,,,,,,,,,,,,,,,,,
31,3148,0.415898859500885,,,,,,,,,,,,,,,,,,,,,,
31,3149,0.4273762106895447,,,,,,,,,,,,,,,,,,,,,,
31,3150,0.3756598234176636,,,,,,,,,,,,,,,,,,,,,,
31,3151,0.35424429178237915,,,,,,,,,,,,,,,,,,,,,,
31,3152,0.34314775466918945,,,,,,,,,,,,,,,,,,,,,,
31,3153,0.43533986806869507,,,,,,,,,,,,,,,,,,,,,,
31,3154,0.3873310983181,,,,,,,,,,,,,,,,,,,,,,
31,3155,0.43743476271629333,,,,,,,,,,,,,,,,,,,,,,
31,3156,0.37686237692832947,,,,,,,,,,,,,,,,,,,,,,
31,3157,0.398895800113678,,,,,,,,,,,,,,,,,,,,,,
31,3158,0.39051711559295654,,,,,,,,,,,,,,,,,,,,,,
31,3159,0.36283648014068604,,,,,,,,,,,,,,,,,,,,,,
31,3160,0.3757619261741638,,,,,,,,,,,,,,,,,,,,,,
31,3161,0.40112727880477905,,,,,,,,,,,,,,,,,,,,,,
31,3162,0.34534579515457153,,,,,,,,,,,,,,,,,,,,,,
31,3163,0.3502008616924286,,,,,,,,,,,,,,,,,,,,,,
31,3164,0.3774893581867218,,,,,,,,,,,,,,,,,,,,,,
31,3165,0.43540263175964355,,,,,,,,,,,,,,,,,,,,,,
31,3166,0.4289470911026001,,,,,,,,,,,,,,,,,,,,,,
31,3167,0.40746790170669556,,,,,,,,,,,,,,,,,,,,,,
31,3168,0.39649203419685364,,,,,,,,,,,,,,,,,,,,,,
31,3169,0.40823760628700256,,,,,,,,,,,,,,,,,,,,,,
31,3170,0.3464732766151428,,,,,,,,,,,,,,,,,,,,,,
31,3171,0.4286760091781616,,,,,,,,,,,,,,,,,,,,,,
31,3172,0.4028879702091217,,,,,,,,,,,,,,,,,,,,,,
31,3173,0.4010070562362671,,,,,,,,,,,,,,,,,,,,,,
31,3174,0.36231425404548645,,,,,,,,,,,,,,,,,,,,,,
31,3175,0.38392332196235657,,,,,,,,,,,,,,,,,,,,,,
31,3176,0.4092198312282562,,,,,,,,,,,,,,,,,,,,,,
31,3177,0.37213334441185,,,,,,,,,,,,,,,,,,,,,,
31,3178,0.3868599534034729,,,,,,,,,,,,,,,,,,,,,,
31,3179,0.41795533895492554,,,,,,,,,,,,,,,,,,,,,,
31,3180,0.39592182636260986,,,,,,,,,,,,,,,,,,,,,,
31,3181,0.36361703276634216,,,,,,,,,,,,,,,,,,,,,,
31,3182,0.3615775406360626,,,,,,,,,,,,,,,,,,,,,,
31,3183,0.36149322986602783,,,,,,,,,,,,,,,,,,,,,,
31,3184,0.399773508310318,,,,,,,,,,,,,,,,,,,,,,
31,3185,0.4031885266304016,,,,,,,,,,,,,,,,,,,,,,
31,3186,0.3728724420070648,,,,,,,,,,,,,,,,,,,,,,
31,3187,0.3736039996147156,,,,,,,,,,,,,,,,,,,,,,
31,3188,0.367808997631073,,,,,,,,,,,,,,,,,,,,,,
31,3189,0.37449848651885986,,,,,,,,,,,,,,,,,,,,,,
31,3190,0.3351396918296814,,,,,,,,,,,,,,,,,,,,,,
31,3191,0.3733580708503723,,,,,,,,,,,,,,,,,,,,,,
31,3192,0.42615440487861633,,,,,,,,,,,,,,,,,,,,,,
31,3193,0.3570457696914673,,,,,,,,,,,,,,,,,,,,,,
31,3194,0.3668936491012573,,,,,,,,,,,,,,,,,,,,,,
31,3195,0.43926724791526794,,,,,,,,,,,,,,,,,,,,,,
31,3196,0.3887777626514435,,,,,,,,,,,,,,,,,,,,,,
31,3197,0.4240955412387848,,,,,,,,,,,,,,,,,,,,,,
31,3198,0.3659140169620514,,,,,,,,,,,,,,,,,,,,,,
31,3199,0.4035954475402832,,,,,,,,,,,,,,,,,,,,,,
31,3199,,0.2980392575263977,0.23658233880996704,1.462133765220642,10.731038093566895,129.85980224609375,0.37087327241897583,0.29408979415893555,0.5911774635314941,0.36142998933792114,0.601042628288269,0.6848912835121155,1.4621336460113525,0.894263505935669,12.258589744567871,0.7406262159347534,0.8407578468322754,1.025106430053711,0.9958567023277283,0.7406262159347534,0.8407578468322754,0.37087327241897583,0.29408979415893555
32,3200,0.391821026802063,,,,,,,,,,,,,,,,,,,,,,
32,3201,0.37747472524642944,,,,,,,,,,,,,,,,,,,,,,
32,3202,0.31926944851875305,,,,,,,,,,,,,,,,,,,,,,
32,3203,0.3987860381603241,,,,,,,,,,,,,,,,,,,,,,
32,3204,0.40261995792388916,,,,,,,,,,,,,,,,,,,,,,
32,3205,0.36676695942878723,,,,,,,,,,,,,,,,,,,,,,
32,3206,0.4063780903816223,,,,,,,,,,,,,,,,,,,,,,
32,3207,0.3910213112831116,,,,,,,,,,,,,,,,,,,,,,
32,3208,0.36421987414360046,,,,,,,,,,,,,,,,,,,,,,
32,3209,0.3915272653102875,,,,,,,,,,,,,,,,,,,,,,
32,3210,0.3454098701477051,,,,,,,,,,,,,,,,,,,,,,
32,3211,0.35804495215415955,,,,,,,,,,,,,,,,,,,,,,
32,3212,0.3923698961734772,,,,,,,,,,,,,,,,,,,,,,
32,3213,0.40239277482032776,,,,,,,,,,,,,,,,,,,,,,
32,3214,0.3934413492679596,,,,,,,,,,,,,,,,,,,,,,
32,3215,0.410957008600235,,,,,,,,,,,,,,,,,,,,,,
32,3216,0.4191187024116516,,,,,,,,,,,,,,,,,,,,,,
32,3217,0.41439104080200195,,,,,,,,,,,,,,,,,,,,,,
32,3218,0.40790581703186035,,,,,,,,,,,,,,,,,,,,,,
32,3219,0.39817410707473755,,,,,,,,,,,,,,,,,,,,,,
32,3220,0.4199772775173187,,,,,,,,,,,,,,,,,,,,,,
32,3221,0.4044293761253357,,,,,,,,,,,,,,,,,,,,,,
32,3222,0.396343469619751,,,,,,,,,,,,,,,,,,,,,,
32,3223,0.41341689229011536,,,,,,,,,,,,,,,,,,,,,,
32,3224,0.37390291690826416,,,,,,,,,,,,,,,,,,,,,,
32,3225,0.3903983533382416,,,,,,,,,,,,,,,,,,,,,,
32,3226,0.36476457118988037,,,,,,,,,,,,,,,,,,,,,,
32,3227,0.32493484020233154,,,,,,,,,,,,,,,,,,,,,,
32,3228,0.39337804913520813,,,,,,,,,,,,,,,,,,,,,,
32,3229,0.3982805013656616,,,,,,,,,,,,,,,,,,,,,,
32,3230,0.34768545627593994,,,,,,,,,,,,,,,,,,,,,,
32,3231,0.402011901140213,,,,,,,,,,,,,,,,,,,,,,
32,3232,0.4020208716392517,,,,,,,,,,,,,,,,,,,,,,
32,3233,0.3696845769882202,,,,,,,,,,,,,,,,,,,,,,
32,3234,0.37658315896987915,,,,,,,,,,,,,,,,,,,,,,
32,3235,0.4136282503604889,,,,,,,,,,,,,,,,,,,,,,
32,3236,0.4260469377040863,,,,,,,,,,,,,,,,,,,,,,
32,3237,0.40598583221435547,,,,,,,,,,,,,,,,,,,,,,
32,3238,0.364897221326828,,,,,,,,,,,,,,,,,,,,,,
32,3239,0.41173112392425537,,,,,,,,,,,,,,,,,,,,,,
32,3240,0.38453179597854614,,,,,,,,,,,,,,,,,,,,,,
32,3241,0.3548670709133148,,,,,,,,,,,,,,,,,,,,,,
32,3242,0.40092405676841736,,,,,,,,,,,,,,,,,,,,,,
32,3243,0.3796107769012451,,,,,,,,,,,,,,,,,,,,,,
32,3244,0.3506830632686615,,,,,,,,,,,,,,,,,,,,,,
32,3245,0.36347973346710205,,,,,,,,,,,,,,,,,,,,,,
32,3246,0.4266763925552368,,,,,,,,,,,,,,,,,,,,,,
32,3247,0.3838638663291931,,,,,,,,,,,,,,,,,,,,,,
32,3248,0.440820574760437,,,,,,,,,,,,,,,,,,,,,,
32,3249,0.4600135087966919,,,,,,,,,,,,,,,,,,,,,,
32,3250,0.36802181601524353,,,,,,,,,,,,,,,,,,,,,,
32,3251,0.4014434218406677,,,,,,,,,,,,,,,,,,,,,,
32,3252,0.4011337459087372,,,,,,,,,,,,,,,,,,,,,,
32,3253,0.37138673663139343,,,,,,,,,,,,,,,,,,,,,,
32,3254,0.3911933898925781,,,,,,,,,,,,,,,,,,,,,,
32,3255,0.359799325466156,,,,,,,,,,,,,,,,,,,,,,
32,3256,0.3635416626930237,,,,,,,,,,,,,,,,,,,,,,
32,3257,0.4224851131439209,,,,,,,,,,,,,,,,,,,,,,
32,3258,0.42665961384773254,,,,,,,,,,,,,,,,,,,,,,
32,3259,0.41919419169425964,,,,,,,,,,,,,,,,,,,,,,
32,3260,0.38483262062072754,,,,,,,,,,,,,,,,,,,,,,
32,3261,0.38979896903038025,,,,,,,,,,,,,,,,,,,,,,
32,3262,0.42953160405158997,,,,,,,,,,,,,,,,,,,,,,
32,3263,0.3642944395542145,,,,,,,,,,,,,,,,,,,,,,
32,3264,0.3876759707927704,,,,,,,,,,,,,,,,,,,,,,
32,3265,0.36866357922554016,,,,,,,,,,,,,,,,,,,,,,
32,3266,0.34974905848503113,,,,,,,,,,,,,,,,,,,,,,
32,3267,0.37363624572753906,,,,,,,,,,,,,,,,,,,,,,
32,3268,0.3924223780632019,,,,,,,,,,,,,,,,,,,,,,
32,3269,0.43598005175590515,,,,,,,,,,,,,,,,,,,,,,
32,3270,0.37668246030807495,,,,,,,,,,,,,,,,,,,,,,
32,3271,0.40393099188804626,,,,,,,,,,,,,,,,,,,,,,
32,3272,0.3935886323451996,,,,,,,,,,,,,,,,,,,,,,
32,3273,0.35408878326416016,,,,,,,,,,,,,,,,,,,,,,
32,3274,0.37424835562705994,,,,,,,,,,,,,,,,,,,,,,
32,3275,0.3384135365486145,,,,,,,,,,,,,,,,,,,,,,
32,3276,0.3801718056201935,,,,,,,,,,,,,,,,,,,,,,
32,3277,0.4063073992729187,,,,,,,,,,,,,,,,,,,,,,
32,3278,0.43671733140945435,,,,,,,,,,,,,,,,,,,,,,
32,3279,0.36467745900154114,,,,,,,,,,,,,,,,,,,,,,
32,3280,0.3309965133666992,,,,,,,,,,,,,,,,,,,,,,
32,3281,0.40574803948402405,,,,,,,,,,,,,,,,,,,,,,
32,3282,0.39446696639060974,,,,,,,,,,,,,,,,,,,,,,
32,3283,0.3868520259857178,,,,,,,,,,,,,,,,,,,,,,
32,3284,0.3923172950744629,,,,,,,,,,,,,,,,,,,,,,
32,3285,0.36559587717056274,,,,,,,,,,,,,,,,,,,,,,
32,3286,0.36395692825317383,,,,,,,,,,,,,,,,,,,,,,
32,3287,0.368009477853775,,,,,,,,,,,,,,,,,,,,,,
32,3288,0.3805134892463684,,,,,,,,,,,,,,,,,,,,,,
32,3289,0.39569658041000366,,,,,,,,,,,,,,,,,,,,,,
32,3290,0.37712278962135315,,,,,,,,,,,,,,,,,,,,,,
32,3291,0.4129337966442108,,,,,,,,,,,,,,,,,,,,,,
32,3292,0.3614656329154968,,,,,,,,,,,,,,,,,,,,,,
32,3293,0.36590346693992615,,,,,,,,,,,,,,,,,,,,,,
32,3294,0.4060083329677582,,,,,,,,,,,,,,,,,,,,,,
32,3295,0.3881351053714752,,,,,,,,,,,,,,,,,,,,,,
32,3296,0.4207073748111725,,,,,,,,,,,,,,,,,,,,,,
32,3297,0.4041701853275299,,,,,,,,,,,,,,,,,,,,,,
32,3298,0.3890197277069092,,,,,,,,,,,,,,,,,,,,,,
32,3299,0.36968499422073364,,,,,,,,,,,,,,,,,,,,,,
32,3299,,0.2957058250904083,0.2357844114303589,1.4836523532867432,10.581708908081055,129.48922729492188,0.36839836835861206,0.2940794825553894,0.5861717462539673,0.36214810609817505,0.6077848672866821,0.6818503737449646,1.4836523532867432,0.9146278500556946,12.508432388305664,0.7464370131492615,0.8361387252807617,1.033516526222229,0.9923352599143982,0.7464370131492615,0.8361387252807617,0.36839836835861206,0.2940794825553894
33,3300,0.4046236574649811,,,,,,,,,,,,,,,,,,,,,,
33,3301,0.3712494969367981,,,,,,,,,,,,,,,,,,,,,,
33,3302,0.3982623219490051,,,,,,,,,,,,,,,,,,,,,,
33,3303,0.3898547291755676,,,,,,,,,,,,,,,,,,,,,,
33,3304,0.4111885130405426,,,,,,,,,,,,,,,,,,,,,,
33,3305,0.36066240072250366,,,,,,,,,,,,,,,,,,,,,,
33,3306,0.3666067123413086,,,,,,,,,,,,,,,,,,,,,,
33,3307,0.3852425813674927,,,,,,,,,,,,,,,,,,,,,,
33,3308,0.418754905462265,,,,,,,,,,,,,,,,,,,,,,
33,3309,0.3451586067676544,,,,,,,,,,,,,,,,,,,,,,
33,3310,0.38229599595069885,,,,,,,,,,,,,,,,,,,,,,
33,3311,0.3875076472759247,,,,,,,,,,,,,,,,,,,,,,
33,3312,0.3462257981300354,,,,,,,,,,,,,,,,,,,,,,
33,3313,0.37487033009529114,,,,,,,,,,,,,,,,,,,,,,
33,3314,0.3577025234699249,,,,,,,,,,,,,,,,,,,,,,
33,3315,0.377109557390213,,,,,,,,,,,,,,,,,,,,,,
33,3316,0.4146113395690918,,,,,,,,,,,,,,,,,,,,,,
33,3317,0.4205307960510254,,,,,,,,,,,,,,,,,,,,,,
33,3318,0.3609663248062134,,,,,,,,,,,,,,,,,,,,,,
33,3319,0.3490886092185974,,,,,,,,,,,,,,,,,,,,,,
33,3320,0.4728389084339142,,,,,,,,,,,,,,,,,,,,,,
33,3321,0.3728337585926056,,,,,,,,,,,,,,,,,,,,,,
33,3322,0.35181424021720886,,,,,,,,,,,,,,,,,,,,,,
33,3323,0.3413833677768707,,,,,,,,,,,,,,,,,,,,,,
33,3324,0.3605499863624573,,,,,,,,,,,,,,,,,,,,,,
33,3325,0.33978766202926636,,,,,,,,,,,,,,,,,,,,,,
33,3326,0.3373936712741852,,,,,,,,,,,,,,,,,,,,,,
33,3327,0.4360816776752472,,,,,,,,,,,,,,,,,,,,,,
33,3328,0.3815995454788208,,,,,,,,,,,,,,,,,,,,,,
33,3329,0.3813360035419464,,,,,,,,,,,,,,,,,,,,,,
33,3330,0.34373199939727783,,,,,,,,,,,,,,,,,,,,,,
33,3331,0.39525237679481506,,,,,,,,,,,,,,,,,,,,,,
33,3332,0.3971412181854248,,,,,,,,,,,,,,,,,,,,,,
33,3333,0.381308913230896,,,,,,,,,,,,,,,,,,,,,,
33,3334,0.3583950400352478,,,,,,,,,,,,,,,,,,,,,,
33,3335,0.33206838369369507,,,,,,,,,,,,,,,,,,,,,,
33,3336,0.38496723771095276,,,,,,,,,,,,,,,,,,,,,,
33,3337,0.3364022970199585,,,,,,,,,,,,,,,,,,,,,,
33,3338,0.39467671513557434,,,,,,,,,,,,,,,,,,,,,,
33,3339,0.3833948075771332,,,,,,,,,,,,,,,,,,,,,,
33,3340,0.424290269613266,,,,,,,,,,,,,,,,,,,,,,
33,3341,0.36598286032676697,,,,,,,,,,,,,,,,,,,,,,
33,3342,0.36129748821258545,,,,,,,,,,,,,,,,,,,,,,
33,3343,0.34954285621643066,,,,,,,,,,,,,,,,,,,,,,
33,3344,0.3536946475505829,,,,,,,,,,,,,,,,,,,,,,
33,3345,0.3806409537792206,,,,,,,,,,,,,,,,,,,,,,
33,3346,0.3682236671447754,,,,,,,,,,,,,,,,,,,,,,
33,3347,0.37370142340660095,,,,,,,,,,,,,,,,,,,,,,
33,3348,0.3713071048259735,,,,,,,,,,,,,,,,,,,,,,
33,3349,0.3930266201496124,,,,,,,,,,,,,,,,,,,,,,
33,3350,0.3423953652381897,,,,,,,,,,,,,,,,,,,,,,
33,3351,0.39743438363075256,,,,,,,,,,,,,,,,,,,,,,
33,3352,0.36595624685287476,,,,,,,,,,,,,,,,,,,,,,
33,3353,0.32358407974243164,,,,,,,,,,,,,,,,,,,,,,
33,3354,0.40599822998046875,,,,,,,,,,,,,,,,,,,,,,
33,3355,0.37247997522354126,,,,,,,,,,,,,,,,,,,,,,
33,3356,0.3507986068725586,,,,,,,,,,,,,,,,,,,,,,
33,3357,0.4058276116847992,,,,,,,,,,,,,,,,,,,,,,
33,3358,0.3519168496131897,,,,,,,,,,,,,,,,,,,,,,
33,3359,0.3513498306274414,,,,,,,,,,,,,,,,,,,,,,
33,3360,0.39897894859313965,,,,,,,,,,,,,,,,,,,,,,
33,3361,0.37422218918800354,,,,,,,,,,,,,,,,,,,,,,
33,3362,0.36400529742240906,,,,,,,,,,,,,,,,,,,,,,
33,3363,0.4037705361843109,,,,,,,,,,,,,,,,,,,,,,
33,3364,0.38813620805740356,,,,,,,,,,,,,,,,,,,,,,
33,3365,0.32407447695732117,,,,,,,,,,,,,,,,,,,,,,
33,3366,0.3752925395965576,,,,,,,,,,,,,,,,,,,,,,
33,3367,0.3326234817504883,,,,,,,,,,,,,,,,,,,,,,
33,3368,0.3554733097553253,,,,,,,,,,,,,,,,,,,,,,
33,3369,0.35612139105796814,,,,,,,,,,,,,,,,,,,,,,
33,3370,0.37816452980041504,,,,,,,,,,,,,,,,,,,,,,
33,3371,0.42348378896713257,,,,,,,,,,,,,,,,,,,,,,
33,3372,0.3348526358604431,,,,,,,,,,,,,,,,,,,,,,
33,3373,0.38557326793670654,,,,,,,,,,,,,,,,,,,,,,
33,3374,0.32950374484062195,,,,,,,,,,,,,,,,,,,,,,
33,3375,0.39215314388275146,,,,,,,,,,,,,,,,,,,,,,
33,3376,0.3830224871635437,,,,,,,,,,,,,,,,,,,,,,
33,3377,0.4028407335281372,,,,,,,,,,,,,,,,,,,,,,
33,3378,0.3486235439777374,,,,,,,,,,,,,,,,,,,,,,
33,3379,0.40708744525909424,,,,,,,,,,,,,,,,,,,,,,
33,3380,0.32842695713043213,,,,,,,,,,,,,,,,,,,,,,
33,3381,0.37239813804626465,,,,,,,,,,,,,,,,,,,,,,
33,3382,0.3539252281188965,,,,,,,,,,,,,,,,,,,,,,
33,3383,0.40836289525032043,,,,,,,,,,,,,,,,,,,,,,
33,3384,0.32467976212501526,,,,,,,,,,,,,,,,,,,,,,
33,3385,0.3565060794353485,,,,,,,,,,,,,,,,,,,,,,
33,3386,0.4253569543361664,,,,,,,,,,,,,,,,,,,,,,
33,3387,0.44440633058547974,,,,,,,,,,,,,,,,,,,,,,
33,3388,0.4180063307285309,,,,,,,,,,,,,,,,,,,,,,
33,3389,0.391063928604126,,,,,,,,,,,,,,,,,,,,,,
33,3390,0.3611661195755005,,,,,,,,,,,,,,,,,,,,,,
33,3391,0.3763453960418701,,,,,,,,,,,,,,,,,,,,,,
33,3392,0.3307960629463196,,,,,,,,,,,,,,,,,,,,,,
33,3393,0.3715241849422455,,,,,,,,,,,,,,,,,,,,,,
33,3394,0.3737469017505646,,,,,,,,,,,,,,,,,,,,,,
33,3395,0.3644135892391205,,,,,,,,,,,,,,,,,,,,,,
33,3396,0.42118147015571594,,,,,,,,,,,,,,,,,,,,,,
33,3397,0.3495902121067047,,,,,,,,,,,,,,,,,,,,,,
33,3398,0.36997485160827637,,,,,,,,,,,,,,,,,,,,,,
33,3399,0.3692295551300049,,,,,,,,,,,,,,,,,,,,,,
33,3399,,0.3005037307739258,0.23632802069187164,1.4831501245498657,10.849329948425293,130.0150909423828,0.3724181354045868,0.29328396916389465,0.5952063798904419,0.36368951201438904,0.6140168309211731,0.6830555200576782,1.4831500053405762,0.9257162809371948,12.593123435974121,0.7507370114326477,0.837565541267395,1.0454376935958862,0.9935733079910278,0.7507370114326477,0.837565541267395,0.3724181354045868,0.29328396916389465
34,3400,0.3181277811527252,,,,,,,,,,,,,,,,,,,,,,
34,3401,0.38313159346580505,,,,,,,,,,,,,,,,,,,,,,
34,3402,0.36479452252388,,,,,,,,,,,,,,,,,,,,,,
34,3403,0.35263746976852417,,,,,,,,,,,,,,,,,,,,,,
34,3404,0.382149875164032,,,,,,,,,,,,,,,,,,,,,,
34,3405,0.37878331542015076,,,,,,,,,,,,,,,,,,,,,,
34,3406,0.36124175786972046,,,,,,,,,,,,,,,,,,,,,,
34,3407,0.3454187512397766,,,,,,,,,,,,,,,,,,,,,,
34,3408,0.34945347905158997,,,,,,,,,,,,,,,,,,,,,,
34,3409,0.40166139602661133,,,,,,,,,,,,,,,,,,,,,,
34,3410,0.3717106878757477,,,,,,,,,,,,,,,,,,,,,,
34,3411,0.35769569873809814,,,,,,,,,,,,,,,,,,,,,,
34,3412,0.34625282883644104,,,,,,,,,,,,,,,,,,,,,,
34,3413,0.3650311827659607,,,,,,,,,,,,,,,,,,,,,,
34,3414,0.39269810914993286,,,,,,,,,,,,,,,,,,,,,,
34,3415,0.3484354019165039,,,,,,,,,,,,,,,,,,,,,,
34,3416,0.40340155363082886,,,,,,,,,,,,,,,,,,,,,,
34,3417,0.4112725555896759,,,,,,,,,,,,,,,,,,,,,,
34,3418,0.39894166588783264,,,,,,,,,,,,,,,,,,,,,,
34,3419,0.4126984775066376,,,,,,,,,,,,,,,,,,,,,,
34,3420,0.40203234553337097,,,,,,,,,,,,,,,,,,,,,,
34,3421,0.35904115438461304,,,,,,,,,,,,,,,,,,,,,,
34,3422,0.3346138000488281,,,,,,,,,,,,,,,,,,,,,,
34,3423,0.37316468358039856,,,,,,,,,,,,,,,,,,,,,,
34,3424,0.38395994901657104,,,,,,,,,,,,,,,,,,,,,,
34,3425,0.35659390687942505,,,,,,,,,,,,,,,,,,,,,,
34,3426,0.42192143201828003,,,,,,,,,,,,,,,,,,,,,,
34,3427,0.34756243228912354,,,,,,,,,,,,,,,,,,,,,,
34,3428,0.3102853000164032,,,,,,,,,,,,,,,,,,,,,,
34,3429,0.4250885546207428,,,,,,,,,,,,,,,,,,,,,,
34,3430,0.3627009093761444,,,,,,,,,,,,,,,,,,,,,,
34,3431,0.36589768528938293,,,,,,,,,,,,,,,,,,,,,,
34,3432,0.34729281067848206,,,,,,,,,,,,,,,,,,,,,,
34,3433,0.38767510652542114,,,,,,,,,,,,,,,,,,,,,,
34,3434,0.3706817030906677,,,,,,,,,,,,,,,,,,,,,,
34,3435,0.3960222005844116,,,,,,,,,,,,,,,,,,,,,,
34,3436,0.35159197449684143,,,,,,,,,,,,,,,,,,,,,,
34,3437,0.35008513927459717,,,,,,,,,,,,,,,,,,,,,,
34,3438,0.3412999212741852,,,,,,,,,,,,,,,,,,,,,,
34,3439,0.38302719593048096,,,,,,,,,,,,,,,,,,,,,,
34,3440,0.34374043345451355,,,,,,,,,,,,,,,,,,,,,,
34,3441,0.3346625864505768,,,,,,,,,,,,,,,,,,,,,,
34,3442,0.3761456608772278,,,,,,,,,,,,,,,,,,,,,,
34,3443,0.3668905794620514,,,,,,,,,,,,,,,,,,,,,,
34,3444,0.3806610703468323,,,,,,,,,,,,,,,,,,,,,,
34,3445,0.3923008441925049,,,,,,,,,,,,,,,,,,,,,,
34,3446,0.39046770334243774,,,,,,,,,,,,,,,,,,,,,,
34,3447,0.34908419847488403,,,,,,,,,,,,,,,,,,,,,,
34,3448,0.369288831949234,,,,,,,,,,,,,,,,,,,,,,
34,3449,0.3646484613418579,,,,,,,,,,,,,,,,,,,,,,
34,3450,0.4030344784259796,,,,,,,,,,,,,,,,,,,,,,
34,3451,0.3571293354034424,,,,,,,,,,,,,,,,,,,,,,
34,3452,0.41851136088371277,,,,,,,,,,,,,,,,,,,,,,
34,3453,0.32768452167510986,,,,,,,,,,,,,,,,,,,,,,
34,3454,0.3004555106163025,,,,,,,,,,,,,,,,,,,,,,
34,3455,0.34804341197013855,,,,,,,,,,,,,,,,,,,,,,
34,3456,0.32383668422698975,,,,,,,,,,,,,,,,,,,,,,
34,3457,0.377383291721344,,,,,,,,,,,,,,,,,,,,,,
34,3458,0.3824633061885834,,,,,,,,,,,,,,,,,,,,,,
34,3459,0.3598201274871826,,,,,,,,,,,,,,,,,,,,,,
34,3460,0.41122767329216003,,,,,,,,,,,,,,,,,,,,,,
34,3461,0.3362157344818115,,,,,,,,,,,,,,,,,,,,,,
34,3462,0.3850027322769165,,,,,,,,,,,,,,,,,,,,,,
34,3463,0.3251747488975525,,,,,,,,,,,,,,,,,,,,,,
34,3464,0.34853148460388184,,,,,,,,,,,,,,,,,,,,,,
34,3465,0.34479716420173645,,,,,,,,,,,,,,,,,,,,,,
34,3466,0.36651140451431274,,,,,,,,,,,,,,,,,,,,,,
34,3467,0.3728579878807068,,,,,,,,,,,,,,,,,,,,,,
34,3468,0.37434229254722595,,,,,,,,,,,,,,,,,,,,,,
34,3469,0.3167896866798401,,,,,,,,,,,,,,,,,,,,,,
34,3470,0.3405728042125702,,,,,,,,,,,,,,,,,,,,,,
34,3471,0.3599421977996826,,,,,,,,,,,,,,,,,,,,,,
34,3472,0.3346780240535736,,,,,,,,,,,,,,,,,,,,,,
34,3473,0.34340736269950867,,,,,,,,,,,,,,,,,,,,,,
34,3474,0.37409406900405884,,,,,,,,,,,,,,,,,,,,,,
34,3475,0.36071330308914185,,,,,,,,,,,,,,,,,,,,,,
34,3476,0.3378653824329376,,,,,,,,,,,,,,,,,,,,,,
34,3477,0.37736988067626953,,,,,,,,,,,,,,,,,,,,,,
34,3478,0.3765902817249298,,,,,,,,,,,,,,,,,,,,,,
34,3479,0.3843003511428833,,,,,,,,,,,,,,,,,,,,,,
34,3480,0.3687323033809662,,,,,,,,,,,,,,,,,,,,,,
34,3481,0.3201930522918701,,,,,,,,,,,,,,,,,,,,,,
34,3482,0.3504260182380676,,,,,,,,,,,,,,,,,,,,,,
34,3483,0.3831298351287842,,,,,,,,,,,,,,,,,,,,,,
34,3484,0.3871303200721741,,,,,,,,,,,,,,,,,,,,,,
34,3485,0.37284061312675476,,,,,,,,,,,,,,,,,,,,,,
34,3486,0.3565429151058197,,,,,,,,,,,,,,,,,,,,,,
34,3487,0.3745150566101074,,,,,,,,,,,,,,,,,,,,,,
34,3488,0.3627946376800537,,,,,,,,,,,,,,,,,,,,,,
34,3489,0.3739328384399414,,,,,,,,,,,,,,,,,,,,,,
34,3490,0.3472757339477539,,,,,,,,,,,,,,,,,,,,,,
34,3491,0.337002158164978,,,,,,,,,,,,,,,,,,,,,,
34,3492,0.4478965103626251,,,,,,,,,,,,,,,,,,,,,,
34,3493,0.33162179589271545,,,,,,,,,,,,,,,,,,,,,,
34,3494,0.36342886090278625,,,,,,,,,,,,,,,,,,,,,,
34,3495,0.3307209312915802,,,,,,,,,,,,,,,,,,,,,,
34,3496,0.3585491478443146,,,,,,,,,,,,,,,,,,,,,,
34,3497,0.3608296513557434,,,,,,,,,,,,,,,,,,,,,,
34,3498,0.4013493061065674,,,,,,,,,,,,,,,,,,,,,,
34,3499,0.36459553241729736,,,,,,,,,,,,,,,,,,,,,,
34,3499,,0.3004150986671448,0.23883157968521118,1.4889757633209229,10.910022735595703,134.1431884765625,0.37066376209259033,0.2943372130393982,0.5933908224105835,0.36614543199539185,0.6107195615768433,0.6856808662414551,1.4889756441116333,0.9372532367706299,13.073142051696777,0.7473311424255371,0.8363471031188965,1.0391273498535156,0.9992335438728333,0.7473311424255371,0.8363471031188965,0.37066376209259033,0.2943372130393982
35,3500,0.3692030608654022,,,,,,,,,,,,,,,,,,,,,,
35,3501,0.3079832196235657,,,,,,,,,,,,,,,,,,,,,,
35,3502,0.3512181043624878,,,,,,,,,,,,,,,,,,,,,,
35,3503,0.3975318372249603,,,,,,,,,,,,,,,,,,,,,,
35,3504,0.37378206849098206,,,,,,,,,,,,,,,,,,,,,,
35,3505,0.3640536367893219,,,,,,,,,,,,,,,,,,,,,,
35,3506,0.3048945665359497,,,,,,,,,,,,,,,,,,,,,,
35,3507,0.3421344459056854,,,,,,,,,,,,,,,,,,,,,,
35,3508,0.39465439319610596,,,,,,,,,,,,,,,,,,,,,,
35,3509,0.35030877590179443,,,,,,,,,,,,,,,,,,,,,,
35,3510,0.3514886200428009,,,,,,,,,,,,,,,,,,,,,,
35,3511,0.31456565856933594,,,,,,,,,,,,,,,,,,,,,,
35,3512,0.3483254313468933,,,,,,,,,,,,,,,,,,,,,,
35,3513,0.3933391869068146,,,,,,,,,,,,,,,,,,,,,,
35,3514,0.4076709747314453,,,,,,,,,,,,,,,,,,,,,,
35,3515,0.3564565181732178,,,,,,,,,,,,,,,,,,,,,,
35,3516,0.36855581402778625,,,,,,,,,,,,,,,,,,,,,,
35,3517,0.3083399832248688,,,,,,,,,,,,,,,,,,,,,,
35,3518,0.3096868395805359,,,,,,,,,,,,,,,,,,,,,,
35,3519,0.3462561368942261,,,,,,,,,,,,,,,,,,,,,,
35,3520,0.34546777606010437,,,,,,,,,,,,,,,,,,,,,,
35,3521,0.4066714346408844,,,,,,,,,,,,,,,,,,,,,,
35,3522,0.33288007974624634,,,,,,,,,,,,,,,,,,,,,,
35,3523,0.35761722922325134,,,,,,,,,,,,,,,,,,,,,,
35,3524,0.38670605421066284,,,,,,,,,,,,,,,,,,,,,,
35,3525,0.4030117988586426,,,,,,,,,,,,,,,,,,,,,,
35,3526,0.36906248331069946,,,,,,,,,,,,,,,,,,,,,,
35,3527,0.3532496392726898,,,,,,,,,,,,,,,,,,,,,,
35,3528,0.3421851694583893,,,,,,,,,,,,,,,,,,,,,,
35,3529,0.3641420006752014,,,,,,,,,,,,,,,,,,,,,,
35,3530,0.39525654911994934,,,,,,,,,,,,,,,,,,,,,,
35,3531,0.4064595699310303,,,,,,,,,,,,,,,,,,,,,,
35,3532,0.3432480990886688,,,,,,,,,,,,,,,,,,,,,,
35,3533,0.33171021938323975,,,,,,,,,,,,,,,,,,,,,,
35,3534,0.3427433967590332,,,,,,,,,,,,,,,,,,,,,,
35,3535,0.41430041193962097,,,,,,,,,,,,,,,,,,,,,,
35,3536,0.3944161534309387,,,,,,,,,,,,,,,,,,,,,,
35,3537,0.4230208694934845,,,,,,,,,,,,,,,,,,,,,,
35,3538,0.361245721578598,,,,,,,,,,,,,,,,,,,,,,
35,3539,0.3510017395019531,,,,,,,,,,,,,,,,,,,,,,
35,3540,0.35009926557540894,,,,,,,,,,,,,,,,,,,,,,
35,3541,0.29478514194488525,,,,,,,,,,,,,,,,,,,,,,
35,3542,0.43625614047050476,,,,,,,,,,,,,,,,,,,,,,
35,3543,0.35285672545433044,,,,,,,,,,,,,,,,,,,,,,
35,3544,0.3333391547203064,,,,,,,,,,,,,,,,,,,,,,
35,3545,0.35944482684135437,,,,,,,,,,,,,,,,,,,,,,
35,3546,0.39019209146499634,,,,,,,,,,,,,,,,,,,,,,
35,3547,0.357461541891098,,,,,,,,,,,,,,,,,,,,,,
35,3548,0.32421305775642395,,,,,,,,,,,,,,,,,,,,,,
35,3549,0.3702489733695984,,,,,,,,,,,,,,,,,,,,,,
35,3550,0.3512841463088989,,,,,,,,,,,,,,,,,,,,,,
35,3551,0.33955132961273193,,,,,,,,,,,,,,,,,,,,,,
35,3552,0.40267789363861084,,,,,,,,,,,,,,,,,,,,,,
35,3553,0.41044530272483826,,,,,,,,,,,,,,,,,,,,,,
35,3554,0.36521854996681213,,,,,,,,,,,,,,,,,,,,,,
35,3555,0.3388846814632416,,,,,,,,,,,,,,,,,,,,,,
35,3556,0.4129740297794342,,,,,,,,,,,,,,,,,,,,,,
35,3557,0.37898439168930054,,,,,,,,,,,,,,,,,,,,,,
35,3558,0.39458030462265015,,,,,,,,,,,,,,,,,,,,,,
35,3559,0.34522077441215515,,,,,,,,,,,,,,,,,,,,,,
35,3560,0.38208937644958496,,,,,,,,,,,,,,,,,,,,,,
35,3561,0.3860466182231903,,,,,,,,,,,,,,,,,,,,,,
35,3562,0.3920074701309204,,,,,,,,,,,,,,,,,,,,,,
35,3563,0.3030204474925995,,,,,,,,,,,,,,,,,,,,,,
35,3564,0.3633481562137604,,,,,,,,,,,,,,,,,,,,,,
35,3565,0.35423263907432556,,,,,,,,,,,,,,,,,,,,,,
35,3566,0.34633713960647583,,,,,,,,,,,,,,,,,,,,,,
35,3567,0.38210123777389526,,,,,,,,,,,,,,,,,,,,,,
35,3568,0.37446433305740356,,,,,,,,,,,,,,,,,,,,,,
35,3569,0.41307029128074646,,,,,,,,,,,,,,,,,,,,,,
35,3570,0.3599015474319458,,,,,,,,,,,,,,,,,,,,,,
35,3571,0.4010648727416992,,,,,,,,,,,,,,,,,,,,,,
35,3572,0.36284059286117554,,,,,,,,,,,,,,,,,,,,,,
35,3573,0.4305979013442993,,,,,,,,,,,,,,,,,,,,,,
35,3574,0.3266371190547943,,,,,,,,,,,,,,,,,,,,,,
35,3575,0.36706608533859253,,,,,,,,,,,,,,,,,,,,,,
35,3576,0.3765084445476532,,,,,,,,,,,,,,,,,,,,,,
35,3577,0.39013075828552246,,,,,,,,,,,,,,,,,,,,,,
35,3578,0.3549235761165619,,,,,,,,,,,,,,,,,,,,,,
35,3579,0.35017260909080505,,,,,,,,,,,,,,,,,,,,,,
35,3580,0.3209812343120575,,,,,,,,,,,,,,,,,,,,,,
35,3581,0.3618280589580536,,,,,,,,,,,,,,,,,,,,,,
35,3582,0.35990259051322937,,,,,,,,,,,,,,,,,,,,,,
35,3583,0.4314277768135071,,,,,,,,,,,,,,,,,,,,,,
35,3584,0.3584766089916229,,,,,,,,,,,,,,,,,,,,,,
35,3585,0.36419475078582764,,,,,,,,,,,,,,,,,,,,,,
35,3586,0.3808536231517792,,,,,,,,,,,,,,,,,,,,,,
35,3587,0.3523777723312378,,,,,,,,,,,,,,,,,,,,,,
35,3588,0.4014473259449005,,,,,,,,,,,,,,,,,,,,,,
35,3589,0.33437982201576233,,,,,,,,,,,,,,,,,,,,,,
35,3590,0.3415094316005707,,,,,,,,,,,,,,,,,,,,,,
35,3591,0.37172451615333557,,,,,,,,,,,,,,,,,,,,,,
35,3592,0.40779900550842285,,,,,,,,,,,,,,,,,,,,,,
35,3593,0.34499064087867737,,,,,,,,,,,,,,,,,,,,,,
35,3594,0.3577447831630707,,,,,,,,,,,,,,,,,,,,,,
35,3595,0.35485345125198364,,,,,,,,,,,,,,,,,,,,,,
35,3596,0.3465263247489929,,,,,,,,,,,,,,,,,,,,,,
35,3597,0.37660884857177734,,,,,,,,,,,,,,,,,,,,,,
35,3598,0.33331531286239624,,,,,,,,,,,,,,,,,,,,,,
35,3599,0.34339338541030884,,,,,,,,,,,,,,,,,,,,,,
35,3599,,0.29746299982070923,0.2359626144170761,1.483035683631897,10.608987808227539,130.94924926757812,0.36781230568885803,0.2912112772464752,0.5848857760429382,0.3607063293457031,0.6054213047027588,0.6872214078903198,1.4830355644226074,0.9142500758171082,12.98662281036377,0.7416641116142273,0.8387879729270935,1.0256972312927246,0.9984145164489746,0.7416641116142273,0.8387879729270935,0.36781230568885803,0.2912112772464752
36,3600,0.30290594696998596,,,,,,,,,,,,,,,,,,,,,,
36,3601,0.33709946274757385,,,,,,,,,,,,,,,,,,,,,,
36,3602,0.34334006905555725,,,,,,,,,,,,,,,,,,,,,,
36,3603,0.31452712416648865,,,,,,,,,,,,,,,,,,,,,,
36,3604,0.3719308078289032,,,,,,,,,,,,,,,,,,,,,,
36,3605,0.36862340569496155,,,,,,,,,,,,,,,,,,,,,,
36,3606,0.29821041226387024,,,,,,,,,,,,,,,,,,,,,,
36,3607,0.30740654468536377,,,,,,,,,,,,,,,,,,,,,,
36,3608,0.32925650477409363,,,,,,,,,,,,,,,,,,,,,,
36,3609,0.34167760610580444,,,,,,,,,,,,,,,,,,,,,,
36,3610,0.3442672789096832,,,,,,,,,,,,,,,,,,,,,,
36,3611,0.34470969438552856,,,,,,,,,,,,,,,,,,,,,,
36,3612,0.3419535458087921,,,,,,,,,,,,,,,,,,,,,,
36,3613,0.3537601828575134,,,,,,,,,,,,,,,,,,,,,,
36,3614,0.3236633539199829,,,,,,,,,,,,,,,,,,,,,,
36,3615,0.3298359811306,,,,,,,,,,,,,,,,,,,,,,
36,3616,0.32069817185401917,,,,,,,,,,,,,,,,,,,,,,
36,3617,0.3443223536014557,,,,,,,,,,,,,,,,,,,,,,
36,3618,0.3974693715572357,,,,,,,,,,,,,,,,,,,,,,
36,3619,0.39657753705978394,,,,,,,,,,,,,,,,,,,,,,
36,3620,0.3429758846759796,,,,,,,,,,,,,,,,,,,,,,
36,3621,0.33635854721069336,,,,,,,,,,,,,,,,,,,,,,
36,3622,0.3887852728366852,,,,,,,,,,,,,,,,,,,,,,
36,3623,0.35829269886016846,,,,,,,,,,,,,,,,,,,,,,
36,3624,0.32862210273742676,,,,,,,,,,,,,,,,,,,,,,
36,3625,0.37102165818214417,,,,,,,,,,,,,,,,,,,,,,
36,3626,0.31708478927612305,,,,,,,,,,,,,,,,,,,,,,
36,3627,0.34732571244239807,,,,,,,,,,,,,,,,,,,,,,
36,3628,0.35309216380119324,,,,,,,,,,,,,,,,,,,,,,
36,3629,0.293988436460495,,,,,,,,,,,,,,,,,,,,,,
36,3630,0.33779382705688477,,,,,,,,,,,,,,,,,,,,,,
36,3631,0.3514789044857025,,,,,,,,,,,,,,,,,,,,,,
36,3632,0.35767412185668945,,,,,,,,,,,,,,,,,,,,,,
36,3633,0.3765978515148163,,,,,,,,,,,,,,,,,,,,,,
36,3634,0.3586878478527069,,,,,,,,,,,,,,,,,,,,,,
36,3635,0.349685400724411,,,,,,,,,,,,,,,,,,,,,,
36,3636,0.36724910140037537,,,,,,,,,,,,,,,,,,,,,,
36,3637,0.33583831787109375,,,,,,,,,,,,,,,,,,,,,,
36,3638,0.3174305558204651,,,,,,,,,,,,,,,,,,,,,,
36,3639,0.3212985098361969,,,,,,,,,,,,,,,,,,,,,,
36,3640,0.34733355045318604,,,,,,,,,,,,,,,,,,,,,,
36,3641,0.395672470331192,,,,,,,,,,,,,,,,,,,,,,
36,3642,0.3556794822216034,,,,,,,,,,,,,,,,,,,,,,
36,3643,0.3534875214099884,,,,,,,,,,,,,,,,,,,,,,
36,3644,0.358062207698822,,,,,,,,,,,,,,,,,,,,,,
36,3645,0.3801039159297943,,,,,,,,,,,,,,,,,,,,,,
36,3646,0.36347684264183044,,,,,,,,,,,,,,,,,,,,,,
36,3647,0.34216514229774475,,,,,,,,,,,,,,,,,,,,,,
36,3648,0.3559136390686035,,,,,,,,,,,,,,,,,,,,,,
36,3649,0.2952926754951477,,,,,,,,,,,,,,,,,,,,,,
36,3650,0.3403230309486389,,,,,,,,,,,,,,,,,,,,,,
36,3651,0.3495748043060303,,,,,,,,,,,,,,,,,,,,,,
36,3652,0.347188800573349,,,,,,,,,,,,,,,,,,,,,,
36,3653,0.37274885177612305,,,,,,,,,,,,,,,,,,,,,,
36,3654,0.3477618992328644,,,,,,,,,,,,,,,,,,,,,,
36,3655,0.3397549092769623,,,,,,,,,,,,,,,,,,,,,,
36,3656,0.3282870054244995,,,,,,,,,,,,,,,,,,,,,,
36,3657,0.339802086353302,,,,,,,,,,,,,,,,,,,,,,
36,3658,0.35664525628089905,,,,,,,,,,,,,,,,,,,,,,
36,3659,0.38077667355537415,,,,,,,,,,,,,,,,,,,,,,
36,3660,0.32596349716186523,,,,,,,,,,,,,,,,,,,,,,
36,3661,0.3807104229927063,,,,,,,,,,,,,,,,,,,,,,
36,3662,0.35319873690605164,,,,,,,,,,,,,,,,,,,,,,
36,3663,0.3440994620323181,,,,,,,,,,,,,,,,,,,,,,
36,3664,0.41169846057891846,,,,,,,,,,,,,,,,,,,,,,
36,3665,0.3779621720314026,,,,,,,,,,,,,,,,,,,,,,
36,3666,0.3377241790294647,,,,,,,,,,,,,,,,,,,,,,
36,3667,0.3274819552898407,,,,,,,,,,,,,,,,,,,,,,
36,3668,0.3591172397136688,,,,,,,,,,,,,,,,,,,,,,
36,3669,0.34085729718208313,,,,,,,,,,,,,,,,,,,,,,
36,3670,0.35418906807899475,,,,,,,,,,,,,,,,,,,,,,
36,3671,0.4064180254936218,,,,,,,,,,,,,,,,,,,,,,
36,3672,0.3252812922000885,,,,,,,,,,,,,,,,,,,,,,
36,3673,0.3662049472332001,,,,,,,,,,,,,,,,,,,,,,
36,3674,0.3588202893733978,,,,,,,,,,,,,,,,,,,,,,
36,3675,0.3474860191345215,,,,,,,,,,,,,,,,,,,,,,
36,3676,0.34015023708343506,,,,,,,,,,,,,,,,,,,,,,
36,3677,0.3346579670906067,,,,,,,,,,,,,,,,,,,,,,
36,3678,0.32077595591545105,,,,,,,,,,,,,,,,,,,,,,
36,3679,0.3401082456111908,,,,,,,,,,,,,,,,,,,,,,
36,3680,0.3448733687400818,,,,,,,,,,,,,,,,,,,,,,
36,3681,0.3699939548969269,,,,,,,,,,,,,,,,,,,,,,
36,3682,0.354526162147522,,,,,,,,,,,,,,,,,,,,,,
36,3683,0.3244130313396454,,,,,,,,,,,,,,,,,,,,,,
36,3684,0.3493228852748871,,,,,,,,,,,,,,,,,,,,,,
36,3685,0.32537841796875,,,,,,,,,,,,,,,,,,,,,,
36,3686,0.34138330817222595,,,,,,,,,,,,,,,,,,,,,,
36,3687,0.30215489864349365,,,,,,,,,,,,,,,,,,,,,,
36,3688,0.36565783619880676,,,,,,,,,,,,,,,,,,,,,,
36,3689,0.34070998430252075,,,,,,,,,,,,,,,,,,,,,,
36,3690,0.3677234351634979,,,,,,,,,,,,,,,,,,,,,,
36,3691,0.3473767936229706,,,,,,,,,,,,,,,,,,,,,,
36,3692,0.29131656885147095,,,,,,,,,,,,,,,,,,,,,,
36,3693,0.3509126901626587,,,,,,,,,,,,,,,,,,,,,,
36,3694,0.3238649070262909,,,,,,,,,,,,,,,,,,,,,,
36,3695,0.3049251437187195,,,,,,,,,,,,,,,,,,,,,,
36,3696,0.324391633272171,,,,,,,,,,,,,,,,,,,,,,
36,3697,0.32462039589881897,,,,,,,,,,,,,,,,,,,,,,
36,3698,0.3662182092666626,,,,,,,,,,,,,,,,,,,,,,
36,3699,0.37261417508125305,,,,,,,,,,,,,,,,,,,,,,
36,3699,,0.3074412941932678,0.24027492105960846,1.488654613494873,11.60058879852295,136.52011108398438,0.38064196705818176,0.29802706837654114,0.6149013638496399,0.36817866563796997,0.6104262471199036,0.6764898896217346,1.4886544942855835,0.929038941860199,12.434676170349121,0.7482361197471619,0.8283417820930481,1.043523907661438,0.9823176860809326,0.7482361197471619,0.8283417820930481,0.38064196705818176,0.29802706837654114
37,3700,0.35642561316490173,,,,,,,,,,,,,,,,,,,,,,
37,3701,0.35131004452705383,,,,,,,,,,,,,,,,,,,,,,
37,3702,0.35799798369407654,,,,,,,,,,,,,,,,,,,,,,
37,3703,0.37900790572166443,,,,,,,,,,,,,,,,,,,,,,
37,3704,0.3612929880619049,,,,,,,,,,,,,,,,,,,,,,
37,3705,0.36621832847595215,,,,,,,,,,,,,,,,,,,,,,
37,3706,0.3474873900413513,,,,,,,,,,,,,,,,,,,,,,
37,3707,0.36861270666122437,,,,,,,,,,,,,,,,,,,,,,
37,3708,0.3532698154449463,,,,,,,,,,,,,,,,,,,,,,
37,3709,0.38131773471832275,,,,,,,,,,,,,,,,,,,,,,
37,3710,0.35579171776771545,,,,,,,,,,,,,,,,,,,,,,
37,3711,0.3461356461048126,,,,,,,,,,,,,,,,,,,,,,
37,3712,0.3467801809310913,,,,,,,,,,,,,,,,,,,,,,
37,3713,0.3405840992927551,,,,,,,,,,,,,,,,,,,,,,
37,3714,0.3217877149581909,,,,,,,,,,,,,,,,,,,,,,
37,3715,0.31734341382980347,,,,,,,,,,,,,,,,,,,,,,
37,3716,0.3324827253818512,,,,,,,,,,,,,,,,,,,,,,
37,3717,0.317333847284317,,,,,,,,,,,,,,,,,,,,,,
37,3718,0.3352814018726349,,,,,,,,,,,,,,,,,,,,,,
37,3719,0.358066588640213,,,,,,,,,,,,,,,,,,,,,,
37,3720,0.33807215094566345,,,,,,,,,,,,,,,,,,,,,,
37,3721,0.3694569170475006,,,,,,,,,,,,,,,,,,,,,,
37,3722,0.32724741101264954,,,,,,,,,,,,,,,,,,,,,,
37,3723,0.3241972029209137,,,,,,,,,,,,,,,,,,,,,,
37,3724,0.3140676021575928,,,,,,,,,,,,,,,,,,,,,,
37,3725,0.3492841422557831,,,,,,,,,,,,,,,,,,,,,,
37,3726,0.3938671350479126,,,,,,,,,,,,,,,,,,,,,,
37,3727,0.29933372139930725,,,,,,,,,,,,,,,,,,,,,,
37,3728,0.31826791167259216,,,,,,,,,,,,,,,,,,,,,,
37,3729,0.3592855632305145,,,,,,,,,,,,,,,,,,,,,,
37,3730,0.3056827485561371,,,,,,,,,,,,,,,,,,,,,,
37,3731,0.3413873612880707,,,,,,,,,,,,,,,,,,,,,,
37,3732,0.3599355220794678,,,,,,,,,,,,,,,,,,,,,,
37,3733,0.3738989531993866,,,,,,,,,,,,,,,,,,,,,,
37,3734,0.3390454649925232,,,,,,,,,,,,,,,,,,,,,,
37,3735,0.3768480718135834,,,,,,,,,,,,,,,,,,,,,,
37,3736,0.3571678400039673,,,,,,,,,,,,,,,,,,,,,,
37,3737,0.3184652328491211,,,,,,,,,,,,,,,,,,,,,,
37,3738,0.322653204202652,,,,,,,,,,,,,,,,,,,,,,
37,3739,0.3617214858531952,,,,,,,,,,,,,,,,,,,,,,
37,3740,0.3408103585243225,,,,,,,,,,,,,,,,,,,,,,
37,3741,0.35208654403686523,,,,,,,,,,,,,,,,,,,,,,
37,3742,0.3391493856906891,,,,,,,,,,,,,,,,,,,,,,
37,3743,0.316100537776947,,,,,,,,,,,,,,,,,,,,,,
37,3744,0.31082281470298767,,,,,,,,,,,,,,,,,,,,,,
37,3745,0.33269181847572327,,,,,,,,,,,,,,,,,,,,,,
37,3746,0.3473800718784332,,,,,,,,,,,,,,,,,,,,,,
37,3747,0.3131149113178253,,,,,,,,,,,,,,,,,,,,,,
37,3748,0.3287048637866974,,,,,,,,,,,,,,,,,,,,,,
37,3749,0.3235444128513336,,,,,,,,,,,,,,,,,,,,,,
37,3750,0.32804784178733826,,,,,,,,,,,,,,,,,,,,,,
37,3751,0.27944353222846985,,,,,,,,,,,,,,,,,,,,,,
37,3752,0.3351390063762665,,,,,,,,,,,,,,,,,,,,,,
37,3753,0.33572033047676086,,,,,,,,,,,,,,,,,,,,,,
37,3754,0.35895150899887085,,,,,,,,,,,,,,,,,,,,,,
37,3755,0.31375280022621155,,,,,,,,,,,,,,,,,,,,,,
37,3756,0.33463746309280396,,,,,,,,,,,,,,,,,,,,,,
37,3757,0.36238428950309753,,,,,,,,,,,,,,,,,,,,,,
37,3758,0.3590349555015564,,,,,,,,,,,,,,,,,,,,,,
37,3759,0.3289330005645752,,,,,,,,,,,,,,,,,,,,,,
37,3760,0.3403196632862091,,,,,,,,,,,,,,,,,,,,,,
37,3761,0.3377467691898346,,,,,,,,,,,,,,,,,,,,,,
37,3762,0.38464757800102234,,,,,,,,,,,,,,,,,,,,,,
37,3763,0.3582765460014343,,,,,,,,,,,,,,,,,,,,,,
37,3764,0.3267437219619751,,,,,,,,,,,,,,,,,,,,,,
37,3765,0.30522361397743225,,,,,,,,,,,,,,,,,,,,,,
37,3766,0.3400236666202545,,,,,,,,,,,,,,,,,,,,,,
37,3767,0.32363027334213257,,,,,,,,,,,,,,,,,,,,,,
37,3768,0.3528800904750824,,,,,,,,,,,,,,,,,,,,,,
37,3769,0.3052220344543457,,,,,,,,,,,,,,,,,,,,,,
37,3770,0.31839466094970703,,,,,,,,,,,,,,,,,,,,,,
37,3771,0.3210713863372803,,,,,,,,,,,,,,,,,,,,,,
37,3772,0.3459072411060333,,,,,,,,,,,,,,,,,,,,,,
37,3773,0.34647801518440247,,,,,,,,,,,,,,,,,,,,,,
37,3774,0.3556159734725952,,,,,,,,,,,,,,,,,,,,,,
37,3775,0.3022348880767822,,,,,,,,,,,,,,,,,,,,,,
37,3776,0.34840068221092224,,,,,,,,,,,,,,,,,,,,,,
37,3777,0.3072725832462311,,,,,,,,,,,,,,,,,,,,,,
37,3778,0.3873489797115326,,,,,,,,,,,,,,,,,,,,,,
37,3779,0.3585546910762787,,,,,,,,,,,,,,,,,,,,,,
37,3780,0.345576673746109,,,,,,,,,,,,,,,,,,,,,,
37,3781,0.2739569842815399,,,,,,,,,,,,,,,,,,,,,,
37,3782,0.33246418833732605,,,,,,,,,,,,,,,,,,,,,,
37,3783,0.3118442893028259,,,,,,,,,,,,,,,,,,,,,,
37,3784,0.34458327293395996,,,,,,,,,,,,,,,,,,,,,,
37,3785,0.3389653265476227,,,,,,,,,,,,,,,,,,,,,,
37,3786,0.28367629647254944,,,,,,,,,,,,,,,,,,,,,,
37,3787,0.33527255058288574,,,,,,,,,,,,,,,,,,,,,,
37,3788,0.3638036251068115,,,,,,,,,,,,,,,,,,,,,,
37,3789,0.3298225402832031,,,,,,,,,,,,,,,,,,,,,,
37,3790,0.3436567485332489,,,,,,,,,,,,,,,,,,,,,,
37,3791,0.32171961665153503,,,,,,,,,,,,,,,,,,,,,,
37,3792,0.3104245066642761,,,,,,,,,,,,,,,,,,,,,,
37,3793,0.3132459223270416,,,,,,,,,,,,,,,,,,,,,,
37,3794,0.3015267550945282,,,,,,,,,,,,,,,,,,,,,,
37,3795,0.3231359124183655,,,,,,,,,,,,,,,,,,,,,,
37,3796,0.31446272134780884,,,,,,,,,,,,,,,,,,,,,,
37,3797,0.3402159810066223,,,,,,,,,,,,,,,,,,,,,,
37,3798,0.3251553475856781,,,,,,,,,,,,,,,,,,,,,,
37,3799,0.3146131932735443,,,,,,,,,,,,,,,,,,,,,,
37,3799,,0.29704177379608154,0.24032600224018097,1.4670521020889282,10.833137512207031,136.4419708251953,0.3680874705314636,0.29628244042396545,0.5925948619842529,0.3673120141029358,0.6034696698188782,0.6994630098342896,1.4670519828796387,0.9231870770454407,13.1776123046875,0.7394245266914368,0.8523223400115967,1.031633734703064,1.0085800886154175,0.7394245266914368,0.8523223400115967,0.3680874705314636,0.29628244042396545
38,3800,0.33127373456954956,,,,,,,,,,,,,,,,,,,,,,
38,3801,0.33171361684799194,,,,,,,,,,,,,,,,,,,,,,
38,3802,0.33872362971305847,,,,,,,,,,,,,,,,,,,,,,
38,3803,0.32904234528541565,,,,,,,,,,,,,,,,,,,,,,
38,3804,0.3677069842815399,,,,,,,,,,,,,,,,,,,,,,
38,3805,0.3009028434753418,,,,,,,,,,,,,,,,,,,,,,
38,3806,0.335502028465271,,,,,,,,,,,,,,,,,,,,,,
38,3807,0.3763101100921631,,,,,,,,,,,,,,,,,,,,,,
38,3808,0.3502562940120697,,,,,,,,,,,,,,,,,,,,,,
38,3809,0.3116702735424042,,,,,,,,,,,,,,,,,,,,,,
38,3810,0.37194719910621643,,,,,,,,,,,,,,,,,,,,,,
38,3811,0.36317771673202515,,,,,,,,,,,,,,,,,,,,,,
38,3812,0.3385840356349945,,,,,,,,,,,,,,,,,,,,,,
38,3813,0.30042126774787903,,,,,,,,,,,,,,,,,,,,,,
38,3814,0.3685283660888672,,,,,,,,,,,,,,,,,,,,,,
38,3815,0.31236299872398376,,,,,,,,,,,,,,,,,,,,,,
38,3816,0.34021511673927307,,,,,,,,,,,,,,,,,,,,,,
38,3817,0.34040534496307373,,,,,,,,,,,,,,,,,,,,,,
38,3818,0.3248453736305237,,,,,,,,,,,,,,,,,,,,,,
38,3819,0.34520423412323,,,,,,,,,,,,,,,,,,,,,,
38,3820,0.3243143856525421,,,,,,,,,,,,,,,,,,,,,,
38,3821,0.3327948749065399,,,,,,,,,,,,,,,,,,,,,,
38,3822,0.33539870381355286,,,,,,,,,,,,,,,,,,,,,,
38,3823,0.3100842237472534,,,,,,,,,,,,,,,,,,,,,,
38,3824,0.3878856301307678,,,,,,,,,,,,,,,,,,,,,,
38,3825,0.3503032922744751,,,,,,,,,,,,,,,,,,,,,,
38,3826,0.299318790435791,,,,,,,,,,,,,,,,,,,,,,
38,3827,0.31881800293922424,,,,,,,,,,,,,,,,,,,,,,
38,3828,0.34936287999153137,,,,,,,,,,,,,,,,,,,,,,
38,3829,0.34281983971595764,,,,,,,,,,,,,,,,,,,,,,
38,3830,0.3395821154117584,,,,,,,,,,,,,,,,,,,,,,
38,3831,0.2872272729873657,,,,,,,,,,,,,,,,,,,,,,
38,3832,0.3362920880317688,,,,,,,,,,,,,,,,,,,,,,
38,3833,0.31698179244995117,,,,,,,,,,,,,,,,,,,,,,
38,3834,0.34849974513053894,,,,,,,,,,,,,,,,,,,,,,
38,3835,0.2948414087295532,,,,,,,,,,,,,,,,,,,,,,
38,3836,0.3102964162826538,,,,,,,,,,,,,,,,,,,,,,
38,3837,0.3749784231185913,,,,,,,,,,,,,,,,,,,,,,
38,3838,0.3447282910346985,,,,,,,,,,,,,,,,,,,,,,
38,3839,0.34957224130630493,,,,,,,,,,,,,,,,,,,,,,
38,3840,0.3361160159111023,,,,,,,,,,,,,,,,,,,,,,
38,3841,0.3075358271598816,,,,,,,,,,,,,,,,,,,,,,
38,3842,0.3240155875682831,,,,,,,,,,,,,,,,,,,,,,
38,3843,0.362970232963562,,,,,,,,,,,,,,,,,,,,,,
38,3844,0.3243664503097534,,,,,,,,,,,,,,,,,,,,,,
38,3845,0.3169493079185486,,,,,,,,,,,,,,,,,,,,,,
38,3846,0.32869720458984375,,,,,,,,,,,,,,,,,,,,,,
38,3847,0.3469184935092926,,,,,,,,,,,,,,,,,,,,,,
38,3848,0.3031235635280609,,,,,,,,,,,,,,,,,,,,,,
38,3849,0.3614565134048462,,,,,,,,,,,,,,,,,,,,,,
38,3850,0.3501596748828888,,,,,,,,,,,,,,,,,,,,,,
38,3851,0.35905933380126953,,,,,,,,,,,,,,,,,,,,,,
38,3852,0.3357219696044922,,,,,,,,,,,,,,,,,,,,,,
38,3853,0.30972373485565186,,,,,,,,,,,,,,,,,,,,,,
38,3854,0.3362465500831604,,,,,,,,,,,,,,,,,,,,,,
38,3855,0.31942206621170044,,,,,,,,,,,,,,,,,,,,,,
38,3856,0.38061416149139404,,,,,,,,,,,,,,,,,,,,,,
38,3857,0.304157018661499,,,,,,,,,,,,,,,,,,,,,,
38,3858,0.30451762676239014,,,,,,,,,,,,,,,,,,,,,,
38,3859,0.3200334906578064,,,,,,,,,,,,,,,,,,,,,,
38,3860,0.36685073375701904,,,,,,,,,,,,,,,,,,,,,,
38,3861,0.3145101070404053,,,,,,,,,,,,,,,,,,,,,,
38,3862,0.2720392048358917,,,,,,,,,,,,,,,,,,,,,,
38,3863,0.3782719075679779,,,,,,,,,,,,,,,,,,,,,,
38,3864,0.34033823013305664,,,,,,,,,,,,,,,,,,,,,,
38,3865,0.2909161448478699,,,,,,,,,,,,,,,,,,,,,,
38,3866,0.2950960695743561,,,,,,,,,,,,,,,,,,,,,,
38,3867,0.3273162543773651,,,,,,,,,,,,,,,,,,,,,,
38,3868,0.3365015387535095,,,,,,,,,,,,,,,,,,,,,,
38,3869,0.3362501561641693,,,,,,,,,,,,,,,,,,,,,,
38,3870,0.3639155626296997,,,,,,,,,,,,,,,,,,,,,,
38,3871,0.3361782729625702,,,,,,,,,,,,,,,,,,,,,,
38,3872,0.33130693435668945,,,,,,,,,,,,,,,,,,,,,,
38,3873,0.3410327732563019,,,,,,,,,,,,,,,,,,,,,,
38,3874,0.34376052021980286,,,,,,,,,,,,,,,,,,,,,,
38,3875,0.36966726183891296,,,,,,,,,,,,,,,,,,,,,,
38,3876,0.37272322177886963,,,,,,,,,,,,,,,,,,,,,,
38,3877,0.3485182225704193,,,,,,,,,,,,,,,,,,,,,,
38,3878,0.30622410774230957,,,,,,,,,,,,,,,,,,,,,,
38,3879,0.3579499125480652,,,,,,,,,,,,,,,,,,,,,,
38,3880,0.3541052043437958,,,,,,,,,,,,,,,,,,,,,,
38,3881,0.3630525469779968,,,,,,,,,,,,,,,,,,,,,,
38,3882,0.33269003033638,,,,,,,,,,,,,,,,,,,,,,
38,3883,0.3235059380531311,,,,,,,,,,,,,,,,,,,,,,
38,3884,0.32076919078826904,,,,,,,,,,,,,,,,,,,,,,
38,3885,0.28735336661338806,,,,,,,,,,,,,,,,,,,,,,
38,3886,0.3452107608318329,,,,,,,,,,,,,,,,,,,,,,
38,3887,0.3215814232826233,,,,,,,,,,,,,,,,,,,,,,
38,3888,0.39314159750938416,,,,,,,,,,,,,,,,,,,,,,
38,3889,0.35216644406318665,,,,,,,,,,,,,,,,,,,,,,
38,3890,0.3006840646266937,,,,,,,,,,,,,,,,,,,,,,
38,3891,0.32023194432258606,,,,,,,,,,,,,,,,,,,,,,
38,3892,0.31871575117111206,,,,,,,,,,,,,,,,,,,,,,
38,3893,0.38562628626823425,,,,,,,,,,,,,,,,,,,,,,
38,3894,0.31341636180877686,,,,,,,,,,,,,,,,,,,,,,
38,3895,0.37065866589546204,,,,,,,,,,,,,,,,,,,,,,
38,3896,0.331071138381958,,,,,,,,,,,,,,,,,,,,,,
38,3897,0.390169620513916,,,,,,,,,,,,,,,,,,,,,,
38,3898,0.3287910223007202,,,,,,,,,,,,,,,,,,,,,,
38,3899,0.3409663438796997,,,,,,,,,,,,,,,,,,,,,,
38,3899,,0.2999630868434906,0.24090594053268433,1.4728355407714844,10.757875442504883,133.713623046875,0.3692404627799988,0.2950739562511444,0.5895856022834778,0.3658084571361542,0.6053479313850403,0.6848877668380737,1.4728355407714844,0.9112507700920105,12.729601860046387,0.7389383316040039,0.8318279385566711,1.0217159986495972,0.9887450933456421,0.7389383316040039,0.8318279385566711,0.3692404627799988,0.2950739562511444
39,3900,0.3356114625930786,,,,,,,,,,,,,,,,,,,,,,
39,3901,0.3491876423358917,,,,,,,,,,,,,,,,,,,,,,
39,3902,0.3394210934638977,,,,,,,,,,,,,,,,,,,,,,
39,3903,0.3478442430496216,,,,,,,,,,,,,,,,,,,,,,
39,3904,0.3210469186306,,,,,,,,,,,,,,,,,,,,,,
39,3905,0.33182117342948914,,,,,,,,,,,,,,,,,,,,,,
39,3906,0.3041951656341553,,,,,,,,,,,,,,,,,,,,,,
39,3907,0.30535179376602173,,,,,,,,,,,,,,,,,,,,,,
39,3908,0.3505419194698334,,,,,,,,,,,,,,,,,,,,,,
39,3909,0.35046496987342834,,,,,,,,,,,,,,,,,,,,,,
39,3910,0.32503029704093933,,,,,,,,,,,,,,,,,,,,,,
39,3911,0.31687670946121216,,,,,,,,,,,,,,,,,,,,,,
39,3912,0.3317524492740631,,,,,,,,,,,,,,,,,,,,,,
39,3913,0.33870652318000793,,,,,,,,,,,,,,,,,,,,,,
39,3914,0.3140753209590912,,,,,,,,,,,,,,,,,,,,,,
39,3915,0.3292456567287445,,,,,,,,,,,,,,,,,,,,,,
39,3916,0.3158314526081085,,,,,,,,,,,,,,,,,,,,,,
39,3917,0.32609373331069946,,,,,,,,,,,,,,,,,,,,,,
39,3918,0.36936599016189575,,,,,,,,,,,,,,,,,,,,,,
39,3919,0.34270167350769043,,,,,,,,,,,,,,,,,,,,,,
39,3920,0.2820266783237457,,,,,,,,,,,,,,,,,,,,,,
39,3921,0.2951136827468872,,,,,,,,,,,,,,,,,,,,,,
39,3922,0.3010205626487732,,,,,,,,,,,,,,,,,,,,,,
39,3923,0.33135560154914856,,,,,,,,,,,,,,,,,,,,,,
39,3924,0.33427292108535767,,,,,,,,,,,,,,,,,,,,,,
39,3925,0.33823922276496887,,,,,,,,,,,,,,,,,,,,,,
39,3926,0.34487274289131165,,,,,,,,,,,,,,,,,,,,,,
39,3927,0.3559988737106323,,,,,,,,,,,,,,,,,,,,,,
39,3928,0.30909886956214905,,,,,,,,,,,,,,,,,,,,,,
39,3929,0.33500662446022034,,,,,,,,,,,,,,,,,,,,,,
39,3930,0.3413538336753845,,,,,,,,,,,,,,,,,,,,,,
39,3931,0.35020703077316284,,,,,,,,,,,,,,,,,,,,,,
39,3932,0.3024445176124573,,,,,,,,,,,,,,,,,,,,,,
39,3933,0.35741937160491943,,,,,,,,,,,,,,,,,,,,,,
39,3934,0.29891127347946167,,,,,,,,,,,,,,,,,,,,,,
39,3935,0.3484835624694824,,,,,,,,,,,,,,,,,,,,,,
39,3936,0.3430598974227905,,,,,,,,,,,,,,,,,,,,,,
39,3937,0.3266398012638092,,,,,,,,,,,,,,,,,,,,,,
39,3938,0.3264857530593872,,,,,,,,,,,,,,,,,,,,,,
39,3939,0.3542526662349701,,,,,,,,,,,,,,,,,,,,,,
39,3940,0.36259904503822327,,,,,,,,,,,,,,,,,,,,,,
39,3941,0.3528727889060974,,,,,,,,,,,,,,,,,,,,,,
39,3942,0.28985127806663513,,,,,,,,,,,,,,,,,,,,,,
39,3943,0.30318912863731384,,,,,,,,,,,,,,,,,,,,,,
39,3944,0.32575586438179016,,,,,,,,,,,,,,,,,,,,,,
39,3945,0.3366285562515259,,,,,,,,,,,,,,,,,,,,,,
39,3946,0.3218787908554077,,,,,,,,,,,,,,,,,,,,,,
39,3947,0.3556429445743561,,,,,,,,,,,,,,,,,,,,,,
39,3948,0.3423246741294861,,,,,,,,,,,,,,,,,,,,,,
39,3949,0.30840224027633667,,,,,,,,,,,,,,,,,,,,,,
39,3950,0.3182503879070282,,,,,,,,,,,,,,,,,,,,,,
39,3951,0.34487882256507874,,,,,,,,,,,,,,,,,,,,,,
39,3952,0.33618301153182983,,,,,,,,,,,,,,,,,,,,,,
39,3953,0.2770615518093109,,,,,,,,,,,,,,,,,,,,,,
39,3954,0.2878289520740509,,,,,,,,,,,,,,,,,,,,,,
39,3955,0.3359021544456482,,,,,,,,,,,,,,,,,,,,,,
39,3956,0.34825870394706726,,,,,,,,,,,,,,,,,,,,,,
39,3957,0.36608460545539856,,,,,,,,,,,,,,,,,,,,,,
39,3958,0.33404627442359924,,,,,,,,,,,,,,,,,,,,,,
39,3959,0.2886442244052887,,,,,,,,,,,,,,,,,,,,,,
39,3960,0.32345816493034363,,,,,,,,,,,,,,,,,,,,,,
39,3961,0.2979535162448883,,,,,,,,,,,,,,,,,,,,,,
39,3962,0.2744390368461609,,,,,,,,,,,,,,,,,,,,,,
39,3963,0.3363454043865204,,,,,,,,,,,,,,,,,,,,,,
39,3964,0.29052695631980896,,,,,,,,,,,,,,,,,,,,,,
39,3965,0.2600022852420807,,,,,,,,,,,,,,,,,,,,,,
39,3966,0.28143900632858276,,,,,,,,,,,,,,,,,,,,,,
39,3967,0.33204764127731323,,,,,,,,,,,,,,,,,,,,,,
39,3968,0.35680052638053894,,,,,,,,,,,,,,,,,,,,,,
39,3969,0.31659743189811707,,,,,,,,,,,,,,,,,,,,,,
39,3970,0.3413573205471039,,,,,,,,,,,,,,,,,,,,,,
39,3971,0.30570390820503235,,,,,,,,,,,,,,,,,,,,,,
39,3972,0.352865606546402,,,,,,,,,,,,,,,,,,,,,,
39,3973,0.326104074716568,,,,,,,,,,,,,,,,,,,,,,
39,3974,0.34928619861602783,,,,,,,,,,,,,,,,,,,,,,
39,3975,0.3166573643684387,,,,,,,,,,,,,,,,,,,,,,
39,3976,0.3577736020088196,,,,,,,,,,,,,,,,,,,,,,
39,3977,0.33659258484840393,,,,,,,,,,,,,,,,,,,,,,
39,3978,0.32495778799057007,,,,,,,,,,,,,,,,,,,,,,
39,3979,0.3122512996196747,,,,,,,,,,,,,,,,,,,,,,
39,3980,0.3001326620578766,,,,,,,,,,,,,,,,,,,,,,
39,3981,0.28212660551071167,,,,,,,,,,,,,,,,,,,,,,
39,3982,0.2929918169975281,,,,,,,,,,,,,,,,,,,,,,
39,3983,0.3086157739162445,,,,,,,,,,,,,,,,,,,,,,
39,3984,0.3064635694026947,,,,,,,,,,,,,,,,,,,,,,
39,3985,0.35759037733078003,,,,,,,,,,,,,,,,,,,,,,
39,3986,0.28386226296424866,,,,,,,,,,,,,,,,,,,,,,
39,3987,0.3413928747177124,,,,,,,,,,,,,,,,,,,,,,
39,3988,0.3221813440322876,,,,,,,,,,,,,,,,,,,,,,
39,3989,0.29123780131340027,,,,,,,,,,,,,,,,,,,,,,
39,3990,0.3261968791484833,,,,,,,,,,,,,,,,,,,,,,
39,3991,0.3576485812664032,,,,,,,,,,,,,,,,,,,,,,
39,3992,0.2940269708633423,,,,,,,,,,,,,,,,,,,,,,
39,3993,0.3688940107822418,,,,,,,,,,,,,,,,,,,,,,
39,3994,0.3181847333908081,,,,,,,,,,,,,,,,,,,,,,
39,3995,0.30762141942977905,,,,,,,,,,,,,,,,,,,,,,
39,3996,0.33268237113952637,,,,,,,,,,,,,,,,,,,,,,
39,3997,0.2951585054397583,,,,,,,,,,,,,,,,,,,,,,
39,3998,0.3298794627189636,,,,,,,,,,,,,,,,,,,,,,
39,3999,0.2992250323295593,,,,,,,,,,,,,,,,,,,,,,
39,3999,,0.29338952898979187,0.23428067564964294,1.4563486576080322,10.424155235290527,129.41879272460938,0.36409232020378113,0.29052865505218506,0.5819498896598816,0.3602939546108246,0.5951064229011536,0.6795822978019714,1.4563486576080322,0.887366771697998,12.453782081604004,0.7314051985740662,0.8352974653244019,1.0124118328094482,0.9855200052261353,0.7314051985740662,0.8352974653244019,0.36409232020378113,0.29052865505218506
40,4000,0.3170229494571686,,,,,,,,,,,,,,,,,,,,,,
40,4001,0.34472227096557617,,,,,,,,,,,,,,,,,,,,,,
40,4002,0.3272172808647156,,,,,,,,,,,,,,,,,,,,,,
40,4003,0.3005612790584564,,,,,,,,,,,,,,,,,,,,,,
40,4004,0.261644184589386,,,,,,,,,,,,,,,,,,,,,,
40,4005,0.3393222689628601,,,,,,,,,,,,,,,,,,,,,,
40,4006,0.3011464774608612,,,,,,,,,,,,,,,,,,,,,,
40,4007,0.3254931569099426,,,,,,,,,,,,,,,,,,,,,,
40,4008,0.2935257852077484,,,,,,,,,,,,,,,,,,,,,,
40,4009,0.36628103256225586,,,,,,,,,,,,,,,,,,,,,,
40,4010,0.30467045307159424,,,,,,,,,,,,,,,,,,,,,,
40,4011,0.2912466526031494,,,,,,,,,,,,,,,,,,,,,,
40,4012,0.310385525226593,,,,,,,,,,,,,,,,,,,,,,
40,4013,0.34731853008270264,,,,,,,,,,,,,,,,,,,,,,
40,4014,0.3187899589538574,,,,,,,,,,,,,,,,,,,,,,
40,4015,0.39001092314720154,,,,,,,,,,,,,,,,,,,,,,
40,4016,0.29399630427360535,,,,,,,,,,,,,,,,,,,,,,
40,4017,0.35344111919403076,,,,,,,,,,,,,,,,,,,,,,
40,4018,0.31508222222328186,,,,,,,,,,,,,,,,,,,,,,
40,4019,0.32651418447494507,,,,,,,,,,,,,,,,,,,,,,
40,4020,0.31215426325798035,,,,,,,,,,,,,,,,,,,,,,
40,4021,0.3085234761238098,,,,,,,,,,,,,,,,,,,,,,
40,4022,0.29425859451293945,,,,,,,,,,,,,,,,,,,,,,
40,4023,0.26966553926467896,,,,,,,,,,,,,,,,,,,,,,
40,4024,0.36928606033325195,,,,,,,,,,,,,,,,,,,,,,
40,4025,0.34029102325439453,,,,,,,,,,,,,,,,,,,,,,
40,4026,0.31756582856178284,,,,,,,,,,,,,,,,,,,,,,
40,4027,0.3136402666568756,,,,,,,,,,,,,,,,,,,,,,
40,4028,0.3142666220664978,,,,,,,,,,,,,,,,,,,,,,
40,4029,0.30698615312576294,,,,,,,,,,,,,,,,,,,,,,
40,4030,0.3149491548538208,,,,,,,,,,,,,,,,,,,,,,
40,4031,0.31899333000183105,,,,,,,,,,,,,,,,,,,,,,
40,4032,0.2919832468032837,,,,,,,,,,,,,,,,,,,,,,
40,4033,0.31596240401268005,,,,,,,,,,,,,,,,,,,,,,
40,4034,0.31023022532463074,,,,,,,,,,,,,,,,,,,,,,
40,4035,0.3329916000366211,,,,,,,,,,,,,,,,,,,,,,
40,4036,0.3583528995513916,,,,,,,,,,,,,,,,,,,,,,
40,4037,0.33068570494651794,,,,,,,,,,,,,,,,,,,,,,
40,4038,0.33069345355033875,,,,,,,,,,,,,,,,,,,,,,
40,4039,0.30230942368507385,,,,,,,,,,,,,,,,,,,,,,
40,4040,0.28936684131622314,,,,,,,,,,,,,,,,,,,,,,
40,4041,0.359513521194458,,,,,,,,,,,,,,,,,,,,,,
40,4042,0.3376530408859253,,,,,,,,,,,,,,,,,,,,,,
40,4043,0.2764575183391571,,,,,,,,,,,,,,,,,,,,,,
40,4044,0.32398465275764465,,,,,,,,,,,,,,,,,,,,,,
40,4045,0.2865997850894928,,,,,,,,,,,,,,,,,,,,,,
40,4046,0.3407028913497925,,,,,,,,,,,,,,,,,,,,,,
40,4047,0.30272555351257324,,,,,,,,,,,,,,,,,,,,,,
40,4048,0.321839839220047,,,,,,,,,,,,,,,,,,,,,,
40,4049,0.3471492528915405,,,,,,,,,,,,,,,,,,,,,,
40,4050,0.3101527690887451,,,,,,,,,,,,,,,,,,,,,,
40,4051,0.2751094102859497,,,,,,,,,,,,,,,,,,,,,,
40,4052,0.33395662903785706,,,,,,,,,,,,,,,,,,,,,,
40,4053,0.2991364598274231,,,,,,,,,,,,,,,,,,,,,,
40,4054,0.3355812728404999,,,,,,,,,,,,,,,,,,,,,,
40,4055,0.324053019285202,,,,,,,,,,,,,,,,,,,,,,
40,4056,0.3848995864391327,,,,,,,,,,,,,,,,,,,,,,
40,4057,0.3238210380077362,,,,,,,,,,,,,,,,,,,,,,
40,4058,0.2929132580757141,,,,,,,,,,,,,,,,,,,,,,
40,4059,0.2630002200603485,,,,,,,,,,,,,,,,,,,,,,
40,4060,0.27201753854751587,,,,,,,,,,,,,,,,,,,,,,
40,4061,0.31857651472091675,,,,,,,,,,,,,,,,,,,,,,
40,4062,0.2947661876678467,,,,,,,,,,,,,,,,,,,,,,
40,4063,0.316413938999176,,,,,,,,,,,,,,,,,,,,,,
40,4064,0.33243507146835327,,,,,,,,,,,,,,,,,,,,,,
40,4065,0.3436223864555359,,,,,,,,,,,,,,,,,,,,,,
40,4066,0.3294164538383484,,,,,,,,,,,,,,,,,,,,,,
40,4067,0.33184537291526794,,,,,,,,,,,,,,,,,,,,,,
40,4068,0.3018731474876404,,,,,,,,,,,,,,,,,,,,,,
40,4069,0.2972431182861328,,,,,,,,,,,,,,,,,,,,,,
40,4070,0.2882564663887024,,,,,,,,,,,,,,,,,,,,,,
40,4071,0.3071938753128052,,,,,,,,,,,,,,,,,,,,,,
40,4072,0.3526824414730072,,,,,,,,,,,,,,,,,,,,,,
40,4073,0.3314041793346405,,,,,,,,,,,,,,,,,,,,,,
40,4074,0.3535100817680359,,,,,,,,,,,,,,,,,,,,,,
40,4075,0.31743258237838745,,,,,,,,,,,,,,,,,,,,,,
40,4076,0.31305381655693054,,,,,,,,,,,,,,,,,,,,,,
40,4077,0.318711519241333,,,,,,,,,,,,,,,,,,,,,,
40,4078,0.33215489983558655,,,,,,,,,,,,,,,,,,,,,,
40,4079,0.3198447525501251,,,,,,,,,,,,,,,,,,,,,,
40,4080,0.31936395168304443,,,,,,,,,,,,,,,,,,,,,,
40,4081,0.3155066967010498,,,,,,,,,,,,,,,,,,,,,,
40,4082,0.32818982005119324,,,,,,,,,,,,,,,,,,,,,,
40,4083,0.2813214957714081,,,,,,,,,,,,,,,,,,,,,,
40,4084,0.2596612870693207,,,,,,,,,,,,,,,,,,,,,,
40,4085,0.3138231635093689,,,,,,,,,,,,,,,,,,,,,,
40,4086,0.3211331367492676,,,,,,,,,,,,,,,,,,,,,,
40,4087,0.3204158842563629,,,,,,,,,,,,,,,,,,,,,,
40,4088,0.32181796431541443,,,,,,,,,,,,,,,,,,,,,,
40,4089,0.341615229845047,,,,,,,,,,,,,,,,,,,,,,
40,4090,0.3053238093852997,,,,,,,,,,,,,,,,,,,,,,
40,4091,0.3304745852947235,,,,,,,,,,,,,,,,,,,,,,
40,4092,0.29980579018592834,,,,,,,,,,,,,,,,,,,,,,
40,4093,0.31824490427970886,,,,,,,,,,,,,,,,,,,,,,
40,4094,0.33341240882873535,,,,,,,,,,,,,,,,,,,,,,
40,4095,0.3010479211807251,,,,,,,,,,,,,,,,,,,,,,
40,4096,0.29786884784698486,,,,,,,,,,,,,,,,,,,,,,
40,4097,0.3635869324207306,,,,,,,,,,,,,,,,,,,,,,
40,4098,0.33213719725608826,,,,,,,,,,,,,,,,,,,,,,
40,4099,0.2962796688079834,,,,,,,,,,,,,,,,,,,,,,
40,4099,,0.29427656531333923,0.23652520775794983,1.4484410285949707,10.311810493469238,128.78494262695312,0.36160823702812195,0.2894733250141144,0.577476978302002,0.35978299379348755,0.5988192558288574,0.685120701789856,1.4484409093856812,0.8834177851676941,12.347090721130371,0.7309669256210327,0.833043098449707,1.010863184928894,0.9905908703804016,0.7309669256210327,0.833043098449707,0.36160823702812195,0.2894733250141144
41,4100,0.3075513243675232,,,,,,,,,,,,,,,,,,,,,,
41,4101,0.3203566074371338,,,,,,,,,,,,,,,,,,,,,,
41,4102,0.3587813377380371,,,,,,,,,,,,,,,,,,,,,,
41,4103,0.3125514090061188,,,,,,,,,,,,,,,,,,,,,,
41,4104,0.30772864818573,,,,,,,,,,,,,,,,,,,,,,
41,4105,0.34421250224113464,,,,,,,,,,,,,,,,,,,,,,
41,4106,0.34279105067253113,,,,,,,,,,,,,,,,,,,,,,
41,4107,0.29788151383399963,,,,,,,,,,,,,,,,,,,,,,
41,4108,0.34111055731773376,,,,,,,,,,,,,,,,,,,,,,
41,4109,0.32531723380088806,,,,,,,,,,,,,,,,,,,,,,
41,4110,0.2854692339897156,,,,,,,,,,,,,,,,,,,,,,
41,4111,0.3074164390563965,,,,,,,,,,,,,,,,,,,,,,
41,4112,0.33263853192329407,,,,,,,,,,,,,,,,,,,,,,
41,4113,0.32084470987319946,,,,,,,,,,,,,,,,,,,,,,
41,4114,0.3045128285884857,,,,,,,,,,,,,,,,,,,,,,
41,4115,0.3132457435131073,,,,,,,,,,,,,,,,,,,,,,
41,4116,0.3218019902706146,,,,,,,,,,,,,,,,,,,,,,
41,4117,0.376996785402298,,,,,,,,,,,,,,,,,,,,,,
41,4118,0.3502334952354431,,,,,,,,,,,,,,,,,,,,,,
41,4119,0.3168872892856598,,,,,,,,,,,,,,,,,,,,,,
41,4120,0.293335884809494,,,,,,,,,,,,,,,,,,,,,,
41,4121,0.3127277195453644,,,,,,,,,,,,,,,,,,,,,,
41,4122,0.33209681510925293,,,,,,,,,,,,,,,,,,,,,,
41,4123,0.31780871748924255,,,,,,,,,,,,,,,,,,,,,,
41,4124,0.3236403167247772,,,,,,,,,,,,,,,,,,,,,,
41,4125,0.3344751298427582,,,,,,,,,,,,,,,,,,,,,,
41,4126,0.33061644434928894,,,,,,,,,,,,,,,,,,,,,,
41,4127,0.29903444647789,,,,,,,,,,,,,,,,,,,,,,
41,4128,0.2722941040992737,,,,,,,,,,,,,,,,,,,,,,
41,4129,0.2806227505207062,,,,,,,,,,,,,,,,,,,,,,
41,4130,0.3204350471496582,,,,,,,,,,,,,,,,,,,,,,
41,4131,0.31246423721313477,,,,,,,,,,,,,,,,,,,,,,
41,4132,0.29046475887298584,,,,,,,,,,,,,,,,,,,,,,
41,4133,0.2599413990974426,,,,,,,,,,,,,,,,,,,,,,
41,4134,0.3233879506587982,,,,,,,,,,,,,,,,,,,,,,
41,4135,0.3172251880168915,,,,,,,,,,,,,,,,,,,,,,
41,4136,0.29533651471138,,,,,,,,,,,,,,,,,,,,,,
41,4137,0.3150438070297241,,,,,,,,,,,,,,,,,,,,,,
41,4138,0.3170359134674072,,,,,,,,,,,,,,,,,,,,,,
41,4139,0.28723886609077454,,,,,,,,,,,,,,,,,,,,,,
41,4140,0.3001532256603241,,,,,,,,,,,,,,,,,,,,,,
41,4141,0.2599840760231018,,,,,,,,,,,,,,,,,,,,,,
41,4142,0.3364918529987335,,,,,,,,,,,,,,,,,,,,,,
41,4143,0.3395322561264038,,,,,,,,,,,,,,,,,,,,,,
41,4144,0.33760055899620056,,,,,,,,,,,,,,,,,,,,,,
41,4145,0.2883186638355255,,,,,,,,,,,,,,,,,,,,,,
41,4146,0.30303674936294556,,,,,,,,,,,,,,,,,,,,,,
41,4147,0.338507741689682,,,,,,,,,,,,,,,,,,,,,,
41,4148,0.29793810844421387,,,,,,,,,,,,,,,,,,,,,,
41,4149,0.31824401021003723,,,,,,,,,,,,,,,,,,,,,,
41,4150,0.3071582615375519,,,,,,,,,,,,,,,,,,,,,,
41,4151,0.3072141706943512,,,,,,,,,,,,,,,,,,,,,,
41,4152,0.32561877369880676,,,,,,,,,,,,,,,,,,,,,,
41,4153,0.32049018144607544,,,,,,,,,,,,,,,,,,,,,,
41,4154,0.3294535279273987,,,,,,,,,,,,,,,,,,,,,,
41,4155,0.2751045823097229,,,,,,,,,,,,,,,,,,,,,,
41,4156,0.3085062801837921,,,,,,,,,,,,,,,,,,,,,,
41,4157,0.36068055033683777,,,,,,,,,,,,,,,,,,,,,,
41,4158,0.31751441955566406,,,,,,,,,,,,,,,,,,,,,,
41,4159,0.3174336552619934,,,,,,,,,,,,,,,,,,,,,,
41,4160,0.31954798102378845,,,,,,,,,,,,,,,,,,,,,,
41,4161,0.3196882903575897,,,,,,,,,,,,,,,,,,,,,,
41,4162,0.2899397015571594,,,,,,,,,,,,,,,,,,,,,,
41,4163,0.29767516255378723,,,,,,,,,,,,,,,,,,,,,,
41,4164,0.347787082195282,,,,,,,,,,,,,,,,,,,,,,
41,4165,0.2486046403646469,,,,,,,,,,,,,,,,,,,,,,
41,4166,0.28854233026504517,,,,,,,,,,,,,,,,,,,,,,
41,4167,0.33616381883621216,,,,,,,,,,,,,,,,,,,,,,
41,4168,0.3010031580924988,,,,,,,,,,,,,,,,,,,,,,
41,4169,0.32007792592048645,,,,,,,,,,,,,,,,,,,,,,
41,4170,0.28755515813827515,,,,,,,,,,,,,,,,,,,,,,
41,4171,0.28526079654693604,,,,,,,,,,,,,,,,,,,,,,
41,4172,0.26397019624710083,,,,,,,,,,,,,,,,,,,,,,
41,4173,0.3097320795059204,,,,,,,,,,,,,,,,,,,,,,
41,4174,0.3242635428905487,,,,,,,,,,,,,,,,,,,,,,
41,4175,0.3077061176300049,,,,,,,,,,,,,,,,,,,,,,
41,4176,0.3121855556964874,,,,,,,,,,,,,,,,,,,,,,
41,4177,0.30301645398139954,,,,,,,,,,,,,,,,,,,,,,
41,4178,0.3034061789512634,,,,,,,,,,,,,,,,,,,,,,
41,4179,0.3192565441131592,,,,,,,,,,,,,,,,,,,,,,
41,4180,0.2983877956867218,,,,,,,,,,,,,,,,,,,,,,
41,4181,0.349278062582016,,,,,,,,,,,,,,,,,,,,,,
41,4182,0.29435276985168457,,,,,,,,,,,,,,,,,,,,,,
41,4183,0.29249927401542664,,,,,,,,,,,,,,,,,,,,,,
41,4184,0.32073748111724854,,,,,,,,,,,,,,,,,,,,,,
41,4185,0.33388814330101013,,,,,,,,,,,,,,,,,,,,,,
41,4186,0.2855903208255768,,,,,,,,,,,,,,,,,,,,,,
41,4187,0.2764059603214264,,,,,,,,,,,,,,,,,,,,,,
41,4188,0.28110551834106445,,,,,,,,,,,,,,,,,,,,,,
41,4189,0.31741753220558167,,,,,,,,,,,,,,,,,,,,,,
41,4190,0.29402053356170654,,,,,,,,,,,,,,,,,,,,,,
41,4191,0.2907881736755371,,,,,,,,,,,,,,,,,,,,,,
41,4192,0.27290666103363037,,,,,,,,,,,,,,,,,,,,,,
41,4193,0.28052350878715515,,,,,,,,,,,,,,,,,,,,,,
41,4194,0.2809780538082123,,,,,,,,,,,,,,,,,,,,,,
41,4195,0.311474472284317,,,,,,,,,,,,,,,,,,,,,,
41,4196,0.31486329436302185,,,,,,,,,,,,,,,,,,,,,,
41,4197,0.2703382968902588,,,,,,,,,,,,,,,,,,,,,,
41,4198,0.3224542438983917,,,,,,,,,,,,,,,,,,,,,,
41,4199,0.2762499153614044,,,,,,,,,,,,,,,,,,,,,,
41,4199,,0.2957829535007477,0.2390844225883484,1.4631085395812988,10.639829635620117,133.18923950195312,0.365755170583725,0.2934113144874573,0.5850949883460999,0.363130122423172,0.5980936288833618,0.6836485266685486,1.4631084203720093,0.9018770456314087,12.67162799835205,0.7336260676383972,0.8325896859169006,1.0180926322937012,0.9871938824653625,0.7336260676383972,0.8325896859169006,0.365755170583725,0.2934113144874573
42,4200,0.31156477332115173,,,,,,,,,,,,,,,,,,,,,,
42,4201,0.31440040469169617,,,,,,,,,,,,,,,,,,,,,,
42,4202,0.31423377990722656,,,,,,,,,,,,,,,,,,,,,,
42,4203,0.29647693037986755,,,,,,,,,,,,,,,,,,,,,,
42,4204,0.3071323037147522,,,,,,,,,,,,,,,,,,,,,,
42,4205,0.2643320560455322,,,,,,,,,,,,,,,,,,,,,,
42,4206,0.2888151705265045,,,,,,,,,,,,,,,,,,,,,,
42,4207,0.3285709321498871,,,,,,,,,,,,,,,,,,,,,,
42,4208,0.26211321353912354,,,,,,,,,,,,,,,,,,,,,,
42,4209,0.33852243423461914,,,,,,,,,,,,,,,,,,,,,,
42,4210,0.2703864276409149,,,,,,,,,,,,,,,,,,,,,,
42,4211,0.2672269642353058,,,,,,,,,,,,,,,,,,,,,,
42,4212,0.28849607706069946,,,,,,,,,,,,,,,,,,,,,,
42,4213,0.31039777398109436,,,,,,,,,,,,,,,,,,,,,,
42,4214,0.2454853057861328,,,,,,,,,,,,,,,,,,,,,,
42,4215,0.2617979943752289,,,,,,,,,,,,,,,,,,,,,,
42,4216,0.31269633769989014,,,,,,,,,,,,,,,,,,,,,,
42,4217,0.29741260409355164,,,,,,,,,,,,,,,,,,,,,,
42,4218,0.271217405796051,,,,,,,,,,,,,,,,,,,,,,
42,4219,0.2930266261100769,,,,,,,,,,,,,,,,,,,,,,
42,4220,0.29651591181755066,,,,,,,,,,,,,,,,,,,,,,
42,4221,0.2927899658679962,,,,,,,,,,,,,,,,,,,,,,
42,4222,0.3416222333908081,,,,,,,,,,,,,,,,,,,,,,
42,4223,0.3155350685119629,,,,,,,,,,,,,,,,,,,,,,
42,4224,0.3587605655193329,,,,,,,,,,,,,,,,,,,,,,
42,4225,0.24943558871746063,,,,,,,,,,,,,,,,,,,,,,
42,4226,0.2837260663509369,,,,,,,,,,,,,,,,,,,,,,
42,4227,0.3218434453010559,,,,,,,,,,,,,,,,,,,,,,
42,4228,0.2528136372566223,,,,,,,,,,,,,,,,,,,,,,
42,4229,0.328525185585022,,,,,,,,,,,,,,,,,,,,,,
42,4230,0.2575702667236328,,,,,,,,,,,,,,,,,,,,,,
42,4231,0.3368704915046692,,,,,,,,,,,,,,,,,,,,,,
42,4232,0.32219281792640686,,,,,,,,,,,,,,,,,,,,,,
42,4233,0.27444881200790405,,,,,,,,,,,,,,,,,,,,,,
42,4234,0.2851424515247345,,,,,,,,,,,,,,,,,,,,,,
42,4235,0.30703550577163696,,,,,,,,,,,,,,,,,,,,,,
42,4236,0.3357987403869629,,,,,,,,,,,,,,,,,,,,,,
42,4237,0.3055604100227356,,,,,,,,,,,,,,,,,,,,,,
42,4238,0.34326544404029846,,,,,,,,,,,,,,,,,,,,,,
42,4239,0.3171099126338959,,,,,,,,,,,,,,,,,,,,,,
42,4240,0.3165324032306671,,,,,,,,,,,,,,,,,,,,,,
42,4241,0.31184762716293335,,,,,,,,,,,,,,,,,,,,,,
42,4242,0.2979194223880768,,,,,,,,,,,,,,,,,,,,,,
42,4243,0.27886179089546204,,,,,,,,,,,,,,,,,,,,,,
42,4244,0.303196519613266,,,,,,,,,,,,,,,,,,,,,,
42,4245,0.266899973154068,,,,,,,,,,,,,,,,,,,,,,
42,4246,0.3127548396587372,,,,,,,,,,,,,,,,,,,,,,
42,4247,0.26157471537590027,,,,,,,,,,,,,,,,,,,,,,
42,4248,0.284129798412323,,,,,,,,,,,,,,,,,,,,,,
42,4249,0.24093863368034363,,,,,,,,,,,,,,,,,,,,,,
42,4250,0.28798484802246094,,,,,,,,,,,,,,,,,,,,,,
42,4251,0.35078883171081543,,,,,,,,,,,,,,,,,,,,,,
42,4252,0.22114458680152893,,,,,,,,,,,,,,,,,,,,,,
42,4253,0.3078112304210663,,,,,,,,,,,,,,,,,,,,,,
42,4254,0.2979600727558136,,,,,,,,,,,,,,,,,,,,,,
42,4255,0.3320258557796478,,,,,,,,,,,,,,,,,,,,,,
42,4256,0.32952359318733215,,,,,,,,,,,,,,,,,,,,,,
42,4257,0.2787896990776062,,,,,,,,,,,,,,,,,,,,,,
42,4258,0.3071630895137787,,,,,,,,,,,,,,,,,,,,,,
42,4259,0.3352438509464264,,,,,,,,,,,,,,,,,,,,,,
42,4260,0.30889973044395447,,,,,,,,,,,,,,,,,,,,,,
42,4261,0.29701346158981323,,,,,,,,,,,,,,,,,,,,,,
42,4262,0.26715072989463806,,,,,,,,,,,,,,,,,,,,,,
42,4263,0.30772149562835693,,,,,,,,,,,,,,,,,,,,,,
42,4264,0.2683943510055542,,,,,,,,,,,,,,,,,,,,,,
42,4265,0.31274735927581787,,,,,,,,,,,,,,,,,,,,,,
42,4266,0.2722366750240326,,,,,,,,,,,,,,,,,,,,,,
42,4267,0.2957739233970642,,,,,,,,,,,,,,,,,,,,,,
42,4268,0.32153311371803284,,,,,,,,,,,,,,,,,,,,,,
42,4269,0.3174975514411926,,,,,,,,,,,,,,,,,,,,,,
42,4270,0.3291947543621063,,,,,,,,,,,,,,,,,,,,,,
42,4271,0.3578416407108307,,,,,,,,,,,,,,,,,,,,,,
42,4272,0.28530457615852356,,,,,,,,,,,,,,,,,,,,,,
42,4273,0.3384529948234558,,,,,,,,,,,,,,,,,,,,,,
42,4274,0.28538262844085693,,,,,,,,,,,,,,,,,,,,,,
42,4275,0.29655855894088745,,,,,,,,,,,,,,,,,,,,,,
42,4276,0.27649757266044617,,,,,,,,,,,,,,,,,,,,,,
42,4277,0.32686588168144226,,,,,,,,,,,,,,,,,,,,,,
42,4278,0.27661821246147156,,,,,,,,,,,,,,,,,,,,,,
42,4279,0.3385230600833893,,,,,,,,,,,,,,,,,,,,,,
42,4280,0.3235495984554291,,,,,,,,,,,,,,,,,,,,,,
42,4281,0.2866925299167633,,,,,,,,,,,,,,,,,,,,,,
42,4282,0.2837141752243042,,,,,,,,,,,,,,,,,,,,,,
42,4283,0.2985699772834778,,,,,,,,,,,,,,,,,,,,,,
42,4284,0.2528390884399414,,,,,,,,,,,,,,,,,,,,,,
42,4285,0.27851879596710205,,,,,,,,,,,,,,,,,,,,,,
42,4286,0.3182332217693329,,,,,,,,,,,,,,,,,,,,,,
42,4287,0.2803860604763031,,,,,,,,,,,,,,,,,,,,,,
42,4288,0.3090728223323822,,,,,,,,,,,,,,,,,,,,,,
42,4289,0.3493281304836273,,,,,,,,,,,,,,,,,,,,,,
42,4290,0.32888853549957275,,,,,,,,,,,,,,,,,,,,,,
42,4291,0.27457195520401,,,,,,,,,,,,,,,,,,,,,,
42,4292,0.2949465811252594,,,,,,,,,,,,,,,,,,,,,,
42,4293,0.30549290776252747,,,,,,,,,,,,,,,,,,,,,,
42,4294,0.3261829912662506,,,,,,,,,,,,,,,,,,,,,,
42,4295,0.26078468561172485,,,,,,,,,,,,,,,,,,,,,,
42,4296,0.2906426191329956,,,,,,,,,,,,,,,,,,,,,,
42,4297,0.31415408849716187,,,,,,,,,,,,,,,,,,,,,,
42,4298,0.315885454416275,,,,,,,,,,,,,,,,,,,,,,
42,4299,0.3321242034435272,,,,,,,,,,,,,,,,,,,,,,
42,4299,,0.2995964586734772,0.24067261815071106,1.4803885221481323,10.849934577941895,131.3225860595703,0.3698759973049164,0.29610779881477356,0.5934670567512512,0.36517801880836487,0.6113777160644531,0.6876315474510193,1.4803884029388428,0.9226288795471191,12.489025115966797,0.7453195452690125,0.8357851505279541,1.0364222526550293,0.9882180094718933,0.7453195452690125,0.8357851505279541,0.3698759973049164,0.29610779881477356
43,4300,0.3044978976249695,,,,,,,,,,,,,,,,,,,,,,
43,4301,0.269224613904953,,,,,,,,,,,,,,,,,,,,,,
43,4302,0.3197004199028015,,,,,,,,,,,,,,,,,,,,,,
43,4303,0.2522260546684265,,,,,,,,,,,,,,,,,,,,,,
43,4304,0.290199339389801,,,,,,,,,,,,,,,,,,,,,,
43,4305,0.28936031460762024,,,,,,,,,,,,,,,,,,,,,,
43,4306,0.2987149655818939,,,,,,,,,,,,,,,,,,,,,,
43,4307,0.2531896233558655,,,,,,,,,,,,,,,,,,,,,,
43,4308,0.31423303484916687,,,,,,,,,,,,,,,,,,,,,,
43,4309,0.27529239654541016,,,,,,,,,,,,,,,,,,,,,,
43,4310,0.3349860608577728,,,,,,,,,,,,,,,,,,,,,,
43,4311,0.29945001006126404,,,,,,,,,,,,,,,,,,,,,,
43,4312,0.2670876085758209,,,,,,,,,,,,,,,,,,,,,,
43,4313,0.2798856198787689,,,,,,,,,,,,,,,,,,,,,,
43,4314,0.3127048909664154,,,,,,,,,,,,,,,,,,,,,,
43,4315,0.2958214581012726,,,,,,,,,,,,,,,,,,,,,,
43,4316,0.25787970423698425,,,,,,,,,,,,,,,,,,,,,,
43,4317,0.2944301664829254,,,,,,,,,,,,,,,,,,,,,,
43,4318,0.2744376063346863,,,,,,,,,,,,,,,,,,,,,,
43,4319,0.2618404030799866,,,,,,,,,,,,,,,,,,,,,,
43,4320,0.1944144070148468,,,,,,,,,,,,,,,,,,,,,,
43,4321,0.30820104479789734,,,,,,,,,,,,,,,,,,,,,,
43,4322,0.30591776967048645,,,,,,,,,,,,,,,,,,,,,,
43,4323,0.3015187978744507,,,,,,,,,,,,,,,,,,,,,,
43,4324,0.341107577085495,,,,,,,,,,,,,,,,,,,,,,
43,4325,0.307192325592041,,,,,,,,,,,,,,,,,,,,,,
43,4326,0.31984850764274597,,,,,,,,,,,,,,,,,,,,,,
43,4327,0.28011658787727356,,,,,,,,,,,,,,,,,,,,,,
43,4328,0.3171197474002838,,,,,,,,,,,,,,,,,,,,,,
43,4329,0.28423431515693665,,,,,,,,,,,,,,,,,,,,,,
43,4330,0.3023931682109833,,,,,,,,,,,,,,,,,,,,,,
43,4331,0.23781415820121765,,,,,,,,,,,,,,,,,,,,,,
43,4332,0.3001490533351898,,,,,,,,,,,,,,,,,,,,,,
43,4333,0.32149311900138855,,,,,,,,,,,,,,,,,,,,,,
43,4334,0.3176918625831604,,,,,,,,,,,,,,,,,,,,,,
43,4335,0.2753058969974518,,,,,,,,,,,,,,,,,,,,,,
43,4336,0.346608966588974,,,,,,,,,,,,,,,,,,,,,,
43,4337,0.28539136052131653,,,,,,,,,,,,,,,,,,,,,,
43,4338,0.2732594609260559,,,,,,,,,,,,,,,,,,,,,,
43,4339,0.29330888390541077,,,,,,,,,,,,,,,,,,,,,,
43,4340,0.3148619532585144,,,,,,,,,,,,,,,,,,,,,,
43,4341,0.27663812041282654,,,,,,,,,,,,,,,,,,,,,,
43,4342,0.25455442070961,,,,,,,,,,,,,,,,,,,,,,
43,4343,0.29147961735725403,,,,,,,,,,,,,,,,,,,,,,
43,4344,0.31189385056495667,,,,,,,,,,,,,,,,,,,,,,
43,4345,0.3152550458908081,,,,,,,,,,,,,,,,,,,,,,
43,4346,0.2523629069328308,,,,,,,,,,,,,,,,,,,,,,
43,4347,0.32256945967674255,,,,,,,,,,,,,,,,,,,,,,
43,4348,0.31360891461372375,,,,,,,,,,,,,,,,,,,,,,
43,4349,0.28395697474479675,,,,,,,,,,,,,,,,,,,,,,
43,4350,0.24334892630577087,,,,,,,,,,,,,,,,,,,,,,
43,4351,0.274275004863739,,,,,,,,,,,,,,,,,,,,,,
43,4352,0.3091205060482025,,,,,,,,,,,,,,,,,,,,,,
43,4353,0.26745012402534485,,,,,,,,,,,,,,,,,,,,,,
43,4354,0.3440599739551544,,,,,,,,,,,,,,,,,,,,,,
43,4355,0.2912403643131256,,,,,,,,,,,,,,,,,,,,,,
43,4356,0.2892531156539917,,,,,,,,,,,,,,,,,,,,,,
43,4357,0.3165324032306671,,,,,,,,,,,,,,,,,,,,,,
43,4358,0.3116576373577118,,,,,,,,,,,,,,,,,,,,,,
43,4359,0.3234126567840576,,,,,,,,,,,,,,,,,,,,,,
43,4360,0.2919091284275055,,,,,,,,,,,,,,,,,,,,,,
43,4361,0.3406979739665985,,,,,,,,,,,,,,,,,,,,,,
43,4362,0.322089821100235,,,,,,,,,,,,,,,,,,,,,,
43,4363,0.35443025827407837,,,,,,,,,,,,,,,,,,,,,,
43,4364,0.2597172260284424,,,,,,,,,,,,,,,,,,,,,,
43,4365,0.31550607085227966,,,,,,,,,,,,,,,,,,,,,,
43,4366,0.2990046739578247,,,,,,,,,,,,,,,,,,,,,,
43,4367,0.2957121431827545,,,,,,,,,,,,,,,,,,,,,,
43,4368,0.29686692357063293,,,,,,,,,,,,,,,,,,,,,,
43,4369,0.41778993606567383,,,,,,,,,,,,,,,,,,,,,,
43,4370,0.3096098303794861,,,,,,,,,,,,,,,,,,,,,,
43,4371,0.33660733699798584,,,,,,,,,,,,,,,,,,,,,,
43,4372,0.33124977350234985,,,,,,,,,,,,,,,,,,,,,,
43,4373,0.34068000316619873,,,,,,,,,,,,,,,,,,,,,,
43,4374,0.3005116581916809,,,,,,,,,,,,,,,,,,,,,,
43,4375,0.3179878890514374,,,,,,,,,,,,,,,,,,,,,,
43,4376,0.29017898440361023,,,,,,,,,,,,,,,,,,,,,,
43,4377,0.30805280804634094,,,,,,,,,,,,,,,,,,,,,,
43,4378,0.30415546894073486,,,,,,,,,,,,,,,,,,,,,,
43,4379,0.3096883296966553,,,,,,,,,,,,,,,,,,,,,,
43,4380,0.27706149220466614,,,,,,,,,,,,,,,,,,,,,,
43,4381,0.27938756346702576,,,,,,,,,,,,,,,,,,,,,,
43,4382,0.2751157283782959,,,,,,,,,,,,,,,,,,,,,,
43,4383,0.34360969066619873,,,,,,,,,,,,,,,,,,,,,,
43,4384,0.3397565484046936,,,,,,,,,,,,,,,,,,,,,,
43,4385,0.2537275552749634,,,,,,,,,,,,,,,,,,,,,,
43,4386,0.290869802236557,,,,,,,,,,,,,,,,,,,,,,
43,4387,0.3118579685688019,,,,,,,,,,,,,,,,,,,,,,
43,4388,0.3761950731277466,,,,,,,,,,,,,,,,,,,,,,
43,4389,0.33216190338134766,,,,,,,,,,,,,,,,,,,,,,
43,4390,0.3199425935745239,,,,,,,,,,,,,,,,,,,,,,
43,4391,0.31767481565475464,,,,,,,,,,,,,,,,,,,,,,
43,4392,0.3176288604736328,,,,,,,,,,,,,,,,,,,,,,
43,4393,0.2884669899940491,,,,,,,,,,,,,,,,,,,,,,
43,4394,0.26397275924682617,,,,,,,,,,,,,,,,,,,,,,
43,4395,0.29861873388290405,,,,,,,,,,,,,,,,,,,,,,
43,4396,0.3116152584552765,,,,,,,,,,,,,,,,,,,,,,
43,4397,0.26640331745147705,,,,,,,,,,,,,,,,,,,,,,
43,4398,0.2741352617740631,,,,,,,,,,,,,,,,,,,,,,
43,4399,0.2751571238040924,,,,,,,,,,,,,,,,,,,,,,
43,4399,,0.2981441617012024,0.2368408590555191,1.4791226387023926,10.616072654724121,130.92405700683594,0.3677814304828644,0.29140332341194153,0.5853636264801025,0.36085501313209534,0.6081202626228333,0.6917949318885803,1.479122519493103,0.9243596792221069,12.900732040405273,0.7401493787765503,0.8401370048522949,1.0282301902770996,0.9936227798461914,0.7401493787765503,0.8401370048522949,0.3677814304828644,0.29140332341194153
44,4400,0.26590484380722046,,,,,,,,,,,,,,,,,,,,,,
44,4401,0.28959786891937256,,,,,,,,,,,,,,,,,,,,,,
44,4402,0.29414883255958557,,,,,,,,,,,,,,,,,,,,,,
44,4403,0.3179914355278015,,,,,,,,,,,,,,,,,,,,,,
44,4404,0.26975929737091064,,,,,,,,,,,,,,,,,,,,,,
44,4405,0.3011811673641205,,,,,,,,,,,,,,,,,,,,,,
44,4406,0.2835642099380493,,,,,,,,,,,,,,,,,,,,,,
44,4407,0.243512824177742,,,,,,,,,,,,,,,,,,,,,,
44,4408,0.26643529534339905,,,,,,,,,,,,,,,,,,,,,,
44,4409,0.2481871098279953,,,,,,,,,,,,,,,,,,,,,,
44,4410,0.2376345694065094,,,,,,,,,,,,,,,,,,,,,,
44,4411,0.30149045586586,,,,,,,,,,,,,,,,,,,,,,
44,4412,0.28684988617897034,,,,,,,,,,,,,,,,,,,,,,
44,4413,0.2846413552761078,,,,,,,,,,,,,,,,,,,,,,
44,4414,0.2681887447834015,,,,,,,,,,,,,,,,,,,,,,
44,4415,0.2986963391304016,,,,,,,,,,,,,,,,,,,,,,
44,4416,0.31763985753059387,,,,,,,,,,,,,,,,,,,,,,
44,4417,0.2917451858520508,,,,,,,,,,,,,,,,,,,,,,
44,4418,0.28673529624938965,,,,,,,,,,,,,,,,,,,,,,
44,4419,0.30625492334365845,,,,,,,,,,,,,,,,,,,,,,
44,4420,0.2984949052333832,,,,,,,,,,,,,,,,,,,,,,
44,4421,0.31531378626823425,,,,,,,,,,,,,,,,,,,,,,
44,4422,0.305617094039917,,,,,,,,,,,,,,,,,,,,,,
44,4423,0.3117009997367859,,,,,,,,,,,,,,,,,,,,,,
44,4424,0.2607152760028839,,,,,,,,,,,,,,,,,,,,,,
44,4425,0.3123818337917328,,,,,,,,,,,,,,,,,,,,,,
44,4426,0.3035720884799957,,,,,,,,,,,,,,,,,,,,,,
44,4427,0.23360168933868408,,,,,,,,,,,,,,,,,,,,,,
44,4428,0.26858752965927124,,,,,,,,,,,,,,,,,,,,,,
44,4429,0.20781543850898743,,,,,,,,,,,,,,,,,,,,,,
44,4430,0.27055683732032776,,,,,,,,,,,,,,,,,,,,,,
44,4431,0.28176239132881165,,,,,,,,,,,,,,,,,,,,,,
44,4432,0.26033449172973633,,,,,,,,,,,,,,,,,,,,,,
44,4433,0.28444552421569824,,,,,,,,,,,,,,,,,,,,,,
44,4434,0.2869567573070526,,,,,,,,,,,,,,,,,,,,,,
44,4435,0.2692531645298004,,,,,,,,,,,,,,,,,,,,,,
44,4436,0.2980751693248749,,,,,,,,,,,,,,,,,,,,,,
44,4437,0.328060120344162,,,,,,,,,,,,,,,,,,,,,,
44,4438,0.29110169410705566,,,,,,,,,,,,,,,,,,,,,,
44,4439,0.31193408370018005,,,,,,,,,,,,,,,,,,,,,,
44,4440,0.2894713878631592,,,,,,,,,,,,,,,,,,,,,,
44,4441,0.3010282516479492,,,,,,,,,,,,,,,,,,,,,,
44,4442,0.3225337564945221,,,,,,,,,,,,,,,,,,,,,,
44,4443,0.31240758299827576,,,,,,,,,,,,,,,,,,,,,,
44,4444,0.33710432052612305,,,,,,,,,,,,,,,,,,,,,,
44,4445,0.29848766326904297,,,,,,,,,,,,,,,,,,,,,,
44,4446,0.30246466398239136,,,,,,,,,,,,,,,,,,,,,,
44,4447,0.3257872760295868,,,,,,,,,,,,,,,,,,,,,,
44,4448,0.3228449821472168,,,,,,,,,,,,,,,,,,,,,,
44,4449,0.3053405284881592,,,,,,,,,,,,,,,,,,,,,,
44,4450,0.3406936824321747,,,,,,,,,,,,,,,,,,,,,,
44,4451,0.25345665216445923,,,,,,,,,,,,,,,,,,,,,,
44,4452,0.31412598490715027,,,,,,,,,,,,,,,,,,,,,,
44,4453,0.3244178891181946,,,,,,,,,,,,,,,,,,,,,,
44,4454,0.34225693345069885,,,,,,,,,,,,,,,,,,,,,,
44,4455,0.3009297847747803,,,,,,,,,,,,,,,,,,,,,,
44,4456,0.327094703912735,,,,,,,,,,,,,,,,,,,,,,
44,4457,0.23831748962402344,,,,,,,,,,,,,,,,,,,,,,
44,4458,0.3223235607147217,,,,,,,,,,,,,,,,,,,,,,
44,4459,0.3119208514690399,,,,,,,,,,,,,,,,,,,,,,
44,4460,0.3452830910682678,,,,,,,,,,,,,,,,,,,,,,
44,4461,0.31500691175460815,,,,,,,,,,,,,,,,,,,,,,
44,4462,0.30857548117637634,,,,,,,,,,,,,,,,,,,,,,
44,4463,0.34565213322639465,,,,,,,,,,,,,,,,,,,,,,
44,4464,0.28605523705482483,,,,,,,,,,,,,,,,,,,,,,
44,4465,0.2950707674026489,,,,,,,,,,,,,,,,,,,,,,
44,4466,0.3084564507007599,,,,,,,,,,,,,,,,,,,,,,
44,4467,0.30447185039520264,,,,,,,,,,,,,,,,,,,,,,
44,4468,0.2964189350605011,,,,,,,,,,,,,,,,,,,,,,
44,4469,0.33796143531799316,,,,,,,,,,,,,,,,,,,,,,
44,4470,0.2837024927139282,,,,,,,,,,,,,,,,,,,,,,
44,4471,0.2870611548423767,,,,,,,,,,,,,,,,,,,,,,
44,4472,0.3095077574253082,,,,,,,,,,,,,,,,,,,,,,
44,4473,0.3141351044178009,,,,,,,,,,,,,,,,,,,,,,
44,4474,0.2924705445766449,,,,,,,,,,,,,,,,,,,,,,
44,4475,0.28925248980522156,,,,,,,,,,,,,,,,,,,,,,
44,4476,0.3027550280094147,,,,,,,,,,,,,,,,,,,,,,
44,4477,0.2751093804836273,,,,,,,,,,,,,,,,,,,,,,
44,4478,0.2582448422908783,,,,,,,,,,,,,,,,,,,,,,
44,4479,0.31665050983428955,,,,,,,,,,,,,,,,,,,,,,
44,4480,0.2310137301683426,,,,,,,,,,,,,,,,,,,,,,
44,4481,0.3048386573791504,,,,,,,,,,,,,,,,,,,,,,
44,4482,0.3156646490097046,,,,,,,,,,,,,,,,,,,,,,
44,4483,0.31764528155326843,,,,,,,,,,,,,,,,,,,,,,
44,4484,0.3506357669830322,,,,,,,,,,,,,,,,,,,,,,
44,4485,0.2973731756210327,,,,,,,,,,,,,,,,,,,,,,
44,4486,0.3162136375904083,,,,,,,,,,,,,,,,,,,,,,
44,4487,0.2836935520172119,,,,,,,,,,,,,,,,,,,,,,
44,4488,0.29194176197052,,,,,,,,,,,,,,,,,,,,,,
44,4489,0.3058435320854187,,,,,,,,,,,,,,,,,,,,,,
44,4490,0.3276892602443695,,,,,,,,,,,,,,,,,,,,,,
44,4491,0.31514787673950195,,,,,,,,,,,,,,,,,,,,,,
44,4492,0.29405543208122253,,,,,,,,,,,,,,,,,,,,,,
44,4493,0.2645854651927948,,,,,,,,,,,,,,,,,,,,,,
44,4494,0.2826964557170868,,,,,,,,,,,,,,,,,,,,,,
44,4495,0.29052844643592834,,,,,,,,,,,,,,,,,,,,,,
44,4496,0.28473812341690063,,,,,,,,,,,,,,,,,,,,,,
44,4497,0.2469719648361206,,,,,,,,,,,,,,,,,,,,,,
44,4498,0.2894844114780426,,,,,,,,,,,,,,,,,,,,,,
44,4499,0.3123917579650879,,,,,,,,,,,,,,,,,,,,,,
44,4499,,0.30559152364730835,0.2420876920223236,1.4858982563018799,11.091941833496094,133.1467742919922,0.37328198552131653,0.29568082094192505,0.5976250171661377,0.3646881580352783,0.6142241358757019,0.6867466568946838,1.4858982563018799,0.9292536973953247,12.600179672241211,0.7466527223587036,0.8353064060211182,1.0368679761886597,0.9934074282646179,0.7466527223587036,0.8353064060211182,0.37328198552131653,0.29568082094192505
45,4500,0.30772799253463745,,,,,,,,,,,,,,,,,,,,,,
45,4501,0.24290476739406586,,,,,,,,,,,,,,,,,,,,,,
45,4502,0.27725422382354736,,,,,,,,,,,,,,,,,,,,,,
45,4503,0.24297228455543518,,,,,,,,,,,,,,,,,,,,,,
45,4504,0.2892508804798126,,,,,,,,,,,,,,,,,,,,,,
45,4505,0.30764493346214294,,,,,,,,,,,,,,,,,,,,,,
45,4506,0.32714465260505676,,,,,,,,,,,,,,,,,,,,,,
45,4507,0.2716652750968933,,,,,,,,,,,,,,,,,,,,,,
45,4508,0.2313874512910843,,,,,,,,,,,,,,,,,,,,,,
45,4509,0.34236493706703186,,,,,,,,,,,,,,,,,,,,,,
45,4510,0.2718393802642822,,,,,,,,,,,,,,,,,,,,,,
45,4511,0.2844157814979553,,,,,,,,,,,,,,,,,,,,,,
45,4512,0.3032282590866089,,,,,,,,,,,,,,,,,,,,,,
45,4513,0.2943630814552307,,,,,,,,,,,,,,,,,,,,,,
45,4514,0.3199656307697296,,,,,,,,,,,,,,,,,,,,,,
45,4515,0.28690269589424133,,,,,,,,,,,,,,,,,,,,,,
45,4516,0.3057703375816345,,,,,,,,,,,,,,,,,,,,,,
45,4517,0.25108301639556885,,,,,,,,,,,,,,,,,,,,,,
45,4518,0.2685539722442627,,,,,,,,,,,,,,,,,,,,,,
45,4519,0.3040904402732849,,,,,,,,,,,,,,,,,,,,,,
45,4520,0.26774862408638,,,,,,,,,,,,,,,,,,,,,,
45,4521,0.3281033933162689,,,,,,,,,,,,,,,,,,,,,,
45,4522,0.29991763830184937,,,,,,,,,,,,,,,,,,,,,,
45,4523,0.2738979160785675,,,,,,,,,,,,,,,,,,,,,,
45,4524,0.2791751027107239,,,,,,,,,,,,,,,,,,,,,,
45,4525,0.2971179187297821,,,,,,,,,,,,,,,,,,,,,,
45,4526,0.25388750433921814,,,,,,,,,,,,,,,,,,,,,,
45,4527,0.3038608729839325,,,,,,,,,,,,,,,,,,,,,,
45,4528,0.24815882742404938,,,,,,,,,,,,,,,,,,,,,,
45,4529,0.29199209809303284,,,,,,,,,,,,,,,,,,,,,,
45,4530,0.27908527851104736,,,,,,,,,,,,,,,,,,,,,,
45,4531,0.2575235068798065,,,,,,,,,,,,,,,,,,,,,,
45,4532,0.30364906787872314,,,,,,,,,,,,,,,,,,,,,,
45,4533,0.24575482308864594,,,,,,,,,,,,,,,,,,,,,,
45,4534,0.3021741509437561,,,,,,,,,,,,,,,,,,,,,,
45,4535,0.25584882497787476,,,,,,,,,,,,,,,,,,,,,,
45,4536,0.27868491411209106,,,,,,,,,,,,,,,,,,,,,,
45,4537,0.2922520041465759,,,,,,,,,,,,,,,,,,,,,,
45,4538,0.3094455599784851,,,,,,,,,,,,,,,,,,,,,,
45,4539,0.3025324046611786,,,,,,,,,,,,,,,,,,,,,,
45,4540,0.2974835932254791,,,,,,,,,,,,,,,,,,,,,,
45,4541,0.2486030012369156,,,,,,,,,,,,,,,,,,,,,,
45,4542,0.28750964999198914,,,,,,,,,,,,,,,,,,,,,,
45,4543,0.2720625400543213,,,,,,,,,,,,,,,,,,,,,,
45,4544,0.28483304381370544,,,,,,,,,,,,,,,,,,,,,,
45,4545,0.2727218568325043,,,,,,,,,,,,,,,,,,,,,,
45,4546,0.3128567337989807,,,,,,,,,,,,,,,,,,,,,,
45,4547,0.2673383355140686,,,,,,,,,,,,,,,,,,,,,,
45,4548,0.2822340428829193,,,,,,,,,,,,,,,,,,,,,,
45,4549,0.3137739300727844,,,,,,,,,,,,,,,,,,,,,,
45,4550,0.2948562502861023,,,,,,,,,,,,,,,,,,,,,,
45,4551,0.27878865599632263,,,,,,,,,,,,,,,,,,,,,,
45,4552,0.2993488609790802,,,,,,,,,,,,,,,,,,,,,,
45,4553,0.2999386191368103,,,,,,,,,,,,,,,,,,,,,,
45,4554,0.23050223290920258,,,,,,,,,,,,,,,,,,,,,,
45,4555,0.3148757219314575,,,,,,,,,,,,,,,,,,,,,,
45,4556,0.26636257767677307,,,,,,,,,,,,,,,,,,,,,,
45,4557,0.3190837502479553,,,,,,,,,,,,,,,,,,,,,,
45,4558,0.28824761509895325,,,,,,,,,,,,,,,,,,,,,,
45,4559,0.2901966869831085,,,,,,,,,,,,,,,,,,,,,,
45,4560,0.32060012221336365,,,,,,,,,,,,,,,,,,,,,,
45,4561,0.27895209193229675,,,,,,,,,,,,,,,,,,,,,,
45,4562,0.2632100284099579,,,,,,,,,,,,,,,,,,,,,,
45,4563,0.22665488719940186,,,,,,,,,,,,,,,,,,,,,,
45,4564,0.28449299931526184,,,,,,,,,,,,,,,,,,,,,,
45,4565,0.32454270124435425,,,,,,,,,,,,,,,,,,,,,,
45,4566,0.40514495968818665,,,,,,,,,,,,,,,,,,,,,,
45,4567,0.29469531774520874,,,,,,,,,,,,,,,,,,,,,,
45,4568,0.28894612193107605,,,,,,,,,,,,,,,,,,,,,,
45,4569,0.29430386424064636,,,,,,,,,,,,,,,,,,,,,,
45,4570,0.2999582886695862,,,,,,,,,,,,,,,,,,,,,,
45,4571,0.282940149307251,,,,,,,,,,,,,,,,,,,,,,
45,4572,0.3143293261528015,,,,,,,,,,,,,,,,,,,,,,
45,4573,0.28052520751953125,,,,,,,,,,,,,,,,,,,,,,
45,4574,0.2552866041660309,,,,,,,,,,,,,,,,,,,,,,
45,4575,0.25841671228408813,,,,,,,,,,,,,,,,,,,,,,
45,4576,0.2868756651878357,,,,,,,,,,,,,,,,,,,,,,
45,4577,0.23070648312568665,,,,,,,,,,,,,,,,,,,,,,
45,4578,0.3260387182235718,,,,,,,,,,,,,,,,,,,,,,
45,4579,0.24163290858268738,,,,,,,,,,,,,,,,,,,,,,
45,4580,0.3206002712249756,,,,,,,,,,,,,,,,,,,,,,
45,4581,0.3050391674041748,,,,,,,,,,,,,,,,,,,,,,
45,4582,0.29156774282455444,,,,,,,,,,,,,,,,,,,,,,
45,4583,0.2897176444530487,,,,,,,,,,,,,,,,,,,,,,
45,4584,0.23931580781936646,,,,,,,,,,,,,,,,,,,,,,
45,4585,0.2642180323600769,,,,,,,,,,,,,,,,,,,,,,
45,4586,0.2977999746799469,,,,,,,,,,,,,,,,,,,,,,
45,4587,0.2739061415195465,,,,,,,,,,,,,,,,,,,,,,
45,4588,0.2704949975013733,,,,,,,,,,,,,,,,,,,,,,
45,4589,0.2981214225292206,,,,,,,,,,,,,,,,,,,,,,
45,4590,0.2965727150440216,,,,,,,,,,,,,,,,,,,,,,
45,4591,0.29442983865737915,,,,,,,,,,,,,,,,,,,,,,
45,4592,0.2789016664028168,,,,,,,,,,,,,,,,,,,,,,
45,4593,0.22431974112987518,,,,,,,,,,,,,,,,,,,,,,
45,4594,0.2902783453464508,,,,,,,,,,,,,,,,,,,,,,
45,4595,0.30780717730522156,,,,,,,,,,,,,,,,,,,,,,
45,4596,0.2960847318172455,,,,,,,,,,,,,,,,,,,,,,
45,4597,0.30597224831581116,,,,,,,,,,,,,,,,,,,,,,
45,4598,0.28550985455513,,,,,,,,,,,,,,,,,,,,,,
45,4599,0.2801763117313385,,,,,,,,,,,,,,,,,,,,,,
45,4599,,0.2936704456806183,0.2389739751815796,1.4716989994049072,10.349736213684082,130.4581298828125,0.3619387745857239,0.2933824360370636,0.577070951461792,0.3600206971168518,0.605015218257904,0.6922721862792969,1.4716988801956177,0.9195785522460938,12.967926979064941,0.7365314364433289,0.8408823609352112,1.0226866006851196,0.993906557559967,0.7365314364433289,0.8408823609352112,0.3619387745857239,0.2933824360370636
46,4600,0.30940142273902893,,,,,,,,,,,,,,,,,,,,,,
46,4601,0.3285951614379883,,,,,,,,,,,,,,,,,,,,,,
46,4602,0.23679661750793457,,,,,,,,,,,,,,,,,,,,,,
46,4603,0.27093634009361267,,,,,,,,,,,,,,,,,,,,,,
46,4604,0.3057610094547272,,,,,,,,,,,,,,,,,,,,,,
46,4605,0.28496253490448,,,,,,,,,,,,,,,,,,,,,,
46,4606,0.2597854435443878,,,,,,,,,,,,,,,,,,,,,,
46,4607,0.28042057156562805,,,,,,,,,,,,,,,,,,,,,,
46,4608,0.2882716953754425,,,,,,,,,,,,,,,,,,,,,,
46,4609,0.24730703234672546,,,,,,,,,,,,,,,,,,,,,,
46,4610,0.2814786434173584,,,,,,,,,,,,,,,,,,,,,,
46,4611,0.29736587405204773,,,,,,,,,,,,,,,,,,,,,,
46,4612,0.3100460469722748,,,,,,,,,,,,,,,,,,,,,,
46,4613,0.2532106935977936,,,,,,,,,,,,,,,,,,,,,,
46,4614,0.26694926619529724,,,,,,,,,,,,,,,,,,,,,,
46,4615,0.28359514474868774,,,,,,,,,,,,,,,,,,,,,,
46,4616,0.3021625280380249,,,,,,,,,,,,,,,,,,,,,,
46,4617,0.2994694411754608,,,,,,,,,,,,,,,,,,,,,,
46,4618,0.2917950451374054,,,,,,,,,,,,,,,,,,,,,,
46,4619,0.3018069267272949,,,,,,,,,,,,,,,,,,,,,,
46,4620,0.2681252360343933,,,,,,,,,,,,,,,,,,,,,,
46,4621,0.2939082086086273,,,,,,,,,,,,,,,,,,,,,,
46,4622,0.24404577910900116,,,,,,,,,,,,,,,,,,,,,,
46,4623,0.3300884962081909,,,,,,,,,,,,,,,,,,,,,,
46,4624,0.28101539611816406,,,,,,,,,,,,,,,,,,,,,,
46,4625,0.27524226903915405,,,,,,,,,,,,,,,,,,,,,,
46,4626,0.3182836174964905,,,,,,,,,,,,,,,,,,,,,,
46,4627,0.31864455342292786,,,,,,,,,,,,,,,,,,,,,,
46,4628,0.2598331570625305,,,,,,,,,,,,,,,,,,,,,,
46,4629,0.2658206522464752,,,,,,,,,,,,,,,,,,,,,,
46,4630,0.23921313881874084,,,,,,,,,,,,,,,,,,,,,,
46,4631,0.3177793323993683,,,,,,,,,,,,,,,,,,,,,,
46,4632,0.30095064640045166,,,,,,,,,,,,,,,,,,,,,,
46,4633,0.2784702479839325,,,,,,,,,,,,,,,,,,,,,,
46,4634,0.2382756620645523,,,,,,,,,,,,,,,,,,,,,,
46,4635,0.284015417098999,,,,,,,,,,,,,,,,,,,,,,
46,4636,0.24487610161304474,,,,,,,,,,,,,,,,,,,,,,
46,4637,0.2877206802368164,,,,,,,,,,,,,,,,,,,,,,
46,4638,0.25646087527275085,,,,,,,,,,,,,,,,,,,,,,
46,4639,0.26901480555534363,,,,,,,,,,,,,,,,,,,,,,
46,4640,0.33606845140457153,,,,,,,,,,,,,,,,,,,,,,
46,4641,0.227746844291687,,,,,,,,,,,,,,,,,,,,,,
46,4642,0.29221442341804504,,,,,,,,,,,,,,,,,,,,,,
46,4643,0.26477810740470886,,,,,,,,,,,,,,,,,,,,,,
46,4644,0.2726971507072449,,,,,,,,,,,,,,,,,,,,,,
46,4645,0.22494003176689148,,,,,,,,,,,,,,,,,,,,,,
46,4646,0.26834848523139954,,,,,,,,,,,,,,,,,,,,,,
46,4647,0.27607443928718567,,,,,,,,,,,,,,,,,,,,,,
46,4648,0.2801690399646759,,,,,,,,,,,,,,,,,,,,,,
46,4649,0.31274643540382385,,,,,,,,,,,,,,,,,,,,,,
46,4650,0.2595348358154297,,,,,,,,,,,,,,,,,,,,,,
46,4651,0.2677774131298065,,,,,,,,,,,,,,,,,,,,,,
46,4652,0.3125026226043701,,,,,,,,,,,,,,,,,,,,,,
46,4653,0.27560123801231384,,,,,,,,,,,,,,,,,,,,,,
46,4654,0.3056936264038086,,,,,,,,,,,,,,,,,,,,,,
46,4655,0.2947324216365814,,,,,,,,,,,,,,,,,,,,,,
46,4656,0.25343674421310425,,,,,,,,,,,,,,,,,,,,,,
46,4657,0.30775585770606995,,,,,,,,,,,,,,,,,,,,,,
46,4658,0.28475916385650635,,,,,,,,,,,,,,,,,,,,,,
46,4659,0.2907900810241699,,,,,,,,,,,,,,,,,,,,,,
46,4660,0.25359514355659485,,,,,,,,,,,,,,,,,,,,,,
46,4661,0.23173050582408905,,,,,,,,,,,,,,,,,,,,,,
46,4662,0.28848037123680115,,,,,,,,,,,,,,,,,,,,,,
46,4663,0.33272799849510193,,,,,,,,,,,,,,,,,,,,,,
46,4664,0.21920447051525116,,,,,,,,,,,,,,,,,,,,,,
46,4665,0.28359323740005493,,,,,,,,,,,,,,,,,,,,,,
46,4666,0.2612212598323822,,,,,,,,,,,,,,,,,,,,,,
46,4667,0.27883481979370117,,,,,,,,,,,,,,,,,,,,,,
46,4668,0.2736774682998657,,,,,,,,,,,,,,,,,,,,,,
46,4669,0.2489846795797348,,,,,,,,,,,,,,,,,,,,,,
46,4670,0.2526612877845764,,,,,,,,,,,,,,,,,,,,,,
46,4671,0.23788906633853912,,,,,,,,,,,,,,,,,,,,,,
46,4672,0.27657532691955566,,,,,,,,,,,,,,,,,,,,,,
46,4673,0.25195232033729553,,,,,,,,,,,,,,,,,,,,,,
46,4674,0.3315325677394867,,,,,,,,,,,,,,,,,,,,,,
46,4675,0.2915048897266388,,,,,,,,,,,,,,,,,,,,,,
46,4676,0.22726348042488098,,,,,,,,,,,,,,,,,,,,,,
46,4677,0.24723394215106964,,,,,,,,,,,,,,,,,,,,,,
46,4678,0.24545390903949738,,,,,,,,,,,,,,,,,,,,,,
46,4679,0.2891300618648529,,,,,,,,,,,,,,,,,,,,,,
46,4680,0.2794109582901001,,,,,,,,,,,,,,,,,,,,,,
46,4681,0.2457273155450821,,,,,,,,,,,,,,,,,,,,,,
46,4682,0.26516062021255493,,,,,,,,,,,,,,,,,,,,,,
46,4683,0.32755038142204285,,,,,,,,,,,,,,,,,,,,,,
46,4684,0.329456090927124,,,,,,,,,,,,,,,,,,,,,,
46,4685,0.30220258235931396,,,,,,,,,,,,,,,,,,,,,,
46,4686,0.24590428173542023,,,,,,,,,,,,,,,,,,,,,,
46,4687,0.2644120454788208,,,,,,,,,,,,,,,,,,,,,,
46,4688,0.2890590727329254,,,,,,,,,,,,,,,,,,,,,,
46,4689,0.2431327849626541,,,,,,,,,,,,,,,,,,,,,,
46,4690,0.31395548582077026,,,,,,,,,,,,,,,,,,,,,,
46,4691,0.2768736183643341,,,,,,,,,,,,,,,,,,,,,,
46,4692,0.29978081583976746,,,,,,,,,,,,,,,,,,,,,,
46,4693,0.31965819001197815,,,,,,,,,,,,,,,,,,,,,,
46,4694,0.2816624641418457,,,,,,,,,,,,,,,,,,,,,,
46,4695,0.24455130100250244,,,,,,,,,,,,,,,,,,,,,,
46,4696,0.33127549290657043,,,,,,,,,,,,,,,,,,,,,,
46,4697,0.2629902958869934,,,,,,,,,,,,,,,,,,,,,,
46,4698,0.25160449743270874,,,,,,,,,,,,,,,,,,,,,,
46,4699,0.2222730666399002,,,,,,,,,,,,,,,,,,,,,,
46,4699,,0.28737229108810425,0.23123590648174286,1.445595145225525,10.025513648986816,123.01972198486328,0.3579854369163513,0.28577718138694763,0.5697914958000183,0.3526655435562134,0.5884902477264404,0.6617743372917175,1.445595145225525,0.8766366839408875,11.902705192565918,0.7239932417869568,0.8075909614562988,1.0043004751205444,0.9596742391586304,0.7239932417869568,0.8075909614562988,0.3579854369163513,0.28577718138694763
47,4700,0.3200569450855255,,,,,,,,,,,,,,,,,,,,,,
47,4701,0.30498355627059937,,,,,,,,,,,,,,,,,,,,,,
47,4702,0.306781530380249,,,,,,,,,,,,,,,,,,,,,,
47,4703,0.2623371183872223,,,,,,,,,,,,,,,,,,,,,,
47,4704,0.26303941011428833,,,,,,,,,,,,,,,,,,,,,,
47,4705,0.25298744440078735,,,,,,,,,,,,,,,,,,,,,,
47,4706,0.2717249095439911,,,,,,,,,,,,,,,,,,,,,,
47,4707,0.2858101427555084,,,,,,,,,,,,,,,,,,,,,,
47,4708,0.28059640526771545,,,,,,,,,,,,,,,,,,,,,,
47,4709,0.2478642761707306,,,,,,,,,,,,,,,,,,,,,,
47,4710,0.27740663290023804,,,,,,,,,,,,,,,,,,,,,,
47,4711,0.29886406660079956,,,,,,,,,,,,,,,,,,,,,,
47,4712,0.27322447299957275,,,,,,,,,,,,,,,,,,,,,,
47,4713,0.2727242410182953,,,,,,,,,,,,,,,,,,,,,,
47,4714,0.29456353187561035,,,,,,,,,,,,,,,,,,,,,,
47,4715,0.28565293550491333,,,,,,,,,,,,,,,,,,,,,,
47,4716,0.3050650954246521,,,,,,,,,,,,,,,,,,,,,,
47,4717,0.28036120533943176,,,,,,,,,,,,,,,,,,,,,,
47,4718,0.2779015302658081,,,,,,,,,,,,,,,,,,,,,,
47,4719,0.30891790986061096,,,,,,,,,,,,,,,,,,,,,,
47,4720,0.304019033908844,,,,,,,,,,,,,,,,,,,,,,
47,4721,0.3148461580276489,,,,,,,,,,,,,,,,,,,,,,
47,4722,0.24925288558006287,,,,,,,,,,,,,,,,,,,,,,
47,4723,0.29641106724739075,,,,,,,,,,,,,,,,,,,,,,
47,4724,0.24109932780265808,,,,,,,,,,,,,,,,,,,,,,
47,4725,0.27412933111190796,,,,,,,,,,,,,,,,,,,,,,
47,4726,0.21643882989883423,,,,,,,,,,,,,,,,,,,,,,
47,4727,0.2826750874519348,,,,,,,,,,,,,,,,,,,,,,
47,4728,0.31787607073783875,,,,,,,,,,,,,,,,,,,,,,
47,4729,0.32454124093055725,,,,,,,,,,,,,,,,,,,,,,
47,4730,0.2836514413356781,,,,,,,,,,,,,,,,,,,,,,
47,4731,0.2540724575519562,,,,,,,,,,,,,,,,,,,,,,
47,4732,0.26602432131767273,,,,,,,,,,,,,,,,,,,,,,
47,4733,0.3037700951099396,,,,,,,,,,,,,,,,,,,,,,
47,4734,0.27913060784339905,,,,,,,,,,,,,,,,,,,,,,
47,4735,0.3077549934387207,,,,,,,,,,,,,,,,,,,,,,
47,4736,0.2622966468334198,,,,,,,,,,,,,,,,,,,,,,
47,4737,0.25198015570640564,,,,,,,,,,,,,,,,,,,,,,
47,4738,0.2603115141391754,,,,,,,,,,,,,,,,,,,,,,
47,4739,0.311039537191391,,,,,,,,,,,,,,,,,,,,,,
47,4740,0.2772201597690582,,,,,,,,,,,,,,,,,,,,,,
47,4741,0.32570168375968933,,,,,,,,,,,,,,,,,,,,,,
47,4742,0.2866334915161133,,,,,,,,,,,,,,,,,,,,,,
47,4743,0.31944864988327026,,,,,,,,,,,,,,,,,,,,,,
47,4744,0.26439914107322693,,,,,,,,,,,,,,,,,,,,,,
47,4745,0.30298763513565063,,,,,,,,,,,,,,,,,,,,,,
47,4746,0.29639729857444763,,,,,,,,,,,,,,,,,,,,,,
47,4747,0.3025546371936798,,,,,,,,,,,,,,,,,,,,,,
47,4748,0.2675177752971649,,,,,,,,,,,,,,,,,,,,,,
47,4749,0.24839091300964355,,,,,,,,,,,,,,,,,,,,,,
47,4750,0.2660505771636963,,,,,,,,,,,,,,,,,,,,,,
47,4751,0.293536514043808,,,,,,,,,,,,,,,,,,,,,,
47,4752,0.2892811596393585,,,,,,,,,,,,,,,,,,,,,,
47,4753,0.32422786951065063,,,,,,,,,,,,,,,,,,,,,,
47,4754,0.2725239396095276,,,,,,,,,,,,,,,,,,,,,,
47,4755,0.26042836904525757,,,,,,,,,,,,,,,,,,,,,,
47,4756,0.30182698369026184,,,,,,,,,,,,,,,,,,,,,,
47,4757,0.2861579656600952,,,,,,,,,,,,,,,,,,,,,,
47,4758,0.2811344861984253,,,,,,,,,,,,,,,,,,,,,,
47,4759,0.317595511674881,,,,,,,,,,,,,,,,,,,,,,
47,4760,0.24422913789749146,,,,,,,,,,,,,,,,,,,,,,
47,4761,0.2816125452518463,,,,,,,,,,,,,,,,,,,,,,
47,4762,0.2955622375011444,,,,,,,,,,,,,,,,,,,,,,
47,4763,0.23938293755054474,,,,,,,,,,,,,,,,,,,,,,
47,4764,0.292820543050766,,,,,,,,,,,,,,,,,,,,,,
47,4765,0.25423452258110046,,,,,,,,,,,,,,,,,,,,,,
47,4766,0.30443257093429565,,,,,,,,,,,,,,,,,,,,,,
47,4767,0.2514135241508484,,,,,,,,,,,,,,,,,,,,,,
47,4768,0.2293509989976883,,,,,,,,,,,,,,,,,,,,,,
47,4769,0.2529488205909729,,,,,,,,,,,,,,,,,,,,,,
47,4770,0.23884330689907074,,,,,,,,,,,,,,,,,,,,,,
47,4771,0.2154470682144165,,,,,,,,,,,,,,,,,,,,,,
47,4772,0.260304719209671,,,,,,,,,,,,,,,,,,,,,,
47,4773,0.2984291911125183,,,,,,,,,,,,,,,,,,,,,,
47,4774,0.25445041060447693,,,,,,,,,,,,,,,,,,,,,,
47,4775,0.26420310139656067,,,,,,,,,,,,,,,,,,,,,,
47,4776,0.3523232638835907,,,,,,,,,,,,,,,,,,,,,,
47,4777,0.31089815497398376,,,,,,,,,,,,,,,,,,,,,,
47,4778,0.25845175981521606,,,,,,,,,,,,,,,,,,,,,,
47,4779,0.2516624629497528,,,,,,,,,,,,,,,,,,,,,,
47,4780,0.2784501016139984,,,,,,,,,,,,,,,,,,,,,,
47,4781,0.26310306787490845,,,,,,,,,,,,,,,,,,,,,,
47,4782,0.28519630432128906,,,,,,,,,,,,,,,,,,,,,,
47,4783,0.24564777314662933,,,,,,,,,,,,,,,,,,,,,,
47,4784,0.26924988627433777,,,,,,,,,,,,,,,,,,,,,,
47,4785,0.2620081305503845,,,,,,,,,,,,,,,,,,,,,,
47,4786,0.2824186384677887,,,,,,,,,,,,,,,,,,,,,,
47,4787,0.2979893088340759,,,,,,,,,,,,,,,,,,,,,,
47,4788,0.2309747040271759,,,,,,,,,,,,,,,,,,,,,,
47,4789,0.23649805784225464,,,,,,,,,,,,,,,,,,,,,,
47,4790,0.300089955329895,,,,,,,,,,,,,,,,,,,,,,
47,4791,0.29486578702926636,,,,,,,,,,,,,,,,,,,,,,
47,4792,0.31067684292793274,,,,,,,,,,,,,,,,,,,,,,
47,4793,0.2749880254268646,,,,,,,,,,,,,,,,,,,,,,
47,4794,0.2702564299106598,,,,,,,,,,,,,,,,,,,,,,
47,4795,0.26486289501190186,,,,,,,,,,,,,,,,,,,,,,
47,4796,0.27197110652923584,,,,,,,,,,,,,,,,,,,,,,
47,4797,0.27829936146736145,,,,,,,,,,,,,,,,,,,,,,
47,4798,0.23925426602363586,,,,,,,,,,,,,,,,,,,,,,
47,4799,0.3185268044471741,,,,,,,,,,,,,,,,,,,,,,
47,4799,,0.3017800748348236,0.24111656844615936,1.4801304340362549,10.616852760314941,131.9503173828125,0.3705492913722992,0.2976289689540863,0.5849431157112122,0.36260733008384705,0.611971378326416,0.6930503249168396,1.4801303148269653,0.9081986546516418,12.766919136047363,0.7453294396400452,0.840022623538971,1.0273863077163696,0.9940298199653625,0.7453294396400452,0.840022623538971,0.3705492913722992,0.2976289689540863
48,4800,0.274104505777359,,,,,,,,,,,,,,,,,,,,,,
48,4801,0.287805438041687,,,,,,,,,,,,,,,,,,,,,,
48,4802,0.31994983553886414,,,,,,,,,,,,,,,,,,,,,,
48,4803,0.22255903482437134,,,,,,,,,,,,,,,,,,,,,,
48,4804,0.23808881640434265,,,,,,,,,,,,,,,,,,,,,,
48,4805,0.291951060295105,,,,,,,,,,,,,,,,,,,,,,
48,4806,0.2826229929924011,,,,,,,,,,,,,,,,,,,,,,
48,4807,0.2581442594528198,,,,,,,,,,,,,,,,,,,,,,
48,4808,0.28102555871009827,,,,,,,,,,,,,,,,,,,,,,
48,4809,0.2826555073261261,,,,,,,,,,,,,,,,,,,,,,
48,4810,0.23654568195343018,,,,,,,,,,,,,,,,,,,,,,
48,4811,0.24078458547592163,,,,,,,,,,,,,,,,,,,,,,
48,4812,0.26456978917121887,,,,,,,,,,,,,,,,,,,,,,
48,4813,0.2118428498506546,,,,,,,,,,,,,,,,,,,,,,
48,4814,0.24061135947704315,,,,,,,,,,,,,,,,,,,,,,
48,4815,0.25621622800827026,,,,,,,,,,,,,,,,,,,,,,
48,4816,0.26684629917144775,,,,,,,,,,,,,,,,,,,,,,
48,4817,0.249160498380661,,,,,,,,,,,,,,,,,,,,,,
48,4818,0.2543942332267761,,,,,,,,,,,,,,,,,,,,,,
48,4819,0.2663722336292267,,,,,,,,,,,,,,,,,,,,,,
48,4820,0.2806912958621979,,,,,,,,,,,,,,,,,,,,,,
48,4821,0.2806699872016907,,,,,,,,,,,,,,,,,,,,,,
48,4822,0.2253621369600296,,,,,,,,,,,,,,,,,,,,,,
48,4823,0.3122909665107727,,,,,,,,,,,,,,,,,,,,,,
48,4824,0.26725006103515625,,,,,,,,,,,,,,,,,,,,,,
48,4825,0.29550740122795105,,,,,,,,,,,,,,,,,,,,,,
48,4826,0.27923384308815,,,,,,,,,,,,,,,,,,,,,,
48,4827,0.2873251140117645,,,,,,,,,,,,,,,,,,,,,,
48,4828,0.2617338299751282,,,,,,,,,,,,,,,,,,,,,,
48,4829,0.32986095547676086,,,,,,,,,,,,,,,,,,,,,,
48,4830,0.2801031470298767,,,,,,,,,,,,,,,,,,,,,,
48,4831,0.2920478582382202,,,,,,,,,,,,,,,,,,,,,,
48,4832,0.2097717672586441,,,,,,,,,,,,,,,,,,,,,,
48,4833,0.25352615118026733,,,,,,,,,,,,,,,,,,,,,,
48,4834,0.2767515182495117,,,,,,,,,,,,,,,,,,,,,,
48,4835,0.2593288719654083,,,,,,,,,,,,,,,,,,,,,,
48,4836,0.2795006036758423,,,,,,,,,,,,,,,,,,,,,,
48,4837,0.26470741629600525,,,,,,,,,,,,,,,,,,,,,,
48,4838,0.25728651881217957,,,,,,,,,,,,,,,,,,,,,,
48,4839,0.26634857058525085,,,,,,,,,,,,,,,,,,,,,,
48,4840,0.24417394399642944,,,,,,,,,,,,,,,,,,,,,,
48,4841,0.26082536578178406,,,,,,,,,,,,,,,,,,,,,,
48,4842,0.29214462637901306,,,,,,,,,,,,,,,,,,,,,,
48,4843,0.28394702076911926,,,,,,,,,,,,,,,,,,,,,,
48,4844,0.2881709933280945,,,,,,,,,,,,,,,,,,,,,,
48,4845,0.28083425760269165,,,,,,,,,,,,,,,,,,,,,,
48,4846,0.2535375952720642,,,,,,,,,,,,,,,,,,,,,,
48,4847,0.2778996229171753,,,,,,,,,,,,,,,,,,,,,,
48,4848,0.28402644395828247,,,,,,,,,,,,,,,,,,,,,,
48,4849,0.2972281277179718,,,,,,,,,,,,,,,,,,,,,,
48,4850,0.2848499119281769,,,,,,,,,,,,,,,,,,,,,,
48,4851,0.24172721803188324,,,,,,,,,,,,,,,,,,,,,,
48,4852,0.2706739604473114,,,,,,,,,,,,,,,,,,,,,,
48,4853,0.24246034026145935,,,,,,,,,,,,,,,,,,,,,,
48,4854,0.2733318507671356,,,,,,,,,,,,,,,,,,,,,,
48,4855,0.24489331245422363,,,,,,,,,,,,,,,,,,,,,,
48,4856,0.28425008058547974,,,,,,,,,,,,,,,,,,,,,,
48,4857,0.2786252498626709,,,,,,,,,,,,,,,,,,,,,,
48,4858,0.257168710231781,,,,,,,,,,,,,,,,,,,,,,
48,4859,0.2966015636920929,,,,,,,,,,,,,,,,,,,,,,
48,4860,0.2569097578525543,,,,,,,,,,,,,,,,,,,,,,
48,4861,0.23785026371479034,,,,,,,,,,,,,,,,,,,,,,
48,4862,0.2382657527923584,,,,,,,,,,,,,,,,,,,,,,
48,4863,0.3382660746574402,,,,,,,,,,,,,,,,,,,,,,
48,4864,0.27779480814933777,,,,,,,,,,,,,,,,,,,,,,
48,4865,0.2240913212299347,,,,,,,,,,,,,,,,,,,,,,
48,4866,0.28571411967277527,,,,,,,,,,,,,,,,,,,,,,
48,4867,0.2529743015766144,,,,,,,,,,,,,,,,,,,,,,
48,4868,0.21855628490447998,,,,,,,,,,,,,,,,,,,,,,
48,4869,0.2524626851081848,,,,,,,,,,,,,,,,,,,,,,
48,4870,0.28157922625541687,,,,,,,,,,,,,,,,,,,,,,
48,4871,0.26180341839790344,,,,,,,,,,,,,,,,,,,,,,
48,4872,0.2770331799983978,,,,,,,,,,,,,,,,,,,,,,
48,4873,0.2790898084640503,,,,,,,,,,,,,,,,,,,,,,
48,4874,0.2940096855163574,,,,,,,,,,,,,,,,,,,,,,
48,4875,0.25551411509513855,,,,,,,,,,,,,,,,,,,,,,
48,4876,0.2948324382305145,,,,,,,,,,,,,,,,,,,,,,
48,4877,0.32474446296691895,,,,,,,,,,,,,,,,,,,,,,
48,4878,0.27778905630111694,,,,,,,,,,,,,,,,,,,,,,
48,4879,0.2698657810688019,,,,,,,,,,,,,,,,,,,,,,
48,4880,0.21229082345962524,,,,,,,,,,,,,,,,,,,,,,
48,4881,0.2681159973144531,,,,,,,,,,,,,,,,,,,,,,
48,4882,0.30882176756858826,,,,,,,,,,,,,,,,,,,,,,
48,4883,0.23759377002716064,,,,,,,,,,,,,,,,,,,,,,
48,4884,0.32033395767211914,,,,,,,,,,,,,,,,,,,,,,
48,4885,0.24460095167160034,,,,,,,,,,,,,,,,,,,,,,
48,4886,0.25449642539024353,,,,,,,,,,,,,,,,,,,,,,
48,4887,0.22616538405418396,,,,,,,,,,,,,,,,,,,,,,
48,4888,0.24664945900440216,,,,,,,,,,,,,,,,,,,,,,
48,4889,0.2782970070838928,,,,,,,,,,,,,,,,,,,,,,
48,4890,0.2361001819372177,,,,,,,,,,,,,,,,,,,,,,
48,4891,0.2327679544687271,,,,,,,,,,,,,,,,,,,,,,
48,4892,0.23090589046478271,,,,,,,,,,,,,,,,,,,,,,
48,4893,0.23176680505275726,,,,,,,,,,,,,,,,,,,,,,
48,4894,0.30006855726242065,,,,,,,,,,,,,,,,,,,,,,
48,4895,0.31003624200820923,,,,,,,,,,,,,,,,,,,,,,
48,4896,0.25050634145736694,,,,,,,,,,,,,,,,,,,,,,
48,4897,0.24214552342891693,,,,,,,,,,,,,,,,,,,,,,
48,4898,0.2635939121246338,,,,,,,,,,,,,,,,,,,,,,
48,4899,0.240428626537323,,,,,,,,,,,,,,,,,,,,,,
48,4899,,0.3037400245666504,0.245197132229805,1.4870094060897827,11.144272804260254,137.1873321533203,0.3731330633163452,0.29995232820510864,0.6011386513710022,0.3720923960208893,0.6150181889533997,0.7051683068275452,1.4870092868804932,0.9366898536682129,13.191843032836914,0.7499312162399292,0.8521523475646973,1.0478459596633911,1.015960931777954,0.7499312162399292,0.8521523475646973,0.3731330633163452,0.29995232820510864
49,4900,0.30080634355545044,,,,,,,,,,,,,,,,,,,,,,
49,4901,0.225831538438797,,,,,,,,,,,,,,,,,,,,,,
49,4902,0.22783538699150085,,,,,,,,,,,,,,,,,,,,,,
49,4903,0.26580554246902466,,,,,,,,,,,,,,,,,,,,,,
49,4904,0.252741277217865,,,,,,,,,,,,,,,,,,,,,,
49,4905,0.2759380042552948,,,,,,,,,,,,,,,,,,,,,,
49,4906,0.23596486449241638,,,,,,,,,,,,,,,,,,,,,,
49,4907,0.2642574608325958,,,,,,,,,,,,,,,,,,,,,,
49,4908,0.2764779329299927,,,,,,,,,,,,,,,,,,,,,,
49,4909,0.25085145235061646,,,,,,,,,,,,,,,,,,,,,,
49,4910,0.2536351978778839,,,,,,,,,,,,,,,,,,,,,,
49,4911,0.2601695954799652,,,,,,,,,,,,,,,,,,,,,,
49,4912,0.2426249235868454,,,,,,,,,,,,,,,,,,,,,,
49,4913,0.22522690892219543,,,,,,,,,,,,,,,,,,,,,,
49,4914,0.2995705008506775,,,,,,,,,,,,,,,,,,,,,,
49,4915,0.2706492245197296,,,,,,,,,,,,,,,,,,,,,,
49,4916,0.27372539043426514,,,,,,,,,,,,,,,,,,,,,,
49,4917,0.22728554904460907,,,,,,,,,,,,,,,,,,,,,,
49,4918,0.3306410014629364,,,,,,,,,,,,,,,,,,,,,,
49,4919,0.31181880831718445,,,,,,,,,,,,,,,,,,,,,,
49,4920,0.25696247816085815,,,,,,,,,,,,,,,,,,,,,,
49,4921,0.25136008858680725,,,,,,,,,,,,,,,,,,,,,,
49,4922,0.2888280749320984,,,,,,,,,,,,,,,,,,,,,,
49,4923,0.23050367832183838,,,,,,,,,,,,,,,,,,,,,,
49,4924,0.25657692551612854,,,,,,,,,,,,,,,,,,,,,,
49,4925,0.2894105911254883,,,,,,,,,,,,,,,,,,,,,,
49,4926,0.32146263122558594,,,,,,,,,,,,,,,,,,,,,,
49,4927,0.24472829699516296,,,,,,,,,,,,,,,,,,,,,,
49,4928,0.2750850021839142,,,,,,,,,,,,,,,,,,,,,,
49,4929,0.278881311416626,,,,,,,,,,,,,,,,,,,,,,
49,4930,0.2972645163536072,,,,,,,,,,,,,,,,,,,,,,
49,4931,0.27120012044906616,,,,,,,,,,,,,,,,,,,,,,
49,4932,0.22011436522006989,,,,,,,,,,,,,,,,,,,,,,
49,4933,0.3085290491580963,,,,,,,,,,,,,,,,,,,,,,
49,4934,0.27466943860054016,,,,,,,,,,,,,,,,,,,,,,
49,4935,0.25983431935310364,,,,,,,,,,,,,,,,,,,,,,
49,4936,0.21795691549777985,,,,,,,,,,,,,,,,,,,,,,
49,4937,0.23861385881900787,,,,,,,,,,,,,,,,,,,,,,
49,4938,0.253949910402298,,,,,,,,,,,,,,,,,,,,,,
49,4939,0.2533497214317322,,,,,,,,,,,,,,,,,,,,,,
49,4940,0.22830572724342346,,,,,,,,,,,,,,,,,,,,,,
49,4941,0.22264721989631653,,,,,,,,,,,,,,,,,,,,,,
49,4942,0.2513088285923004,,,,,,,,,,,,,,,,,,,,,,
49,4943,0.2992778420448303,,,,,,,,,,,,,,,,,,,,,,
49,4944,0.28400811553001404,,,,,,,,,,,,,,,,,,,,,,
49,4945,0.30392560362815857,,,,,,,,,,,,,,,,,,,,,,
49,4946,0.22379954159259796,,,,,,,,,,,,,,,,,,,,,,
49,4947,0.2605993151664734,,,,,,,,,,,,,,,,,,,,,,
49,4948,0.2793409824371338,,,,,,,,,,,,,,,,,,,,,,
49,4949,0.23117052018642426,,,,,,,,,,,,,,,,,,,,,,
49,4950,0.2760326564311981,,,,,,,,,,,,,,,,,,,,,,
49,4951,0.2782437205314636,,,,,,,,,,,,,,,,,,,,,,
49,4952,0.2533145546913147,,,,,,,,,,,,,,,,,,,,,,
49,4953,0.23238202929496765,,,,,,,,,,,,,,,,,,,,,,
49,4954,0.2258007675409317,,,,,,,,,,,,,,,,,,,,,,
49,4955,0.303086519241333,,,,,,,,,,,,,,,,,,,,,,
49,4956,0.29769906401634216,,,,,,,,,,,,,,,,,,,,,,
49,4957,0.24452950060367584,,,,,,,,,,,,,,,,,,,,,,
49,4958,0.23142004013061523,,,,,,,,,,,,,,,,,,,,,,
49,4959,0.25002869963645935,,,,,,,,,,,,,,,,,,,,,,
49,4960,0.2412024587392807,,,,,,,,,,,,,,,,,,,,,,
49,4961,0.2494611144065857,,,,,,,,,,,,,,,,,,,,,,
49,4962,0.23745734989643097,,,,,,,,,,,,,,,,,,,,,,
49,4963,0.2599108815193176,,,,,,,,,,,,,,,,,,,,,,
49,4964,0.25762680172920227,,,,,,,,,,,,,,,,,,,,,,
49,4965,0.2711951732635498,,,,,,,,,,,,,,,,,,,,,,
49,4966,0.26798221468925476,,,,,,,,,,,,,,,,,,,,,,
49,4967,0.2341737300157547,,,,,,,,,,,,,,,,,,,,,,
49,4968,0.2617240846157074,,,,,,,,,,,,,,,,,,,,,,
49,4969,0.26655682921409607,,,,,,,,,,,,,,,,,,,,,,
49,4970,0.24593675136566162,,,,,,,,,,,,,,,,,,,,,,
49,4971,0.19146360456943512,,,,,,,,,,,,,,,,,,,,,,
49,4972,0.31290072202682495,,,,,,,,,,,,,,,,,,,,,,
49,4973,0.2303788810968399,,,,,,,,,,,,,,,,,,,,,,
49,4974,0.2298744171857834,,,,,,,,,,,,,,,,,,,,,,
49,4975,0.2707693576812744,,,,,,,,,,,,,,,,,,,,,,
49,4976,0.30372127890586853,,,,,,,,,,,,,,,,,,,,,,
49,4977,0.2631586790084839,,,,,,,,,,,,,,,,,,,,,,
49,4978,0.2321406453847885,,,,,,,,,,,,,,,,,,,,,,
49,4979,0.2625083327293396,,,,,,,,,,,,,,,,,,,,,,
49,4980,0.26354682445526123,,,,,,,,,,,,,,,,,,,,,,
49,4981,0.28444984555244446,,,,,,,,,,,,,,,,,,,,,,
49,4982,0.23054394125938416,,,,,,,,,,,,,,,,,,,,,,
49,4983,0.2713072597980499,,,,,,,,,,,,,,,,,,,,,,
49,4984,0.3006591796875,,,,,,,,,,,,,,,,,,,,,,
49,4985,0.2502402067184448,,,,,,,,,,,,,,,,,,,,,,
49,4986,0.2378300428390503,,,,,,,,,,,,,,,,,,,,,,
49,4987,0.2107168585062027,,,,,,,,,,,,,,,,,,,,,,
49,4988,0.2369372397661209,,,,,,,,,,,,,,,,,,,,,,
49,4989,0.2834799885749817,,,,,,,,,,,,,,,,,,,,,,
49,4990,0.26743751764297485,,,,,,,,,,,,,,,,,,,,,,
49,4991,0.33041197061538696,,,,,,,,,,,,,,,,,,,,,,
49,4992,0.25630080699920654,,,,,,,,,,,,,,,,,,,,,,
49,4993,0.2446979582309723,,,,,,,,,,,,,,,,,,,,,,
49,4994,0.25066906213760376,,,,,,,,,,,,,,,,,,,,,,
49,4995,0.26765176653862,,,,,,,,,,,,,,,,,,,,,,
49,4996,0.2757125198841095,,,,,,,,,,,,,,,,,,,,,,
49,4997,0.21702410280704498,,,,,,,,,,,,,,,,,,,,,,
49,4998,0.24988514184951782,,,,,,,,,,,,,,,,,,,,,,
49,4999,0.29735782742500305,,,,,,,,,,,,,,,,,,,,,,
49,4999,,0.2973306179046631,0.23789142072200775,1.465364694595337,10.426569938659668,127.95880889892578,0.36483097076416016,0.2915448248386383,0.580460250377655,0.35785073041915894,0.6054823398590088,0.687810480594635,1.4653645753860474,0.8921335339546204,12.402085304260254,0.7373190522193909,0.8336866497993469,1.022599220275879,0.9884634017944336,0.7373190522193909,0.8336866497993469,0.36483097076416016,0.2915448248386383
